"gene","stat"
"GATD3A",7.5660365209962
"IGLV3-19",5.51210648685014
"OASL",5.15242633232456
"IGHV3-72",4.95117864321924
"IL9R",4.78770123651206
"KRT5",4.74102204327089
"TRBV28",4.59210848591276
"TRBV7-9",4.4458333532269
"ITGA1",4.37869241020173
"TRBV18",4.2769660489534
"TRBV9",4.00370682180568
"LINC01115",3.99720454240952
"TRBV6-6",3.98404718963154
"CD3G",3.78172361251249
"LRRC2",3.77265596505094
"TRAC",3.747054378478
"GNG4",3.7380770355112
"APOBEC3C",3.7194043590998
"IGLV7-43",3.71192584930968
"IGKV2D-30",3.68613050343005
"TMTC4",3.66065089308427
"TRBV12-2",3.63586488060897
"MCM6",3.62094966783848
"GGA2",3.56732333860019
"IGHV3-7",3.55252105206587
"TSPAN2",3.54247293709929
"LINC01943",3.53060835806245
"ASF1A",3.51192818237281
"ITM2A",3.50544190557316
"OSBPL7",3.46700866298287
"IGKV4-1",3.4549174775608
"N4BP1",3.45377280246148
"SLA2",3.44554901312699
"ITPRIPL1",3.37934045295637
"ZBTB32",3.36309129474516
"PPP1R14B",3.33789115240012
"IGHV1-18",3.33601494199552
"TRBV4-1",3.32596352913684
"NECTIN3",3.31996996178307
"IGKV1-6",3.31920215150353
"GCC2",3.30221818725136
"AL445471.1",3.28661450631353
"HSPB8",3.26802022128914
"CDCA7",3.24646851523622
"MXRA7",3.22858268148062
"AC022126.1",3.18443275169885
"GPR25",3.17808814974588
"KIF3A",3.16520708101495
"CCDC134",3.162349663575
"CD2",3.13833572193334
"AC117453.1",3.10418644942688
"GFI1",3.09973318164997
"ZBED2",3.09921043355986
"PHEX",3.07662863958055
"CTSW",3.04200301817517
"PWP2",3.03775557585447
"STAT5A",3.03430712465893
"CLEC2D",3.02960443942529
"ITM2C",3.01919194727784
"CD6",3.01465718350399
"AL359220.1",2.99749841099355
"VPS33B",2.98439717014594
"GRAP2",2.98314163989046
"LINC00158",2.96834101095258
"MXD4",2.96755365690414
"F2R",2.9620581874886
"PSMB8-AS1",2.95799397396151
"SMC3",2.9561417499005
"ARL3",2.93466234384715
"FMO3",2.93443124917719
"PRG4",2.91903727833697
"PMEPA1",2.91493623974784
"CCP110",2.90477077348332
"FAM102A",2.90470902231518
"RBPJ",2.90373695805897
"CHST12",2.88744179558423
"TRBV7-4",2.8864148217039
"IGHV6-1",2.88342303355233
"ERFL",2.87039174153417
"SNCG",2.86599173135534
"ZNF260",2.85980255767209
"SCUBE1",2.85562416356234
"IGHV4-4",2.85287084670721
"TRAT1",2.84213487742071
"TMEM155",2.82470478532723
"ATP8B4",2.81750621600792
"E4F1",2.8173175567082
"FAM160B1",2.81549235653363
"APOBEC3G",2.81302165809057
"C12orf75",2.80489468722508
"IGHV3-73",2.7982986020379
"ZBTB49",2.79393888954857
"TRIM21",2.78786084152287
"IGHV3-43",2.78415164528473
"TRAV12-3",2.78132073572529
"HNRNPLL",2.77921588335016
"AC103702.2",2.76834159691267
"SLC27A2",2.76714437587457
"ITGAE",2.76195987511119
"IGKV3D-20",2.76148069970825
"UBASH3A",2.74826917576232
"CDK6",2.74583238091163
"FAM104A",2.74514422768662
"TRAV14DV4",2.74321315101159
"NBL1",2.73174124047623
"GOLGA8A",2.71086152567134
"CRP",2.70766929661129
"KLHL36",2.70624003568106
"PHGDH",2.69753213907953
"TTPAL",2.69301581832703
"IGKV2-30",2.69235958221925
"IGHV4-34",2.69128579570001
"CD82",2.67062833325192
"MAP3K14",2.66616453980539
"RNF25",2.65922592196013
"SMIM5",2.65549359622028
"CCL21",2.65230550246365
"ZNF766",2.648457793676
"LINC02384",2.64747664147751
"KIF23",2.64612109030779
"C7",2.64510288000293
"SPARCL1",2.63976713031447
"RPP38",2.63460920706144
"CENPF",2.63276572859352
"LINC00649",2.63178970413006
"ZSCAN22",2.63094085402988
"HYOU1",2.62420269035388
"CASZ1",2.61951693697292
"WIPF3",2.61851321865931
"IGKV3-20",2.61613719074877
"ZEB1",2.61086904602317
"PRKCQ",2.60965360251299
"CCDC66",2.6093992517042
"CXCR3",2.60924130655251
"MGP",2.60516450004425
"WDR73",2.60475365416706
"LINC01871",2.60233220547045
"LIN37",2.59309432853064
"SRM",2.591607116317
"E2F1",2.58716462715215
"KCTD17",2.58038055536484
"SCT",2.58037422961424
"ZFYVE28",2.57910590592527
"C11orf98",2.57724752914063
"IGLV2-18",2.56612005358519
"CNIH2",2.55972361969566
"LINC02446",2.55471639018075
"CCSER2",2.55271475725165
"ZNF282",2.54872344414463
"CLSTN3",2.54004413115864
"AFAP1L2",2.53903397110471
"ZNF613",2.53321236969535
"SCYL3",2.53028863948021
"PKIA",2.52621379744933
"SECISBP2L",2.51920943965983
"CARS",2.51245533646211
"IGLV6-57",2.49800693358966
"CCR5",2.49659753726378
"GPR171",2.49228478486901
"DRD4",2.48883317498419
"DDX43",2.47999037721959
"KIAA0753",2.47897391449774
"TRBV23-1",2.47151005204132
"SNRNP27",2.46781557527476
"BIN3",2.46689078846194
"AC004130.2",2.46057986393416
"FANK1",2.45960518005047
"RFTN1",2.4572923875842
"PRR5L",2.45318218721403
"IGLV7-46",2.45151353214139
"LRCH3",2.44981270564125
"MOK",2.44745129778715
"SNAP47",2.446529406702
"UNC45A",2.4460454174805
"RNF121",2.44279655662466
"TNIP3",2.44264555584579
"HNRNPUL2",2.43929095699
"CSTF1",2.43600881180778
"PTPN23",2.43438229343846
"RTF1",2.43174940688048
"APCS",2.43167827638163
"TRMU",2.43132241434234
"LAT",2.42934934977972
"TUT4",2.42656179509581
"TBP",2.42143183934429
"SH2D1A",2.42061678599681
"HKDC1",2.41799712986344
"THEMIS",2.41581669100054
"NFIB",2.4127602331871
"NEPRO",2.40904137266614
"TMEM185A",2.40814705095341
"TNFSF4",2.40737526308827
"TLK1",2.40611024278237
"ACTN4",2.40194185264584
"BARX2",2.40152965311079
"RAB27A",2.40106982138157
"ITGB8",2.39398387583658
"SFXN1",2.39276313263359
"TRBV5-4",2.38750428608035
"DEFB1",2.38457325182882
"MSC",2.38289195122944
"CD8A",2.37919338593993
"AFAP1",2.37550080101164
"TSHZ2",2.37487548818745
"MFSD8",2.37372524266166
"RHBDD2",2.37263918109872
"ADIRF",2.37173159781853
"MED25",2.37053481987535
"CXCR6",2.36977085720397
"C20orf204",2.36654874725313
"BRD7",2.36439684046
"RSBN1L",2.35894537425882
"SDR42E1",2.35693577219509
"CAMK4",2.35289796370642
"CLIC5",2.35161641455035
"KIF3B",2.35103753240729
"MARS",2.35087431568445
"UNKL",2.34790622491406
"POC5",2.34710044893629
"IGKV3-11",2.34596785900115
"BMS1",2.34495365660076
"IKBKE",2.33567919537229
"STAT5B",2.33541685735448
"NAXD",2.33079785460847
"CD96",2.32848702842554
"PIGR",2.32793351128197
"DBH-AS1",2.32756962536708
"TRIM59",2.32246621794203
"DPF2",2.32061977230724
"NEMF",2.3202360885043
"NOTCH2NLC",2.31936279421488
"TRAV21",2.31692140423006
"RAB38",2.31363223045677
"ABCD4",2.31122805506163
"RICTOR",2.30871108079029
"NMB",2.3052368618317
"NIPAL3",2.30520853358788
"SOX5",2.30400980647571
"PPHLN1",2.30049417564459
"IGKV1-17",2.29941446709371
"CPNE7",2.29541259382838
"SDHA",2.29121627181246
"CMIP",2.28589796948726
"RNF34",2.28008682148822
"GCDH",2.27932393856398
"LPIN2",2.27275553154632
"EXOSC1",2.27246105475776
"AKNA",2.26715507823809
"NDUFAF5",2.2662611752739
"TMEM234",2.26529379818294
"ABAT",2.2622048275414
"AL133405.2",2.26162467626457
"TRAV24",2.26037625244512
"CSNK1G1",2.25743755257601
"TESC",2.2565527239199
"S100PBP",2.25320469470519
"TRGV10",2.24919775714251
"CD3D",2.24906059915565
"TRIM37",2.24895017893617
"NAT14",2.24806562284307
"BICDL1",2.24775773450882
"TRBV7-7",2.24459506644259
"PELO",2.23942494952312
"GRAMD1B",2.23914789377736
"LAG3",2.23731728719279
"PDLIM4",2.23554436240271
"ALKBH4",2.23479756641844
"MYO5B",2.23294068227226
"AL137009.1",2.23274871539331
"LYPLA2",2.22859695512023
"IGHV1-3",2.22721675637983
"ZNF567",2.22420604363185
"ZNF510",2.22351927258289
"ZNF28",2.21953151263698
"TYW5",2.21710765480381
"IGHV3-33",2.21483132650579
"ANKRD52",2.21424300222178
"CCNL2",2.21288953784879
"CDC37L1",2.21109781399827
"RGL4",2.2106940495368
"S100A14",2.20795242188373
"GZMB",2.20475619916912
"PTPRS",2.20393280398908
"ASB1",2.203343561233
"ENDOD1",2.19989967232953
"TRBV12-4",2.19860800957278
"TRBC2",2.19732830311062
"DGCR2",2.19134101719805
"C12orf65",2.18871561547782
"MIAT",2.18464810519612
"CAB39",2.1802990984551
"TRGV8",2.18019493795461
"IGLV2-11",2.18007518110864
"PTPRJ",2.17507139688709
"CCAR2",2.1743103240083
"IGHV4-39",2.17279815600769
"AKAP13",2.17255755787324
"ZFP82",2.17019977008941
"HPS6",2.16413666657714
"PEX3",2.16082651781252
"ZNF600",2.15173369898463
"IGKV3OR2-268",2.14981019488658
"YARS",2.14579760002646
"GDE1",2.14546367126603
"ATP2B4",2.14514781913517
"TXNDC15",2.1449285811153
"ANKRD13D",2.14461599273933
"GYG1",2.13744478662058
"SEPTIN7",2.13582591017056
"ITGA2",2.13478820919103
"ZNF688",2.13423625598194
"TTF1",2.1335043149078
"TLK2",2.13283029386151
"STYK1",2.1323732844534
"MUC13",2.13091238581156
"NAP1L4",2.1286674615684
"RFFL",2.12794897641178
"ANKRD49",2.12786691564834
"HSD17B6",2.12507991093319
"IGKV1-9",2.12058143738774
"HACE1",2.12012442951848
"RALA",2.11876157593335
"GEMIN7",2.11500422744042
"TTC26",2.11182995753565
"POP1",2.11177792725709
"CD2BP2",2.11105556310785
"STRIP1",2.1080614610809
"KIAA0513",2.10720238797331
"MOXD1",2.10354507969847
"SUGP1",2.09909919609452
"SDAD1",2.09570900018622
"HEATR1",2.0946971726842
"ANKRD36",2.09461642847894
"LMCD1",2.09431555939053
"TLCD1",2.09189964940467
"PITPNM1",2.09100902079506
"SLF1",2.08989767100717
"ECE1",2.08987802373435
"DCN",2.08736867669307
"SYTL2",2.08724512156352
"ST8SIA1",2.08225457441345
"RAB15",2.08129873317272
"ACTA2",2.07941795103945
"RTL10",2.07840696000815
"MUSTN1",2.07697552076344
"BRD8",2.07298268771162
"CDC14B",2.07151276551184
"CREBZF",2.07069155127105
"FAM76A",2.07050169564466
"TRAV12-2",2.06865351351418
"LAMP5",2.0682379331244
"THYN1",2.0680638395729
"NDUFA3",2.05925113920679
"SLC1A1",2.05894165079065
"SETD4",2.0588105945059
"NSUN5",2.05523821862491
"AC037459.2",2.05401800315754
"CYB561D2",2.05345199920622
"GLMN",2.05315214528824
"IGLV5-45",2.05036900712662
"IGKV3-15",2.0497505238549
"SPTAN1",2.04863337652346
"PEX26",2.0457996354067
"PLPP1",2.04536677781441
"IGFBP5",2.04377781598879
"ZNF564",2.04122278517999
"ITK",2.04053975649593
"CARHSP1",2.03926173202606
"ZNF461",2.0347244299243
"KPNA1",2.0330841917115
"ATG13",2.0323485704233
"SLC7A1",2.0315710603373
"METTL18",2.03023072465562
"U2AF1L5",2.03021965315658
"UPF1",2.03012152861275
"CLDN10",2.02844694505955
"MRPL20-AS1",2.02592691045886
"SPN",2.02489324149585
"SNX9",2.02475950445615
"E2F7",2.02445240921231
"CASP8",2.02444908840799
"ORC5",2.02395368311609
"DEPDC1B",2.02350672839298
"IGHJ6",2.02146767159258
"WRAP73",2.01905704785632
"DDI2",2.01254137271355
"IGLV9-49",2.0118498427111
"RIF1",2.0111177759747
"SGCB",2.01066792844434
"TRAV8-3",2.01061964522141
"KIF20B",2.00998622961491
"FARSA",2.00926660149602
"KLRC1",2.00863126745798
"IGLC1",2.00653082324963
"LINC00665",2.00580092238294
"IZUMO4",2.00333844480986
"KIF21A",2.0002090061445
"GSTA1",1.99904316017222
"ZNF224",1.99606371019202
"LTV1",1.99499447440519
"IGHV1-69D",1.99457415901634
"TM7SF2",1.99388246933737
"LRIG1",1.99188317305372
"IGHG4",1.99044727792258
"XXYLT1-AS2",1.98899994253014
"NCBP3",1.98509470449726
"ZNF79",1.9837655764632
"NHS",1.98124292072013
"SAMD9",1.98102321470177
"FAS",1.98083309377406
"ZNF225",1.98058603058728
"PDXDC1",1.9748405227873
"CBLB",1.97174134089035
"APOL2",1.96656065851895
"AC133644.2",1.96625068354746
"TRIM13",1.96531391988265
"AL096865.1",1.96505937229101
"TFDP1",1.96432980828246
"CLPTM1L",1.9632504118495
"LINC02696",1.9627866639218
"PLEC",1.9615004187906
"PDE4D",1.96084565965126
"PAM",1.96019756555786
"GALNT11",1.95798623203619
"TRBV7-3",1.95616696514505
"XPO4",1.95583579782605
"KIAA0232",1.95440044862038
"KIAA0040",1.95092173421437
"DYRK1B",1.95089912732721
"XPC",1.95053519876141
"ITCH",1.94695628532385
"IWS1",1.94594609592736
"ZNF345",1.94573614200163
"RASGRP1",1.94560666535554
"TAC1",1.9455992089717
"ESS2",1.94428968538579
"FZR1",1.94280727670747
"NUP37",1.94268933315194
"MFSD6",1.94171652070302
"NAA25",1.94142616397939
"PHF19",1.94103434025247
"OTUB1",1.9404739463583
"SBF1",1.93935792385649
"FAM241B",1.93851196528631
"SNAPC5",1.93729858152736
"LIMS2",1.93640674744315
"AC099063.4",1.93619120963082
"MFHAS1",1.93593784673543
"GALNT2",1.93585242849315
"ANKS1B",1.93555095356498
"EXOSC7",1.93316546371246
"ZNRF1",1.93264702221838
"RFC1",1.93228819907086
"R3HCC1L",1.93200692784638
"NACC1",1.93085199901588
"USP20",1.93016280364966
"TRUB2",1.92896972423113
"COMMD2",1.92617252755479
"CTXN1",1.92335948497545
"TRABD",1.92294036559777
"PARD6G",1.92032999527454
"LBR",1.9197813040726
"METTL17",1.91833129767852
"GIMAP5",1.9182763210511
"DCAF15",1.91315600496512
"TRIP13",1.91309803896255
"ZNF226",1.9117924051617
"NSG1",1.91133235095485
"TACO1",1.90846768090361
"WIPF1",1.90815839901668
"CCDC71",1.90561928776501
"SMARCD1",1.90556596634799
"SUMO4",1.90541077179128
"IGHV5-10-1",1.90491655148313
"NAA80",1.90439619820699
"IFI27L1",1.90428444551592
"KLRC3",1.90423557677873
"CCDC127",1.90176564157495
"PHACTR2-AS1",1.90107836833949
"CPTP",1.90085630452694
"SETD2",1.90003254838002
"IFNLR1",1.89954816945826
"LINC02539",1.89942533728157
"IFI27L2",1.89887773338233
"COL1A2",1.89836711849286
"TRGC2",1.89792690086876
"AC253572.1",1.89741102452102
"NR5A2",1.89533199691821
"VPS4B",1.89422463827443
"ZNF155",1.89390361857525
"USP47",1.8938235830356
"ERMN",1.89322846870123
"BTBD6",1.89225718067998
"RAD21",1.89079977278549
"CXorf40B",1.89074180431662
"LDLRAD4",1.89054423358634
"HECTD3",1.89031691034016
"RBBP7",1.88892449237778
"CENPT",1.88871920711486
"FZD6",1.88839224021041
"PTBP2",1.88819825097427
"DAPK2",1.8853139549422
"AP000240.1",1.88453590511882
"MAP1S",1.88224427327858
"FNDC9",1.88210512816128
"IGHV3-64D",1.88147753166823
"MNAT1",1.88061901534257
"CDK7",1.87987979364423
"HTRA2",1.87874882863456
"MYH11",1.87665208073016
"GIGYF1",1.87560239698992
"C2CD4D",1.87448359917674
"MIGA1",1.8736861908499
"ACVR2B",1.87350953962552
"ZNF671",1.8723742011413
"THAP7",1.87038556819338
"ID4",1.8685469158686
"TCAF2",1.8678712786848
"SH2D2A",1.86765736579387
"GPS2",1.86597878349246
"CYB561D1",1.86589850017264
"ETV7",1.8657360145198
"COG1",1.86327779718312
"ZKSCAN1",1.8625998047166
"DNAL1",1.8616481011273
"BBS7",1.86153881745326
"ARMC7",1.86140385140105
"AIM2",1.86071970653789
"GLT1D1",1.85939616887315
"TMEM250",1.85846366537994
"RRP7A",1.85815004991806
"SUPT3H",1.85805938542425
"PIAS4",1.8570563658255
"ANKRD11",1.85629083531345
"CDC123",1.85621612012123
"NVL",1.85466571416442
"CRIP1",1.85388332197998
"SHOC2",1.85364013542802
"SHLD1",1.85333330048184
"TEDC1",1.85156422567658
"IGLV1-51",1.85154168782338
"UBXN4",1.85098895523612
"APOBEC3F",1.8501754406266
"RALGPS1",1.84660166073058
"ICE1",1.84658825143095
"DNAJC21",1.84390512652241
"RNF115",1.84226044665376
"TRBV6-5",1.84146436251285
"SPAG4",1.84142078154113
"SLC9A6",1.84118964151855
"PGM2L1",1.84062142245548
"LMTK3",1.83803356162197
"AC008443.1",1.83751635849292
"DUSP12",1.8372580098743
"RABAC1",1.83694744941105
"GPAT2",1.83691126972808
"CERS5",1.83664318258567
"U2AF1L4",1.83633381924089
"TPR",1.83538561985114
"CEP350",1.83341365048894
"ZNF777",1.83301344586205
"PELP1",1.83282453462435
"CCDC130",1.83274777495593
"SLC6A3",1.83121392045508
"CD8B",1.83118617882082
"JMJD4",1.83044237018468
"PHRF1",1.82938179734047
"TEFM",1.82825161859194
"SRSF11",1.82761951485731
"CSNK1G2",1.82655494462283
"NEDD1",1.82637913316169
"CRIP2",1.82632720217342
"CASP7",1.82545096084659
"TRAV38-2DV8",1.82448300633146
"ZACN",1.823428422216
"CSE1L",1.8232638430514
"MED23",1.8207880627629
"EOMES",1.82069398723767
"VEZT",1.81995508587265
"CEP57",1.81941143600305
"POGLUT2",1.81865260053202
"THRAP3",1.81858260529117
"CDKN2B-AS1",1.81794000727406
"TGDS",1.81770265321117
"D2HGDH",1.81757252606864
"SLC25A46",1.81714634584489
"SNPH",1.81708010536005
"GATA3",1.81651164200959
"TFB1M",1.81506076140395
"ACTL6A",1.81413683496471
"NAE1",1.81406653530107
"IGHV3-20",1.81302440037897
"SPOCK2",1.81149565056067
"ZNF764",1.81141246366494
"PDHB",1.81061917296434
"ZNF217",1.81052570804381
"RAB40B",1.81032770893771
"MRPL36",1.80767824384128
"GBF1",1.80632309201586
"SETMAR",1.80533215608103
"PRDM15",1.80498713657153
"PWP1",1.80491953792585
"ZNF746",1.80450928254181
"TRBV12-3",1.80330661675363
"BUB3",1.79982495962721
"EXOG",1.79977089593929
"SMAD4",1.79966112259377
"NAB1",1.79754386180748
"TAOK2",1.7974594706981
"DKK3",1.79589915089409
"TRIM35",1.79514954288346
"AC022167.3",1.7943844159556
"GEMIN8",1.79428360261554
"AC092902.4",1.79227711893426
"PLCXD2",1.79198344653042
"MYO6",1.79165745872223
"TTC39C-AS1",1.79140872931015
"C4BPA",1.79125867643873
"MINDY3",1.78874276040693
"OBI1",1.7880598485895
"ZGPAT",1.7880336057959
"TRAV3",1.78535516547732
"GARS",1.78506900334486
"GON4L",1.78258125036426
"AL645608.1",1.78165036708566
"NCAPH2",1.78157237400763
"CHPF",1.78134786227153
"RC3H2",1.78017146072653
"CTCF",1.77771659040286
"MED8",1.77462872706144
"IGHV3-53",1.77362103823829
"AC005400.1",1.77324350905774
"CDYL2",1.77233552160744
"TRAV13-1",1.76761981043913
"SEMA4G",1.76660615702226
"GPX7",1.76628086986294
"MCM9",1.76569012910923
"MME",1.76462948663023
"NCDN",1.76372276921907
"AFG3L2",1.76369385248669
"CHRNB1",1.7626736550482
"PDIK1L",1.76236581932504
"MRPL38",1.76160537428535
"EXOSC10",1.76148751775742
"IFT22",1.75919275522107
"MAPK11",1.75814431976395
"GSPT1",1.75761081696258
"USP33",1.75735540319983
"LGR4",1.7570161214071
"CD58",1.75473433244968
"ANKS3",1.75449006386646
"LSM8",1.75400441218066
"MED20",1.75292242826362
"HIST1H2BN",1.75283084862982
"PFDN1",1.7525638260369
"BRF1",1.75232475244374
"MBNL1",1.75209901578093
"SAA1",1.75195069334986
"KLHL2",1.75092277932099
"SLC37A3",1.74919405239908
"GLT8D1",1.74885740037323
"ROMO1",1.74840334250283
"AC105150.1",1.74757940296472
"TRNAU1AP",1.7470696700973
"HARS2",1.7468571449939
"TMEM68",1.74488776018275
"PPP1R14B-AS1",1.74470299339841
"PHIP",1.74307247171952
"LRRN1",1.74296588374103
"HIST1H1C",1.74294353699604
"RITA1",1.74165323921318
"IGHV3-13",1.74113477176746
"DDX46",1.74046516175206
"TMEM223",1.73981796858439
"SART3",1.73647024111253
"MRPL46",1.7363457397686
"PSMB8",1.73491854333809
"FAM193A",1.73387359167474
"OCIAD2",1.73201768320974
"TRBV30",1.73197372896663
"LPCAT3",1.72910047676492
"GNLY",1.7283302341238
"ZFR",1.72820589822657
"TBC1D2B",1.72689732323884
"KIF21B",1.72623131098508
"KLHDC2",1.72605572600476
"RNASEH1",1.72588685169105
"FADD",1.72539226113889
"TBL3",1.72505254848007
"UBOX5",1.72443077085229
"PRSS23",1.72362046468435
"KIAA0556",1.72338790486177
"RHNO1",1.72318116467228
"PBXIP1",1.72309885346494
"ASB8",1.72091176212662
"ZNF146",1.71907096640671
"KPNA5",1.7189944442533
"PET100",1.71873062471289
"SUV39H1",1.71825867716535
"TNS4",1.71668997390696
"KIF3C",1.71633966686768
"TXNDC9",1.71583274660167
"ZNF48",1.71414877094766
"LRMP",1.71346505216521
"METTL3",1.7134166656435
"STX2",1.71318303076507
"EVC",1.71296160411772
"ARFGAP2",1.71205001929328
"UBE2E3",1.71177834524587
"WDR18",1.71142994271827
"HECTD2",1.70981454385893
"ZNF142",1.70911234855017
"ZNF816",1.70806009894228
"PIGT",1.7069721745107
"PYCR3",1.70678551387627
"SPTBN1",1.70647853451535
"PPP2R5B",1.70625959082949
"MTERF3",1.70559143602609
"RABEP2",1.70395124306836
"SLC7A6OS",1.703365107499
"ZNF571-AS1",1.70233222783248
"S100A16",1.70148074571003
"ORAI2",1.7009219393737
"VPS72",1.69964835212544
"PHLDA3",1.69902836817936
"MSH2",1.6984339731648
"GAB3",1.69763408026547
"CTC1",1.69620308876231
"SH3BP5L",1.69609242410502
"TSHR",1.69514696648797
"CCDC28A",1.69448509281281
"CRYM",1.69316317349212
"FAM136A",1.69196307274271
"VKORC1L1",1.69047027338746
"ATMIN",1.69023700708698
"AC021188.1",1.68916850711317
"EXOSC3",1.68882905656573
"MADCAM1",1.68850982486055
"PEX11B",1.68824556318702
"MED7",1.6875972398731
"MRPL58",1.68735607740107
"TMPRSS3",1.68591330246367
"DDHD2",1.68564906170231
"ZNF180",1.68501643367859
"FAM118B",1.68446413957911
"INO80",1.68392724391313
"MED27",1.68370225435779
"FAM107B",1.68314209097673
"LRR1",1.68313041371553
"ILKAP",1.68268485349543
"BTRC",1.6802749977336
"ZC3H13",1.6783905994775
"SYCP2",1.67531797877645
"ARFGAP1",1.67447348709205
"TRAV6",1.67412061325999
"FAM193B",1.67284264666441
"GOLGA5",1.67245993756602
"TIGIT",1.67245421668345
"FAM24B",1.67234215843011
"DCLRE1C",1.67178766488632
"NR2C2AP",1.67053327576846
"TMEM43",1.67034389484993
"POLR3F",1.67012285816325
"AHI1",1.67004124145363
"IGKC",1.66985680618447
"PTPRC",1.66976000042413
"POLD3",1.6696982745239
"ABCG1",1.66962359459683
"ZEB2",1.66874897691864
"CCDC12",1.66809679994143
"ERICD",1.66801443932355
"B3GLCT",1.66787075719794
"MRPL19",1.66671550538095
"ZCCHC18",1.66362570927475
"ZNF37A",1.66291400500909
"BMP8A",1.66090294809878
"NOP14-AS1",1.66000338538102
"GCN1",1.65994089305503
"GIMAP4",1.65976380219347
"EAPP",1.65969438948172
"TRBV4-2",1.65810422319312
"GPATCH2",1.65778259682312
"ATXN1",1.65727168278745
"KMT2B",1.65678694147319
"NPHP1",1.65571207603338
"AP1M1",1.65483649553294
"PSMD5",1.65425835235147
"KMT2A",1.65385267983124
"SARNP",1.65275113639345
"SIRT7",1.65199260044498
"ABRAXAS2",1.65095636991667
"THOC5",1.65072585339436
"NME7",1.64880813176246
"RUFY2",1.64849766571809
"ARHGAP30",1.64840543268771
"CHD8",1.6483273848291
"HIST1H4C",1.64785989632908
"SLC38A9",1.64664286600256
"C17orf80",1.64560351092865
"LRRC8C",1.64469809249953
"UBE2M",1.64373789117893
"TRAV13-2",1.64357666499787
"LRRC42",1.64221886192215
"GTF2E2",1.6420340581207
"MEAF6",1.64089988807585
"PROSER3",1.6403356966623
"ADAM19",1.6400256162462
"ZNF148",1.63945771110485
"ASH1L",1.63937011855174
"ZSCAN32",1.63931677121955
"PANK4",1.63930072073171
"SUDS3",1.63902207814714
"ZNF212",1.63867853694802
"ZDHHC13",1.6383429011884
"JPT2",1.63771475688262
"OGA",1.63770271388475
"ZNF709",1.63729459868719
"ARNTL",1.63604177806307
"EVC2",1.63583271531662
"BTN2A1",1.63550998882543
"NSMCE4A",1.63538429634877
"OVCH1-AS1",1.6353842831615
"C4orf48",1.63493570271314
"EXTL3",1.63319659329357
"TTC33",1.63249949483918
"RELCH",1.63224077059124
"ZSCAN2",1.63201480709973
"RPUSD3",1.63170204066259
"ZNF8",1.63136473213311
"CEP135",1.63135105808046
"CYTOR",1.63121512946154
"PPP3CC",1.63109716684275
"C1orf50",1.63041803354618
"RLN1",1.62998953785245
"ACD",1.62897124657273
"PSMA1",1.62731965328888
"AKAP5",1.62714577051264
"ZNF230",1.62696807048065
"DHX16",1.62694406068856
"BUB1B",1.62619685296001
"CXCL13",1.62600834817536
"IL26",1.62531412278949
"ARHGEF7",1.62509934163876
"TTC31",1.62367395718903
"WDR19",1.62366053287612
"TBC1D10B",1.62314160736062
"BRD3",1.62224571753721
"DNAJC30",1.62221813977637
"CDKN2A",1.62194014281873
"TRIT1",1.62178221159237
"DNAJC9",1.62163334703504
"SPATA13",1.62117392031161
"SV2A",1.62076439259139
"EZH1",1.62071859586411
"CHMP1A",1.6196308680379
"INTS5",1.61950619735173
"ABCB1",1.61944232973849
"PPP1R8",1.61907241871499
"LPAR2",1.61890309370081
"CWF19L1",1.61879376455612
"IL3RA",1.61768233319063
"COL4A1",1.61658039491555
"AC005392.2",1.6165210163366
"CRIM1",1.61642751359542
"OPTN",1.61642179910124
"KIAA1586",1.61597688966374
"UBE2T",1.61566140902385
"TRBV11-1",1.61377947952381
"ASPM",1.61310966522595
"ARPP19",1.61302922128434
"NPDC1",1.61302861991541
"PPDPF",1.61176425763326
"CENPV",1.61083269911474
"PSMC3IP",1.61013772081718
"MMAA",1.60989672445218
"AC108047.1",1.60953062753991
"CAMK2N1",1.60947786036844
"GPC1",1.60947600858552
"UTP6",1.60862380097114
"PSMG4",1.60854568001795
"BOD1L1",1.60846773693183
"MZT2A",1.60802274775209
"PEX14",1.60794874580152
"APOBEC3B",1.60703073653998
"LSM10",1.60604589075081
"JAM2",1.60596760381364
"SEL1L",1.60529577528349
"TMEM186",1.60518611502152
"NT5DC2",1.60514737059617
"YIPF3",1.6049884415065
"NDUFAF6",1.60495385254916
"THAP3",1.60440727846408
"ENOSF1",1.60436671375694
"CEP295",1.60392769900929
"DVL3",1.60389030168037
"RAB11FIP4",1.60219437803834
"MTR",1.60186636800164
"PRSS21",1.60183426195249
"NSD2",1.6016158655686
"SLC35A3",1.601548274674
"OTUD4",1.6010422756514
"CYTIP",1.60082405700783
"ZNF655",1.59966851187157
"CBX6",1.5996411107361
"TRBV5-5",1.59829503325277
"ZNF790",1.59743589417442
"LINC00294",1.59718499830315
"ESCO1",1.59654323423711
"ATG5",1.59592699429907
"NDC80",1.59546170833691
"TBC1D13",1.59393191264025
"ZNF416",1.59356704221298
"CBWD1",1.59352825185414
"PREX1",1.59291827394706
"TTC4",1.592665604696
"ZNF880",1.59192747450554
"TTC39A",1.59076704401802
"LRRN3",1.5907081347925
"PGLYRP2",1.5896975944945
"PYGO2",1.58954754505576
"KLF13",1.58935395059528
"ABCF3",1.58862083389022
"PTPRA",1.58804498244979
"AC022916.1",1.58795050943078
"KMT2E",1.58674908142359
"SELPLG",1.5867164761585
"SCAF1",1.58661304351227
"AC006504.5",1.58577162856702
"PREP",1.58566276734555
"MITD1",1.5852573616598
"PDE3B",1.58438137349595
"CENPS",1.58390625626748
"WIPI1",1.58318651463963
"MIEF1",1.58232634687621
"ZFP14",1.58208962891972
"SOD3",1.58194085251597
"TIAM2",1.58170463168643
"AC093323.1",1.58108215947961
"UGT1A4",1.58104851547726
"HMGXB4",1.58099111102788
"SUSD3",1.58063832961129
"AC021028.1",1.58039673346889
"COQ3",1.57987730253085
"BRD9",1.57709219648516
"RIPK1",1.57705529867042
"CNMD",1.5768435407253
"SCMH1",1.57645913561506
"PRKY",1.57523265379462
"CAPN10",1.57505720524147
"AC012464.2",1.57500536879768
"VPS37A",1.57492354364334
"HLA-B",1.57402386589104
"FAM53B",1.57217964590364
"SRRD",1.57217921941365
"TRAV20",1.57211494189561
"SURF2",1.57135344402905
"IGLV3-21",1.57095591043102
"ATP9A",1.57060614830347
"CIB1",1.57020739591456
"UBR4",1.56997683336847
"ARHGAP1",1.56900836244601
"RBM26",1.56824384377134
"WHRN",1.56763967409635
"TSPAN14",1.56750498426747
"NINL",1.56705965004404
"MED9",1.5666609557239
"RB1CC1",1.56653854242142
"PDF",1.5664481509279
"SEPHS1",1.56567904525904
"HOXB4",1.56502087551479
"TRBV25-1",1.56488640053639
"KLRC2",1.56358944218625
"CSPP1",1.56334382916332
"CDK11A",1.56300162037146
"U2SURP",1.56298697367274
"ERMP1",1.56061237546183
"KATNBL1",1.56028965853776
"PSAT1",1.55964051574286
"PPIL2",1.55871425586607
"MRPL22",1.55823294416211
"POLE2",1.55792400970016
"PLXNA4",1.55786719010929
"HEATR5A",1.5573128374711
"AOX1",1.55649800036172
"GZMH",1.55622523024347
"TMEM121",1.55584887784867
"VRK3",1.55539938453283
"GRK5",1.55538300347319
"PVRIG",1.55515240635364
"BRD3OS",1.55482174904874
"FUT4",1.55450866094649
"NME6",1.55365029097995
"ZNF18",1.55357573360635
"ZNF236",1.55298412311603
"SYNGR3",1.55180381264014
"IL33",1.551452889779
"HIST1H3C",1.55139722134364
"MIER1",1.54909510180732
"MTG2",1.54850073053433
"PSMD13",1.54717172107668
"UBXN7",1.54685438359927
"TRIP4",1.54649951031373
"SLFN5",1.54632855815514
"LINC00342",1.54629065635127
"FURIN",1.54527989040694
"TMEM140",1.5446044949316
"RBM27",1.54455029184042
"HMGB2",1.54449046232514
"DDX23",1.54421378920994
"PCED1B",1.54341385146854
"DICER1",1.54333493192248
"SPSB3",1.54286834935434
"ZNF154",1.54197096908352
"HSD11B1",1.54124998547451
"LMO4",1.54117225477936
"MYL9",1.54076029436166
"IGFBP4",1.5405301970245
"DENND10",1.54043343814025
"DAAM1",1.54026878805094
"C11orf49",1.53805694658196
"ZDHHC6",1.53805132527746
"AKR7A3",1.53756589816657
"ZNF419",1.53659421330239
"KLHL20",1.53624543899634
"TTLL4",1.53566232219407
"SAYSD1",1.53561706018946
"ACAD8",1.53520789115121
"ANKLE2",1.53515829970592
"BRWD1",1.53487927867177
"TUSC2",1.53414995083085
"FAM167A",1.53365058489144
"HDHD3",1.53335620853811
"KRT86",1.53297846936184
"ZNF526",1.53258628103686
"BLMH",1.53258335084334
"DMTF1",1.53217171236391
"CCR2",1.53209218392164
"AC007878.1",1.53151738631157
"MSMO1",1.5314414798907
"C15orf40",1.53101581399519
"KIF18A",1.53068338812695
"AC007952.4",1.530199635781
"ETS1",1.52990911762191
"FAM219B",1.52976236851904
"SETDB1",1.5297143791377
"ZC3H12D",1.52779837468956
"RAD54L2",1.52773741169218
"C8orf76",1.52757806848027
"HSPG2",1.52710374517116
"L1CAM",1.52685887996372
"TAOK1",1.5262281283837
"DDX56",1.52385597051874
"ARNTL2",1.52319773239174
"NCS1",1.52277984804554
"FBXO42",1.52217988496439
"RO60",1.52210816105326
"HIST1H3B",1.52124608570595
"ECSCR",1.52120400438173
"RPAP2",1.52083800781747
"BX088651.4",1.51937496147419
"KCNK12",1.51901346979516
"TTLL7",1.51896727620575
"DIDO1",1.51894586957016
"FANCF",1.51864537175923
"MRPL2",1.51844358772662
"TRPC4AP",1.51794691295909
"HIST1H4F",1.51776543823782
"SIK3",1.51766428862814
"ZNF639",1.51754113452603
"WDR35",1.51634103489469
"SAP30BP",1.51630777688996
"POLR2J2",1.51581181839016
"SCFD1",1.51530675419499
"TULP3",1.51479576559041
"FAIM",1.51476478700647
"INPP5F",1.51424778275394
"BARD1",1.51390648377172
"MREG",1.51377846617482
"CYTH2",1.51345076439458
"DDX42",1.51231641858488
"AC006001.2",1.51081974192446
"EIF4G1",1.51065618457786
"DGCR8",1.5103207058758
"SASS6",1.50989560576388
"NTRK2",1.50961612208543
"PIN1",1.50955481874803
"CLPX",1.50886597774525
"EIF2B4",1.50844588341627
"ARL16",1.508140521628
"TRBV13",1.50799297403098
"ST3GAL5",1.50764914592591
"AC127502.2",1.50678141041413
"GPR68",1.50654583896905
"TRAV23DV6",1.50638822689388
"IFNAR2",1.50551767477516
"PBX4",1.50543129588595
"MCOLN2",1.50514967788549
"SAMD3",1.50503075830369
"KDM5B",1.50433581465954
"TMTC3",1.50397079600044
"PTMS",1.50243495555067
"PLPP2",1.50234252289897
"PSMD7",1.5022380648167
"KSR1",1.50187371297579
"ANO9",1.50110768051945
"KIF24",1.50047055660616
"REXO2",1.49952959401697
"TGS1",1.49895453584938
"FAM126B",1.4985205701262
"IL2RG",1.49821215493837
"CNPY2",1.4979963708452
"TNFRSF25",1.4971038082181
"C12orf43",1.49680067816572
"CDK9",1.49649408022952
"GIMAP7",1.49519878470904
"TNFAIP1",1.49471982917268
"ORAI1",1.49423872180726
"MRPS14",1.49314208363263
"TBCD",1.49231175722284
"RPUSD1",1.4921051133415
"STK24",1.49085741700475
"RBM17",1.49071943645324
"USP10",1.49060973812636
"AGO2",1.49022270621291
"TIMM29",1.48996049028373
"PINK1",1.48953312391629
"MACO1",1.48925040933454
"RALGDS",1.48829126041801
"LGALS8",1.48828670486248
"ARL6",1.48821261313148
"GRAMD1C",1.48815557155954
"IGF2",1.48748398672995
"TAF3",1.48724741700385
"COQ9",1.48720845298551
"PLEKHN1",1.48709372850265
"MARCH7",1.48697031226179
"LRRC47",1.48635758424768
"ECI2",1.48609356495938
"DSTYK",1.48558767680333
"CKAP5",1.48536543146141
"AL157402.2",1.48533293644986
"ARHGAP9",1.48526838960084
"KDM3B",1.48500295030158
"HDGF",1.48468212602498
"CIR1",1.48450793757669
"SHFL",1.48289681126225
"GRWD1",1.48287738284812
"DAPK3",1.48217228250591
"RASSF8",1.48117011336018
"KATNAL1",1.48112708580945
"NIPBL",1.48097293152432
"ARHGEF28",1.4804105584583
"YIPF5",1.48009457708797
"PPIL1",1.47800666709998
"ARPC1A",1.47763340924266
"AP4M1",1.47697486489021
"UGT2B15",1.47688963116069
"EIF5B",1.47684718190971
"ZNF398",1.4768296477112
"POLR3A",1.47645700377953
"CNTRL",1.47594654462164
"ZBTB41",1.47574349000103
"CUTC",1.47528546993909
"EIF2S2",1.4752033486551
"KIF22",1.47384625756585
"TRAF3",1.47326796074825
"EIF2AK1",1.47270557361184
"ZNF875",1.47243326842056
"PDXP",1.4720064758613
"TIAM1",1.47198360504318
"RUNX2",1.471092375114
"PIGC",1.4708473821845
"C17orf97",1.47071076101447
"NDFIP2",1.4707006194137
"EIF3J",1.47023342585729
"RAB3GAP2",1.46991421761767
"HLA-A",1.46963186371388
"RRP36",1.46924728557671
"ARMC8",1.46875096771923
"PPP1R21",1.46849980235171
"PKD2",1.46778673539139
"ODF2",1.46694115921443
"CCDC82",1.46685384020819
"DDX1",1.46633842979483
"TRAF3IP3",1.46599504170479
"UPF3A",1.46593217742065
"LCMT1",1.46591668200526
"FBXO31",1.46568109950737
"TRAV5",1.46534120812013
"PPM1G",1.46484249042929
"C5orf24",1.46468968315544
"ADGRG5",1.46376762824894
"GAN",1.46310261682093
"PSMA5",1.46283022708345
"FGD3",1.46254429501536
"BMT2",1.46212459979308
"PDCD1",1.46209123025714
"CCPG1",1.46093855077965
"ZNF615",1.46067008788769
"C1orf198",1.46065244110739
"MTG1",1.45960144839385
"WEE1",1.45948469806073
"PUDP",1.4591208029057
"CDC7",1.45890533516352
"AP002505.3",1.45888218150252
"POLR2I",1.45877833594267
"WDR48",1.45839980201416
"RTCB",1.45753728798044
"COX20",1.45724110735146
"NDUFS3",1.45675760282896
"LINS1",1.45667441837364
"TAP1",1.45578679716191
"CHD4",1.45528955658931
"GIPC1",1.45523790010917
"TMUB2",1.45470518099069
"ZNF181",1.45402304202115
"DUSP11",1.4532768648795
"TTC24",1.4526992933362
"IKZF3",1.45219440915794
"ZNF140",1.45127051621995
"PCYT2",1.45107471720928
"PBRM1",1.45082698709342
"FBXO7",1.45019354721156
"BDP1",1.44981991856132
"SEC11C",1.44956673232344
"DKC1",1.44953032532003
"AC243829.4",1.44925490400166
"RSF1",1.4489679280608
"NKAPD1",1.44855288614767
"WDR5",1.4480508924696
"ZNF497",1.44782242898927
"PDPR",1.44736191826645
"LANCL1",1.44685772156012
"NELL2",1.44596172400824
"BRMS1",1.44560055405419
"TCP11L1",1.44548075670226
"LMAN1",1.44516908592738
"ST6GALNAC4",1.44428709400952
"C14orf28",1.44325053772233
"MED4",1.44300376675663
"GMPPB",1.44295391095996
"ZNF444",1.44224611001664
"TRAPPC13",1.44218524560612
"PRPF3",1.44193169289867
"PPP1R16B",1.44137106588048
"C1orf35",1.44112608359115
"ZRANB2",1.44104466701858
"SMUG1",1.44041582172336
"REEP5",1.44026403247898
"PSMC2",1.43973825971545
"GIPR",1.43967814797774
"CDC42SE2",1.43864706760152
"CASP6",1.43858656348188
"TTC39C",1.43808025212052
"NUP205",1.43804501302823
"LINC00662",1.43743682362884
"TCAF2C",1.43680198655833
"TAX1BP1",1.43644290222502
"STOX1",1.43532141935387
"MBIP",1.43509582902347
"RGS13",1.43417449088254
"XPA",1.43363614775827
"ENDOG",1.43278068570124
"HIST1H1E",1.43259515609849
"RARS",1.43242179702706
"MRPS18A",1.43224522673896
"RPS6KA3",1.43197566164235
"FXYD2",1.43186544233814
"UBE2Z",1.43092753607408
"SIRT2",1.4304365847528
"MIGA2",1.43021995269572
"LYST",1.43001385212422
"PTPMT1",1.42986774669757
"HABP4",1.42917717200809
"PDCD10",1.42839076828939
"LIN9",1.42834770116517
"AC073111.4",1.42833112918001
"BLOC1S2",1.42832371750795
"SARDH",1.42828965113455
"SRRM1",1.42826270800767
"ZNF483",1.42817183731795
"KIAA0319L",1.42809739692618
"PPP1R3D",1.42806369173226
"DAZAP1",1.42786942886623
"FEN1",1.42785466384897
"SLC1A4",1.42750600444735
"CNPY4",1.42687058230999
"C18orf54",1.42684058908146
"PGP",1.42646175650277
"FIP1L1",1.42638660606686
"RNF40",1.42627771277037
"TRIM11",1.42620873445528
"MEN1",1.42607100346788
"TMEM165",1.42530015480779
"DTX1",1.42504589610283
"NLRP2",1.42411047474953
"LRRC14",1.42225056363243
"CCNDBP1",1.42212332361565
"TUBGCP5",1.4220982451237
"ECEL1",1.4219188148361
"AP003472.1",1.42151366613793
"SDC1",1.42138708067292
"MUL1",1.42096663361397
"TRAV18",1.42040057027482
"GLG1",1.41865977453193
"DOLK",1.41842667490438
"PDLIM3",1.41809480850984
"TDP2",1.41790203661335
"SH3GLB1",1.41709126599957
"C16orf87",1.41683162531394
"LRPAP1",1.41652379746655
"PDCL",1.41423057337506
"NFYB",1.41420066204843
"SF3B2",1.41319096042892
"HIST1H2AJ",1.41265801454463
"GCLM",1.41194938371382
"TRBV7-2",1.41147386229191
"BLCAP",1.41092046052847
"LRWD1",1.41066897948505
"WDR6",1.41034467411071
"SLC52A2",1.4102622417495
"PNKP",1.40967090681783
"TMEM245",1.4093984802047
"BATF",1.40872328659974
"NR2C2",1.40852461556154
"RGP1",1.40822394744177
"PTRH1",1.40821329819187
"PTCRA",1.40820662191578
"GCHFR",1.40776984207626
"APOLD1",1.40770758337274
"RNF31",1.40757004442619
"INSYN2A",1.40728765237544
"IK",1.4071279971706
"BAZ1B",1.407035173731
"POLR2J3",1.40701747929695
"EXO5",1.40659734103336
"SEPTIN11",1.40646507228517
"BSDC1",1.40643158999749
"AKAP9",1.40610203303256
"KRT7",1.40608556956929
"NXN",1.40584122654855
"ANKRD36B",1.40576893553631
"PHF11",1.40558622052399
"TMEM203",1.40451988772506
"TPM1",1.40441373443389
"ELP2",1.40408984225431
"GPANK1",1.40382049339857
"SF3B3",1.40381178531976
"FBXW2",1.40374669119458
"USP1",1.40366241083174
"DYNC1LI2",1.40364936584044
"DHX30",1.4036000335311
"GSKIP",1.40349723409856
"AC090114.2",1.40327476519676
"LIMD2",1.40307649229343
"METTL23",1.40176336255496
"ETAA1",1.4013254215282
"ZSCAN16",1.40093846745723
"KPNA6",1.4009214737957
"PCGF6",1.40045384314193
"KCTD7",1.39910832137866
"IGKV3D-15",1.39848943022952
"AQP1",1.39832748572253
"GAREM2",1.39820711696523
"MLLT3",1.39805088336998
"AL135818.1",1.39771577885262
"NPLOC4",1.39708922650226
"TMEM138",1.39673080659177
"SNRPA1",1.39621978460724
"CHMP6",1.3959886198928
"ZMAT2",1.39477068558659
"NDUFAF8",1.39438405372578
"CYP20A1",1.39410833721802
"ZSWIM8",1.39322280415303
"YAE1",1.39315308300014
"HACD1",1.39299185777587
"OGFOD1",1.39256758168927
"GPAT4",1.39246602738333
"MANF",1.39240451999303
"BLOC1S5",1.39186036121857
"ABT1",1.39051720965505
"KDM5D",1.39040444272942
"ZNF747",1.39006478969803
"TRAV19",1.3897299702555
"IGHM",1.38945910021208
"SLC16A11",1.38913693665937
"SCAMP3",1.3890323251455
"DCUN1D5",1.3890139630503
"IL13",1.38892556855667
"SEC62",1.38783042654717
"CANT1",1.38759675478695
"SFI1",1.38710292656271
"COL3A1",1.38705736948026
"MORC3",1.38654163322177
"C7orf25",1.38612462508907
"CPOX",1.38591302749023
"USP39",1.38587634759634
"ATG4B",1.3858287962324
"NAT10",1.38556458168567
"UCK1",1.38553115798305
"NRF1",1.38546147263254
"COIL",1.38525432947554
"ETV1",1.38488356180008
"PPP1R12A",1.38458120822663
"ZNF41",1.38439801523649
"DIXDC1",1.38438205650368
"RABEP1",1.38434954841312
"KIF5A",1.38385548069358
"MIF",1.38286615341578
"GOLGA4",1.38217694411317
"WDR74",1.38213543370326
"CSNK1E",1.3821230479413
"GFM1",1.38208656191126
"ELP6",1.38087665269767
"ACTR10",1.38067486097668
"BUB1",1.38055634613719
"SNX4",1.38015622168809
"MTERF1",1.37973809935649
"COPB2",1.37908656836846
"ABHD17A",1.37872595576983
"TAGLN",1.37869048436823
"NAA35",1.37863542202035
"RCAN3",1.37860012448719
"SERAC1",1.37835753585196
"CASP2",1.37786338968019
"TM9SF3",1.37748634255494
"ERLEC1",1.37739078482424
"FYCO1",1.37737950113346
"MED15",1.37624663694144
"TTC9C",1.37596708189512
"RNF26",1.37586119975717
"CBR3",1.37528197499626
"SS18",1.37478396958049
"SELENOO",1.37447344947722
"FBXL8",1.37317236862554
"PLAC9",1.37246050707235
"C6orf47",1.37237573342299
"FBXO21",1.37117125737676
"USP14",1.37108096316868
"CENPJ",1.37074439918325
"PAXIP1",1.37057189857441
"HCN3",1.37050441563443
"RIPK3",1.3703737010243
"ARHGAP11A",1.36991505360614
"ZNF449",1.36960337751245
"GPKOW",1.36897693442028
"TRAPPC2L",1.36852416831906
"AP5M1",1.36831675950431
"ZNF606",1.36801891568629
"TRBV24-1",1.36744860901277
"MAT2B",1.36718849580052
"CSNK2A1",1.36710703460259
"ASB7",1.3668780141273
"GIGYF2",1.36669268816054
"SP2",1.36657859278708
"ZNF513",1.36656132787253
"YWHAQ",1.36652372459429
"GTF3C1",1.36611949600017
"CNIH4",1.36599184262308
"MTF2",1.3658600674574
"SEC24C",1.36555353687953
"BUD13",1.36504539774913
"CUL4A",1.3646688690031
"ZC4H2",1.36423393243453
"CDS2",1.36353863085055
"ZNF420",1.36340279202397
"RANBP3",1.36330613557508
"PTOV1",1.36328909555135
"MRPL41",1.36318719005186
"RAD51-AS1",1.36292974873284
"ZNF500",1.36284822676509
"EHF",1.36275216589469
"PSMA3",1.362399829815
"CHD6",1.36214559529605
"ZNHIT2",1.36120630602784
"NSUN3",1.3603347020931
"GNPTAB",1.3602390854709
"TCL1A",1.36022579615564
"ZNF649",1.35975825458369
"MARK3",1.35952307220106
"USP7",1.35908544348618
"PBDC1",1.35841677071174
"RBM5",1.35837706049315
"KIN",1.35809150651331
"ZSCAN25",1.35771953173668
"ZFYVE1",1.35715123025519
"ZFR2",1.35567272587887
"AC055839.2",1.35523033518507
"CCDC174",1.35445822179904
"AMER1",1.35405938829591
"SARM1",1.3539560129552
"MSC-AS1",1.35347956087743
"ACOX3",1.35296700346353
"ITGA4",1.35282127656694
"RNF145",1.35257614020763
"HARS",1.35185975684784
"SNRNP40",1.3516668478345
"NPTXR",1.35143669080515
"FAF2",1.35121308373808
"KIF5C",1.35111989082023
"DLGAP1-AS1",1.35094321147866
"HMGN4",1.35043150828693
"RPUSD2",1.35008374502629
"FBXO38",1.34991820075092
"MYCBP",1.34986632872102
"CMTM8",1.34981264077718
"ITGA3",1.34917041965819
"NUTM2B-AS1",1.34783847294479
"PGBD1",1.34780403650031
"LSM14A",1.34749595625546
"CDIPT",1.34678412479118
"ZNF346",1.34651080177132
"HSPA12A",1.34649672652356
"ZBTB45",1.34609015238576
"GPR174",1.34596886285703
"IGKV1D-12",1.34581686925252
"PLK4",1.34521190079393
"BAIAP2L1",1.34518309082998
"GMEB1",1.34432981253258
"CCDC168",1.34406856294524
"RCC1L",1.3438468626196
"MAIP1",1.34369486341425
"SEC23A",1.34365049380897
"NUP50",1.34338673595638
"WDCP",1.34272359500258
"TBC1D22B",1.34208140645717
"ANAPC10",1.34132732001472
"SEC22C",1.34052185537657
"SLC20A2",1.33912693383588
"COPG1",1.33911042916445
"H1FX",1.33897880037186
"GTF3C4",1.33892065097129
"DDX19A",1.33853183052743
"GNG2",1.3382289079137
"RDH14",1.33777086161736
"PEX1",1.3369604633067
"MED16",1.33680799826765
"ZNF507",1.33590087517809
"ELMO2",1.33556801473988
"PARL",1.33512363678228
"DNAJC18",1.33457360301143
"CDK5RAP1",1.33444402098858
"AC104461.1",1.33440806475625
"SRGAP3",1.33411935337946
"ACTR5",1.33391442601184
"CKAP2L",1.33343788918999
"SNAPC4",1.33324282925537
"PGM3",1.33267923696368
"PIK3CD",1.33243491290245
"MADD",1.33230110147049
"LEPROTL1",1.33201962306349
"MRPL12",1.33196993880707
"DCUN1D2",1.33177774904501
"KDM4A",1.33157732574301
"IFT52",1.33108857456455
"SPPL2A",1.33055633023184
"NKAP",1.33044610006722
"DDB1",1.33038409992792
"RPS27L",1.32954267059331
"CAV1",1.32830497601972
"MED11",1.32819572321265
"HPD",1.32767224814539
"FSD1L",1.32716259132532
"AC105446.1",1.32641686928774
"NRBP1",1.32619778893449
"HTATIP2",1.32582664673374
"ZNF568",1.32572101410307
"SCRN2",1.32528242708474
"CCDC74A",1.32501609129425
"AGFG1",1.32498019070861
"HRAS",1.32462748416643
"ARMC9",1.32449148002306
"PPP2R2D",1.32390044996717
"MIR4435-2HG",1.32388550572561
"COMMD3",1.32345475171685
"STRIP2",1.32336018194876
"PSMD14",1.32224243440247
"SEC61A2",1.32041237020909
"UFSP1",1.32023151942216
"MARCH9",1.31990498704894
"AKR1C2",1.31858207921083
"ZBTB8OS",1.3183971532956
"LINC02595",1.31838957780535
"ZNF235",1.31835277888683
"PPP1R35",1.31828982466038
"MRPS23",1.31777996186048
"RNF111",1.31771793786397
"C2orf49",1.31764727355279
"C5orf34",1.31763569897256
"ZDHHC16",1.3166948155439
"ADPRHL2",1.31663091770924
"RABGAP1L",1.31617894060521
"AL049840.5",1.31604384801931
"MED18",1.31565864431992
"SREK1IP1",1.31565325487159
"TCF4",1.31444237103928
"NCKAP1",1.31425972063195
"PMF1",1.31424315978736
"PERP",1.31361734676101
"KLHL9",1.31316704035712
"CENPC",1.31304359599527
"AL117379.1",1.31160349957161
"DDB2",1.31113361922977
"TMEM265",1.31091860127617
"DNAJA3",1.31066585133072
"SDF4",1.3102208467322
"NDUFC1",1.30999044504944
"SUPT5H",1.30971411785515
"BCL11B",1.30969108361813
"CIAPIN1",1.30965232572376
"NFRKB",1.30921112938695
"ZNF383",1.30899169241209
"SHCBP1",1.3087400407346
"KIF11",1.30847644667404
"MAP3K4",1.30803013564005
"SCN8A",1.3080206538421
"ZNF264",1.30759388329082
"KCNK5",1.30754453368299
"SSNA1",1.30597037817822
"IFNAR1",1.30545648246533
"IMMP1L",1.30452360948432
"WDR60",1.30439605559335
"ZNF174",1.3042033486866
"KCNN4",1.30418452274757
"IDH3A",1.30412185606199
"PSMD11",1.30409881491584
"AL157394.3",1.30339695164725
"PPP2R3A",1.30305684574881
"CUL5",1.30239990735611
"SCAMP2",1.30232638552283
"GID4",1.30178932912699
"ZFHX2",1.30106987121185
"BBS12",1.30044073512064
"AL139393.3",1.29948441489946
"RNF220",1.29939374434436
"FBLN7",1.29850573432289
"PPP1R37",1.2982239949315
"NFXL1",1.29816572025923
"SPCS2",1.29774991615709
"IGLV4-69",1.29750959387954
"CDC27",1.29720017689089
"THUMPD2",1.29697345852637
"RPS10",1.29660410480364
"SMC4",1.29602838368722
"MKLN1",1.29586747635808
"ASB6",1.29576167515304
"DUSP4",1.29568390225194
"SARS",1.29518177468965
"MYH9",1.29512449104525
"LETM1",1.29430291731846
"CRBN",1.2932066124816
"RNF207",1.29301145997831
"TPPP",1.29220380865909
"PEX2",1.29150403980027
"GLOD4",1.29121193925101
"LAMTOR5",1.29100218730054
"FNBP1",1.29093840955099
"ZFP64",1.29076236573357
"ASPHD2",1.29070228997615
"SERP2",1.29031906473432
"YTHDF1",1.29002737728775
"LINC02812",1.28999620739936
"REV1",1.28986103580147
"E2F4",1.2897495723692
"PPP6R3",1.28947841838103
"ZNF101",1.28933786918403
"NUDT21",1.28893210195584
"MICALL1",1.28888001921573
"UQCC3",1.28824361301122
"PNISR",1.28808168912067
"CHFR",1.28787572204074
"MYB",1.28750068750368
"SPSB1",1.28740954383341
"STXBP4",1.28656708599968
"ELMOD3",1.2864879462296
"ITGB1",1.28634359534551
"DCAF17",1.28629604542082
"ZNF470",1.28614552333593
"TRAV26-1",1.28601472976729
"VEZF1",1.28589137843583
"TRBV10-2",1.28585241363617
"ACSF3",1.28554278009997
"APBB1",1.28528820662848
"WAKMAR2",1.28460159283646
"SSPN",1.28430299121202
"BAK1",1.28390837910007
"AL645933.3",1.28381461757977
"ZNF592",1.28355049017528
"GORASP2",1.28352865261818
"RCAN2",1.28304284314716
"PTOV1-AS2",1.28273839275428
"NDUFS5",1.28257184789765
"INAVA",1.28256027860658
"ARMC1",1.28209372894984
"NHLRC2",1.28177490556518
"RABGAP1",1.28163215743359
"WDR83",1.28161236922567
"COLEC11",1.28114724170195
"TGFBR2",1.28111319153805
"KLRK1",1.28065273357686
"HSDL1",1.28003834110529
"RASAL3",1.27984385260124
"IP6K1",1.2795004440622
"MANEA-DT",1.27913548936618
"FMR1",1.27905885633894
"RAD18",1.27900015930301
"ZNF292",1.27865794227713
"TM9SF1",1.27839718249173
"BAZ2A",1.27803992614512
"HAGH",1.27770810011735
"VANGL1",1.27685539915708
"AC120193.1",1.27672463246845
"PHAX",1.27643142010654
"WAPL",1.2760694342771
"DOP1A",1.27596933479714
"TCTN2",1.27556916397564
"ZC3H3",1.27469518099094
"CTPS1",1.27349270569565
"NXPH4",1.2733879595656
"TRIM27",1.27247861978587
"MBP",1.27190887543243
"MYO7A",1.27175267159065
"LAMB1",1.27159476806081
"MAP7D3",1.27144558123855
"EDC3",1.27112551688462
"MRPL10",1.27075152507146
"DNAL4",1.27010409954174
"USP8",1.26944507889079
"SMG8",1.26904810570431
"PRKX",1.2686838763568
"MRPL57",1.26866261410665
"RANBP6",1.26857814055158
"RRBP1",1.26783624559497
"NDRG4",1.26726823609475
"SLC25A20",1.26704856738106
"CASTOR2",1.26689888834306
"LINC01619",1.26594748813456
"MRPL48",1.26491298347183
"SEC31B",1.26472879643979
"AC016065.1",1.26471076389252
"CYP1B1",1.26454721977197
"DHX29",1.26377910172891
"ESR2",1.26358246064394
"POGK",1.26277556008475
"ATL1",1.26218294659559
"TMEM208",1.26195809543775
"KLHL7",1.26184070894584
"B3GALT4",1.2617285561391
"LRRC40",1.26146283163134
"AC107223.1",1.26086565865505
"CD7",1.26080296687202
"APC",1.26027018886196
"TRAV9-2",1.2601728382402
"CELF1",1.25961520863445
"MTRF1L",1.25939047805088
"OSGEP",1.25893818984688
"CDCA4",1.25874856630277
"LRIG2",1.25842342277829
"CDC5L",1.25816723093952
"GATD1",1.25805434381358
"VPS33A",1.25767821294012
"PRRC2C",1.25743533375662
"FTSJ1",1.25732916409487
"TNIP2",1.25714261975747
"IQCG",1.25661815935174
"TAB3",1.25660494508382
"PDCD2L",1.25640085119792
"AC005332.4",1.25622848785517
"COPRS",1.25610503889885
"SPOUT1",1.25601762225187
"TSFM",1.25521990798681
"GIMAP6",1.25418117489867
"AC090948.4",1.25385533217172
"CCNA2",1.25304011444564
"DEXI",1.2527404129903
"ABLIM1",1.25240644406197
"TPRG1L",1.25169326242253
"AC007390.2",1.25123872250392
"ODF2L",1.25094361191324
"KCTD9",1.25006028149633
"KCTD13",1.24870063964084
"NBEAL2",1.24809155973218
"UHRF1BP1L",1.24763308145308
"PAK4",1.24672134590317
"NFATC2IP",1.24618351142912
"ZKSCAN4",1.24612738377474
"B9D2",1.24558536843696
"RET",1.24555198568832
"TCOF1",1.24546356934939
"TP53BP1",1.24468028324738
"LZTS3",1.24420637360275
"C16orf46",1.24412688953549
"EEF1AKMT2",1.24395367506958
"DPH7",1.24370427331494
"NUGGC",1.24362013592507
"AC107068.1",1.2435923501551
"DOK4",1.24307410019683
"ITPR1",1.24302946000905
"C6orf136",1.24296534930263
"DNAJB14",1.24273084439312
"TMEM50A",1.2424947369656
"ADSS",1.2424671790885
"CLASP1",1.24182591788329
"ZNF335",1.24141742255353
"DPF3",1.24114388745874
"KEAP1",1.24058203931337
"LILRA4",1.24032644522778
"POMT1",1.23944503733632
"AL096701.3",1.23940510276839
"PARPBP",1.23926640113425
"SLC22A1",1.23866842527867
"ASNSD1",1.2386538323618
"AL359258.2",1.23853001279693
"CTNNAL1",1.23846909388418
"AP000977.1",1.23793163497696
"FAM117A",1.23780246465872
"ABCB10",1.23769765129702
"EPS15L1",1.23768107927522
"LINC01281",1.23763036012166
"AL355581.1",1.23746346633986
"SLC2A8",1.23719534920109
"CENPM",1.23717400993599
"PI4K2B",1.23699285831456
"HIVEP1",1.23670621067807
"HIPK1",1.23633887467469
"HLA-C",1.23579795718968
"ZXDC",1.23553272044293
"KANSL1",1.23517822728926
"CBY1",1.23442309989675
"RYR2",1.23434576258398
"NCBP1",1.23425588557664
"GFOD2",1.23345557043213
"B3GAT2",1.23339086972852
"UBE2K",1.23279714615989
"EML4",1.23279710293368
"CDV3",1.23267252529406
"SEMA4D",1.2312894359443
"UBL3",1.23118824971898
"PTPRF",1.23105233990513
"PRKRIP1",1.23079162438781
"PSMD1",1.23066527119538
"SLC25A24",1.22955821845994
"ISCA2",1.22926190173837
"DR1",1.22878686159383
"COL6A3",1.22861482979139
"CD200R1",1.22848835613155
"RFC5",1.22825154911505
"FOXD2-AS1",1.22814678955293
"ZNF160",1.22801438380439
"MMS19",1.22801184497042
"EMC2",1.22756950081365
"MRPL9",1.22755313898272
"PACSIN1",1.22737456215408
"TSG101",1.22664691248434
"TCEANC2",1.22642138045536
"PGRMC2",1.22619467771442
"TMEM8A",1.22592079329196
"CREB3L3",1.22591580038906
"REST",1.22576587513411
"ZNF302",1.22507157909781
"AAR2",1.22493881095319
"UIMC1",1.22489975637649
"PIK3CB",1.22483230689825
"PCM1",1.22452583258153
"DNAJC17",1.22402797810275
"ZNF354A",1.2238067398908
"GLIDR",1.22379979235565
"MUS81",1.22377034525561
"FAM50B",1.22353792771299
"RNPS1",1.22307343915902
"TRBC1",1.22306292753168
"CD5",1.22234348203503
"TRMT10B",1.22233938844857
"TRAF6",1.22220456494412
"TRMO",1.22218716779602
"WDFY1",1.22209951235319
"PARP2",1.22185631497162
"SDR39U1",1.22127525149005
"OXCT1",1.22120184191816
"SMIM29",1.22075374009057
"KIAA1143",1.22064626394136
"ZNF765",1.22033827683193
"SELENOS",1.22026150071111
"NAA60",1.21973963985691
"SPECC1L",1.21945618528846
"ADRB1",1.21942468405731
"GOLT1B",1.21897293958874
"LOXL1-AS1",1.2184564541362
"ARID4B",1.21806573533859
"LCK",1.21804913159701
"ZNF624",1.21804669312683
"KIF7",1.21794872462534
"ZMPSTE24",1.21754490138001
"TRGV2",1.21730813686064
"RNF216",1.2170713956978
"C19orf25",1.21697383880731
"CEP89",1.21665883191403
"RUNDC1",1.21661115508635
"AEBP1",1.21633435988341
"KIF27",1.21578561546283
"MRPL49",1.21542083850193
"TRBV5-6",1.21492906693063
"UXS1",1.21313013483551
"LUM",1.21312759122727
"NQO1",1.21278668058481
"ZNF169",1.21263809824761
"AASDHPPT",1.2124867053422
"SREBF2",1.21205520328303
"GTF2I",1.2107496995526
"UPF3B",1.21071019544255
"LINC01229",1.21068027869568
"ECI1",1.21053176045834
"UBE2I",1.21052826581911
"AP2B1",1.20975362006966
"CCM2",1.209739779078
"MTMR8",1.20966650817917
"RDH10",1.20921533251683
"TAB2",1.20908625298709
"PDE9A",1.20901440862792
"ERAL1",1.20895901649492
"PRPF6",1.20866594671345
"CNOT3",1.20826992193096
"TRBV27",1.20814742973334
"EED",1.20806737610311
"NPHP4",1.20786738740243
"DDA1",1.20698734517704
"CCN2",1.20659009315191
"PTPN22",1.20563768750256
"CD274",1.20496000353836
"GUK1",1.2049192075535
"TBRG1",1.20436561505584
"MSRB1",1.20415239270541
"HMGB3",1.20313437845962
"MRPS26",1.20294173433156
"JAG2",1.20264735054339
"NUDT15",1.20130669015867
"ZFPL1",1.20119623214907
"ZNF576",1.2010878052134
"NPIPB12",1.20055428446215
"CABLES2",1.20054959799945
"STAMBPL1",1.20023512278102
"PINX1",1.20004552259084
"SPAG16",1.19936695510564
"CWC25",1.19911962175351
"CEP162",1.19908916551177
"AC092139.1",1.19858081924236
"NLRC3",1.19846850699213
"AL139423.1",1.19724543337036
"TMOD3",1.19702316617584
"CSF2",1.19665941334308
"YDJC",1.19622392011618
"SKA1",1.196033508823
"CUL3",1.19596314828463
"ZNF480",1.19556722227314
"TBC1D19",1.19555838358299
"LINC00659",1.19527498975291
"IFIH1",1.19461794592808
"ARNT",1.19444285829342
"CRTC3",1.19441714849416
"SETD6",1.19414158501812
"DLEU2L",1.1938013061188
"CKB",1.19312477425398
"ZNF354B",1.19237393982525
"N4BP2L2",1.19139987389773
"GAS8",1.1913968811314
"C1orf159",1.19123461689238
"GFM2",1.19056244990715
"NMT2",1.19053111312017
"TSSC4",1.19041017550865
"UTP25",1.19034919811687
"SNW1",1.19002448410296
"GTPBP10",1.18954868721783
"BGN",1.1891857178163
"MAP6D1",1.18911155067464
"TRG-AS1",1.18878466864805
"UBALD1",1.18856864260277
"TNFRSF9",1.18847688059202
"LPXN",1.18828089211082
"HOXB2",1.18827373332417
"IGLV8-61",1.18827319417054
"MZB1",1.18786946008441
"NSFL1C",1.1877931621878
"KRBA1",1.18762731735818
"TNIP1",1.18742865444505
"RBP5",1.18739502591909
"GPR135",1.18710398092121
"BOLA1",1.18690498200893
"TIMM10",1.18682669737147
"ZNRD2",1.18630791502977
"DEGS1",1.18617714051223
"PIGX",1.18544566949307
"TM4SF1",1.1854244074169
"CGGBP1",1.18542346729381
"TRAFD1",1.18515862636371
"SNURF",1.18438143306229
"BX255923.2",1.18384864756397
"SMARCC2",1.18376938718234
"PGGHG",1.18374589183528
"EXOSC9",1.18370016786829
"WIPF2",1.18332363579994
"DPH1",1.18326773969814
"RFX3",1.18301841793421
"TRAV30",1.18291745237954
"TGFB1",1.18286834300886
"DNAJC16",1.1828194139036
"PHF10",1.18279783699403
"TRBV20-1",1.18276433113967
"PUM1",1.18269548692229
"ORMDL2",1.18247815628201
"AC106865.2",1.18203681072467
"AL157373.2",1.18160600517644
"AC091057.2",1.18116586364835
"CNOT11",1.18045822753937
"RNF38",1.18030665719048
"GABPA",1.18029505001963
"MTURN",1.18024374059951
"RTCA-AS1",1.17953393387214
"CNOT8",1.17910406438221
"MFSD10",1.17875206828687
"CCDC137",1.17874452134527
"MFSD14B",1.1786807280566
"MRPL35",1.17859320221778
"AP1G2",1.17849092701187
"CENPB",1.17839715156238
"NDUFS6",1.17827851061299
"TGFBR3L",1.17813313398828
"C9orf78",1.17805025090464
"PLP2",1.17779900219642
"DIABLO",1.17759798949463
"TSR2",1.17721643942038
"ZCCHC8",1.17692963029324
"SRPRA",1.17673034444705
"TNS3",1.17653908312486
"ZNF557",1.17646361471417
"CGRRF1",1.17637406470407
"MIA3",1.17595867565318
"SYCE1L",1.17562027094114
"METTL14",1.17549631038003
"NIBAN1",1.17542791406685
"TFPI2",1.1754049292058
"PHKG2",1.17520969007315
"PRF1",1.17506331914849
"NR3C1",1.17492643575615
"URI1",1.17400002456234
"PUM3",1.17365410427787
"RAD1",1.17323304465757
"DIAPH1",1.17322396637591
"PIGB",1.17302560190026
"QRICH1",1.17292157546854
"ZNF585A",1.17281412215838
"ISCU",1.17248271411861
"ZNF793",1.17246605691212
"EMCN",1.17190558542135
"PRSS35",1.17183272283437
"MED1",1.17174195473253
"AC091564.2",1.17148502851832
"PRRC1",1.17085257533538
"TRAF3IP1",1.17036060643814
"ZNFX1",1.17013990640232
"DHDDS",1.16941940624632
"DNAJC1",1.16821746557041
"TOGARAM2",1.16733534457535
"DLEU2",1.16719449589118
"KNL1",1.16683351790578
"FLAD1",1.16602958330404
"SREK1",1.16593652474058
"PAGR1",1.16588875008006
"SPATA33",1.16558332192791
"ZC3H12C",1.16481380144215
"LINC00265",1.16451707818626
"SLC25A26",1.16430828612282
"HOXC4",1.16417222437887
"MIR9-3HG",1.16387201231792
"TRBV21-1",1.16354349183761
"NNT",1.16327436480991
"STRN",1.16235394446584
"BRD1",1.16232105691055
"RNF181",1.16226826549441
"ALG11",1.16215679793031
"LINC02021",1.16179951719088
"PRPF4B",1.16157702580863
"SUN2",1.1612956823937
"ZNF324",1.16112692762472
"PMPCA",1.16111610368101
"IGKV1-27",1.16098672061386
"LRRC8D",1.16097901199631
"NMT1",1.16044932948884
"SUPT16H",1.16021334440935
"GBP3",1.15981003742595
"COQ4",1.15949102998377
"TRIM28",1.15943203426167
"CLPTM1",1.15924827310276
"SQLE",1.15903234121259
"DDX55",1.15896490435877
"AC092343.1",1.15857229028677
"AC079781.5",1.15832509472901
"FAM184A",1.15785793921824
"GOLGB1",1.15747957013936
"ZNF319",1.15723866907755
"FNBP4",1.15716625139053
"SRPK1",1.1564833829137
"AL356215.1",1.15598898122824
"NCBP2AS2",1.15554896614651
"NAP1L5",1.15531024278816
"ZNF45",1.15494058191988
"ZDHHC11B",1.1548010689574
"MOB2",1.15442153127911
"ARL2BP",1.15428684552335
"NELFCD",1.15354564331792
"ELOVL4",1.15320989247223
"CBX1",1.15314690800964
"COG2",1.15309013470689
"CSTF3",1.15284543812657
"CHST7",1.15256466634937
"LRP8",1.1521251318538
"FYN",1.15187734096453
"PRDM10",1.15126647067163
"PRRG4",1.15071101697428
"RASSF7",1.15069343805583
"GNAS",1.15054865466794
"ACAP3",1.15022039543761
"NUP54",1.15005401065123
"ZNF136",1.14958822986364
"TMEM87A",1.14923475516271
"RMND1",1.14877560758963
"TMA7",1.14865802554094
"ZFPM1",1.14859595833548
"SLC35A2",1.14846619704833
"SURF4",1.14837041019215
"TRIM56",1.14830667406189
"TRAV16",1.1481896887225
"ENO2",1.1467991105714
"HIST1H2AH",1.14602977364729
"C22orf39",1.1456741290244
"TTC14",1.14565230889886
"NPIPB5",1.14557716927118
"GGH",1.14541696675788
"ZFYVE21",1.14488487032973
"DHX35",1.14472434390067
"NFE2L1",1.14441662936178
"ZNF776",1.14416124293372
"TCEA1",1.14397096904748
"FBXW9",1.14381377915484
"DEPDC5",1.14348869722741
"CAMK2N2",1.14331446710003
"MFSD5",1.14284126392222
"TMEM156",1.14276497671197
"MRPL17",1.14242332801875
"SRSF4",1.14238908183666
"SLC39A13",1.14202635995583
"JRK",1.14183366401549
"STAG2",1.14167413154288
"PMPCB",1.14089519902629
"DEPDC1",1.14080337680333
"KMT5B",1.1405542046225
"ZNF589",1.1402339354435
"ANKFY1",1.14018249998832
"USP42",1.14008637934372
"PRKCQ-AS1",1.1396252823597
"SLC32A1",1.13952837199247
"EPRS",1.13934344297122
"RAB3GAP1",1.13873341087894
"ZNF726",1.13864751827134
"APOBEC3H",1.1383089754751
"MFGE8",1.13825009215441
"TMEM237",1.13798038792483
"ZNF680",1.13791644147163
"URGCP",1.13787569376728
"DNAJC24",1.13750856363746
"ZNF12",1.13737930762244
"SEC61A1",1.13715840429059
"RAB14",1.13709309703726
"TADA1",1.13704253659245
"RNF19A",1.13698144237522
"MIS18BP1",1.13692601604403
"RP9",1.1359976740095
"ZER1",1.13525817092383
"SIN3A",1.13516827486192
"NNMT",1.13498361574917
"PRAF2",1.13489858334413
"IMMT",1.13480434471098
"LINC01705",1.13474558022576
"ZNF71",1.13466988362058
"BRF2",1.13454714104293
"HERPUD2",1.13447065866142
"ACTR6",1.13401366352922
"DDX20",1.13346045477703
"COX19",1.13337519482394
"JKAMP",1.13296043926822
"CIAO3",1.1328622588217
"SLK",1.13264497593339
"CDADC1",1.13238014013313
"NEU4",1.1321621776681
"RCE1",1.13181966123846
"IGLV2-8",1.131813375351
"TADA2A",1.13141515518542
"PITRM1",1.13141408539303
"SMOX",1.13140960335047
"ZNF566",1.13044907046953
"MRPL13",1.13039277806455
"DYNLT1",1.13014575686855
"ZNF587",1.13012848196439
"CC2D1A",1.12968735821991
"NOP14",1.12955311176079
"PSMA4",1.12902330210263
"HP1BP3",1.1290051850167
"PSMB2",1.12844591232952
"CTU1",1.12795550560235
"RAB11FIP2",1.12784429038325
"TTK",1.12711559232825
"WDR54",1.12701233742366
"GEMIN2",1.12695670868701
"SLFN12L",1.12688247344549
"DERL3",1.12675401900321
"GPR180",1.12624097496724
"AL137003.1",1.1258765077482
"SLC30A6",1.12567879494698
"MRPS36",1.12554764967778
"ZRSR2",1.12551722082549
"ATP5ME",1.12547489631911
"ZNF75A",1.1250570963951
"TNPO2",1.12504726623949
"THAP12",1.12424237354455
"C11orf68",1.12408171048003
"SLC25A12",1.12351558389476
"TRDV1",1.12337102016687
"PLEKHG1",1.12336392087262
"SHPRH",1.12323553063552
"GTF2A2",1.12321706335617
"TBL1XR1",1.12274736651546
"ACTR8",1.12264022231236
"ZNF343",1.12233019502841
"AC131971.1",1.12231638862944
"ZNF845",1.12208704506945
"IL21R",1.12191303672846
"CCL5",1.12159641521541
"SLC25A14",1.12131235675852
"PMP22",1.12092418930368
"SYNE3",1.12083495991983
"SRP19",1.12059158596845
"TRAV4",1.12051160751444
"AC114730.1",1.12046284244154
"SLMAP",1.12000821049834
"PDCD4",1.11998214749832
"BX890604.2",1.1198163757955
"TMOD2",1.11945443079008
"SMIM12",1.11931975093642
"CCND1",1.11926357117212
"CENPE",1.11912462716665
"FAM102B",1.11905137898763
"DNAAF1",1.11891142087023
"MRPS5",1.11872949169382
"MRFAP1L1",1.11860832843884
"DHX57",1.11821486728601
"RPL7L1",1.11768442402086
"AC026401.3",1.11751090140788
"PSIP1",1.11719033732538
"SGO2",1.11714494376027
"WSB2",1.11552255500663
"DFFA",1.11546368388984
"MAST4",1.11506013789794
"MCRS1",1.11498753704292
"UBE2O",1.11459906371932
"TRBV5-1",1.11433408031543
"SMURF1",1.11379346291722
"MRPS9",1.11366228388044
"DARS2",1.11333756330007
"MAD2L1",1.11292502318927
"MRPL34",1.1127721992632
"GTF2IRD2",1.11223551452374
"ZNF446",1.11197909230773
"ZNF527",1.11169558450307
"NIPA1",1.11151327712594
"ADPRM",1.11141111061871
"TAF15",1.11120070360079
"RPGR",1.11106477754187
"OGFOD2",1.11053123774789
"POLR3B",1.10975350058831
"TEPSIN",1.10907202110339
"PSMC1",1.10851866712078
"FBXO3",1.10851794370042
"TRMT13",1.10834219166579
"EMP2",1.10804892215106
"HEG1",1.10781038309201
"ABCD2",1.10759196583937
"NCAPH",1.10704126066462
"TMF1",1.10674222884251
"ARFGEF1",1.10664808163912
"RAB39B",1.10644300537073
"GTPBP2",1.10625131547417
"KDELR3",1.10590977341017
"CDK12",1.10577107088294
"NKD1",1.10562437293119
"ZNF544",1.10502095004936
"MCM3",1.10489950720053
"CERT1",1.10481187435746
"LYSMD2",1.10350796802217
"RALGAPB",1.10294869868744
"LINC00954",1.10264291735674
"STRN4",1.10093443870748
"MYBL2",1.10046886674732
"UBE4A",1.1004645362734
"UBN1",1.10029073547194
"RASSF6",1.10006746846924
"SNAI3",1.10000086205771
"GALNT1",1.09998704225941
"SFMBT1",1.09992552746818
"MPPE1",1.09984980478401
"AP3S1",1.09945080719629
"PRR34-AS1",1.09884562267512
"HNRNPD",1.09867963747922
"AC025159.1",1.09866854726974
"TCIM",1.09861571793252
"IL21",1.09840168439835
"PHLPP2",1.09741945357471
"KIAA1324",1.09687446028062
"CADPS2",1.09679659831904
"GPATCH8",1.09610048845483
"UBE2D2",1.09576042286021
"RBM10",1.0957198530528
"VCPIP1",1.09571869931045
"PRPF40A",1.09552119466667
"NUF2",1.09549113026832
"MOGS",1.09478851926705
"KIZ",1.0947082358943
"ZNF93",1.09436509113251
"AP001020.2",1.09379830271794
"RABGAP1L-DT",1.09325074940894
"CCNI2",1.09306220386759
"DCP1B",1.09301924291268
"PET117",1.09293656191785
"PSD",1.09263276489368
"ANKRD1",1.09240011129883
"AATF",1.09226797057866
"DMWD",1.09220818898798
"RUNX3",1.09209586951837
"SCYL1",1.09195476020605
"NDUFAB1",1.0916893707533
"CDC23",1.09156446386269
"ZNF202",1.09146238419261
"MMUT",1.0911864680039
"MACC1",1.09092649708466
"ING5",1.09047503483782
"BORA",1.09041894367018
"NDUFA13",1.0903218373227
"DDX10",1.09018716264235
"EPC1",1.09001345260002
"NDUFA6",1.08999745310797
"KLC1",1.08963722767629
"ZNF773",1.08911699504685
"NBPF10",1.0889827258292
"AARS",1.08882655885355
"AK3",1.08836796366756
"VASH1-AS1",1.08801025314786
"ZDHHC3",1.08790681123133
"CYTH1",1.08775916156264
"TTF2",1.0872191732314
"ALYREF",1.08690889156866
"PRPF31",1.08671284710544
"MCM10",1.08670635383611
"ZC3H18",1.08666261346228
"ELOB",1.08655671112614
"LARP6",1.08653153878164
"POLR2D",1.08651802503771
"ZNF785",1.08627095273982
"PIBF1",1.08600810658487
"IL24",1.08517578599803
"SNRPG",1.08508952577445
"ELMO3",1.08488864195617
"AC005083.1",1.08473825398625
"AC083862.2",1.08435345408724
"FAM3C",1.08423951494252
"SCO1",1.0839831637147
"UBE2J2",1.0839652519323
"PLPP5",1.08386399896545
"HIST2H2AC",1.08335377949047
"PSMD9",1.0830336074086
"ALDOB",1.08277524278408
"CDYL",1.08242650427972
"PFKP",1.08230818124794
"PPP6R1",1.0819858611685
"AL138895.1",1.08179377131185
"SYT11",1.0815990052581
"AC009522.1",1.08157253968731
"CENPO",1.08113507883388
"DEDD",1.08111381682966
"VPS18",1.08068337043466
"PANK2",1.08014295898765
"CMAS",1.08006833540052
"ULK1",1.0799461567654
"IQGAP1",1.07990090880796
"NADK2",1.07986122193545
"C11orf95",1.07979862983555
"WNT5A",1.07966478749458
"TNFRSF18",1.07962651740123
"ACTR1A",1.07959707295179
"CSNK2A2",1.07943898920646
"ETV6",1.07937616498331
"CEP104",1.07937454567024
"CMTM7",1.07927114233193
"ZC3H7A",1.07917228971294
"PYROXD1",1.07903392843916
"LINC02361",1.0789444913349
"EFTUD2",1.07882105359737
"SRCAP",1.0788055055292
"LSG1",1.07871502166898
"POLK",1.07849641599089
"PSMC3",1.07801925991827
"SNRPN",1.07797089815444
"CCDC7",1.07780596427019
"BBS1",1.07734378572848
"DNAJC2",1.07704280472708
"RDX",1.0769730676748
"TOX2",1.07667707868578
"SFXN2",1.0765370626965
"C11orf80",1.07644207530119
"NPC1",1.07623197819979
"USP25",1.07617686480252
"KIAA1211L",1.0761498925077
"DRG1",1.07556303031589
"DOCK9",1.07533875122219
"STUB1",1.0751781808068
"PPFIA1",1.0750876919471
"HIST1H1D",1.07463580263753
"C21orf91",1.07427844730138
"IGHV4-61",1.07423098126632
"MRPS2",1.07336703790992
"SEPTIN2",1.07301705566615
"PIGL",1.07294243048498
"TNRC6A",1.07217784218654
"JRKL",1.07213823130545
"RPP21",1.07189352945081
"SLC7A6",1.07174863351668
"TTLL12",1.07070166865076
"FOXK1",1.0705911355113
"UBL5",1.07050322114222
"DRGX",1.07033098747264
"SKA2",1.07001597398295
"NCMAP",1.06973784431223
"RMC1",1.06958947347724
"TMEM222",1.06950326200944
"EMC6",1.06944525723857
"RBSN",1.06878213217893
"TPX2",1.06846466298986
"GRK6",1.06828803577458
"CCDC92",1.06824600069127
"Z82206.1",1.06810137272456
"ALG5",1.06742430245566
"RHBDF2",1.06730999626493
"SPRYD3",1.06688382890442
"PGAM1",1.06673456913409
"CHODL",1.06671880185763
"BCLAF1",1.06663419524568
"PKN3",1.06650902605227
"MIEF2",1.06610077778315
"ANAPC5",1.06590829800288
"FAM167B",1.06581047261178
"DLST",1.06543261074152
"CEP97",1.0653143268709
"WNT9A",1.06508891731787
"TRBJ2-1",1.06486746820283
"XRN1",1.06472001857782
"IGHV3-48",1.06471263364447
"SRSF10",1.06419512911733
"ZNF749",1.06413712281041
"CXXC1",1.06406828837785
"COX14",1.06385372693758
"POLR2J",1.06362669942638
"SRP68",1.06327660601557
"LTO1",1.06239797530521
"EZH2",1.06162763924378
"AC083837.1",1.06162609317668
"CHPF2",1.06155918601278
"TBC1D20",1.06145434340343
"ELAC1",1.06140680754182
"ZNF134",1.06124982319122
"AL122035.1",1.0611866953638
"EDEM3",1.0608117577042
"LRRC26",1.06057662945091
"SLC27A4",1.06052126252235
"IL4R",1.06033884264697
"CHCHD1",1.06025257329179
"USP24",1.06024180195308
"HIST1H3I",1.0600028984239
"COLGALT2",1.0595566184355
"ARID4A",1.05920540806354
"LRRC34",1.05899064497695
"IGLC2",1.05882458274096
"MAL",1.05763619272781
"PLRG1",1.0575512275134
"TASOR2",1.05731021914987
"SCAND1",1.05717578927571
"MED13",1.05692487445743
"ELOA",1.05668262489449
"MRPS31",1.05607798652005
"PITRM1-AS1",1.05604029961924
"DNAAF5",1.0560344323514
"SCNM1",1.05579774498134
"AC004812.2",1.05569686235688
"MRPS10",1.05487209197178
"POLR3K",1.05481185745405
"CDKN3",1.05437708304015
"LRRFIP2",1.05396802726305
"TNRC6C",1.05292849038233
"VIRMA",1.05279526983321
"Z84485.1",1.05258580740185
"LRP12",1.05240244659434
"CLDND1",1.05239543693108
"CCDC74B",1.05172249100545
"IGSF22",1.05157380351859
"NLRX1",1.05145776431624
"SEC61G",1.05077820361367
"AP001462.1",1.05030621670651
"WDR89",1.05010866538542
"AL590428.1",1.04994660540241
"ZNF234",1.0499119130228
"ATP5MD",1.04959065929359
"PUS7L",1.0491680488873
"PAG1",1.04904673250201
"MEI1",1.04902963989904
"HOXB9",1.04902299097304
"TSC1",1.04887485591812
"SIN3B",1.04877265765647
"RORA",1.04797515748865
"TCF7",1.04769921978773
"UBE2C",1.04757198403227
"SHLD2",1.04755948616154
"FAM133B",1.04754513871737
"TSTA3",1.04698545971573
"TIMM50",1.04678966532216
"OSGIN2",1.04669701360787
"RPRD2",1.04606315881413
"RAB22A",1.04554753440842
"DPYSL3",1.0447888586517
"MRPL39",1.04451562431552
"TOP2A",1.04376560278858
"ATPAF2",1.04372051604674
"ZNF569",1.04366554460841
"RBM15B",1.0435202432611
"NIT1",1.04333385543792
"MED10",1.04327388542903
"ST7",1.04290534219322
"ATP5MPL",1.0428513361814
"MRTO4",1.04284092569591
"CCDC142",1.0427131622867
"ATP1A3",1.04223064814102
"MSANTD3",1.04204243015297
"MIR155HG",1.04193893578439
"AC008115.3",1.04181361573754
"TRPS1",1.04176118070015
"ZFP37",1.04172289745268
"TMEM127",1.04131673204698
"CEP170B",1.04114415871234
"SNRNP70",1.0410746070697
"PCNX2",1.0410016499916
"AKAP8L",1.04087045867264
"CCDC58",1.04081229864701
"ZBTB44",1.04068317665528
"NRAV",1.04064289074586
"GSK3A",1.04055881219072
"MAMLD1",1.04048389253999
"TMEM163",1.04032377830759
"CLSPN",1.04031691987218
"AL139383.1",1.04011097735152
"APOL6",1.04008091584249
"FUT8",1.0397468295636
"ANKRD12",1.03965845568837
"VGLL4",1.03958014766974
"MIR3945HG",1.03957746727761
"RBL1",1.03938373742519
"ZNF85",1.03874433876775
"FAM217B",1.03872524467214
"KNSTRN",1.0386016194724
"KRAS",1.03853415107975
"VSIG1",1.03804111913147
"IGHG1",1.03763409604766
"ROCK2",1.03747451610234
"BRPF1",1.03708606925702
"TIAL1",1.03687750154483
"GPATCH4",1.03685823549518
"C1orf131",1.03560302674778
"PSMA3-AS1",1.03552092933296
"ALOX5AP",1.03450586409876
"RNF169",1.03439756894295
"FOXM1",1.03416013823335
"AC025423.4",1.03357288333197
"STPG1",1.03356112899345
"MYEF2",1.0334504746871
"REXO4",1.0334271911151
"ATAD5",1.0325433781296
"CTLA4",1.03185950552708
"DCTN5",1.03176713961588
"VPS25",1.03169100677757
"USP4",1.03166027493387
"CES1",1.03137640829883
"POLR3E",1.03099282269634
"SMARCAD1",1.03051342778219
"TIRAP",1.03033431138984
"ZNF195",1.03032207088049
"AKIP1",1.02951607036851
"TSR3",1.02950385538613
"NCAPG",1.02935222700377
"SMARCE1",1.02917411954485
"ZMYND19",1.02916928216252
"CEP152",1.02815506320501
"OSBP",1.02737620336674
"AMBRA1",1.02731614436577
"ZFAT",1.02719193931429
"DRG2",1.02710234669462
"SSTR2",1.02706067612595
"SF3A3",1.02657187358813
"ZNF525",1.02645555162691
"DLD",1.02575510330707
"THAP11",1.02545316628466
"CETN2",1.02538115689228
"AC008875.3",1.02510633424104
"VTI1B",1.02491252813988
"AC092115.3",1.02489322350528
"PANK1",1.02463162441045
"TRIM16",1.02459121503908
"CCDC43",1.02443466557109
"YIPF2",1.02426418026647
"IGF2R",1.02415361524578
"BHLHE40-AS1",1.02400736816117
"AC138969.1",1.02377910406359
"TTN-AS1",1.02361850688087
"TLL2",1.02354579894479
"TMEM216",1.02330817577462
"CCNB2",1.0232194268847
"FAAP100",1.02244415082084
"EEF1E1",1.02236922534815
"MGAT4A",1.02223203906187
"EMG1",1.02215209379471
"C12orf29",1.02185164424791
"FBXO5",1.02184749220706
"AC073896.2",1.02052221617201
"FBXL6",1.02049821849026
"EFCAB7",1.02026791675952
"BPNT1",1.02011982364669
"PPP6R2",1.02006914218686
"TMEM126B",1.01997373139109
"AC023632.2",1.01996233537297
"NOL7",1.01983472212839
"TJAP1",1.01931025668728
"WBP11",1.0189623499051
"POLG",1.01878646176697
"PTPN11",1.01861908823968
"L3MBTL3",1.01858228185549
"KIAA1671",1.01841785359618
"SETD5",1.0183313974849
"AC097375.1",1.01825657336245
"MARK4",1.0182515295383
"DGAT1",1.01802837757595
"SPPL3",1.01800419169217
"ARL10",1.01799857012326
"GINS3",1.01797930941264
"SGSM2",1.01792066670408
"RABIF",1.01785236640499
"PATL1",1.01709494549716
"TTBK1",1.01653718802737
"WDR86-AS1",1.01632070724529
"IFT80",1.01598202633581
"PPP4C",1.01588315603382
"LINC01534",1.01577385022927
"DNAJC5",1.01566920476712
"TRIM23",1.01530826123217
"SLC6A8",1.01499086916053
"SLC41A2",1.01477897542268
"TASP1",1.01472960536846
"SNAPIN",1.01439074337549
"IST1",1.01386239751961
"C6orf89",1.01300257841707
"INKA1",1.0128390791419
"JSRP1",1.01258902088338
"UBL4A",1.01241309810602
"NOL8",1.01233274500612
"EVI2A",1.01212043343939
"ZNF254",1.01148381578665
"MAU2",1.0112759597037
"MTMR3",1.01065409713568
"TTI2",1.0103709701219
"KRT17",1.00953817461376
"NPIPB15",1.0093482041143
"AGFG2",1.00896960995431
"WNT10B",1.00875859451044
"LINC02694",1.00856227654827
"HNRNPR",1.00855723159904
"YPEL3",1.00814463590977
"TNFAIP8",1.00796174763617
"GALM",1.00761101198247
"MIPEP",1.0073817491236
"TNFRSF4",1.00716929952848
"TRBV2",1.00710050488437
"EIF6",1.00698552727025
"LRTOMT",1.00681788592557
"ING4",1.00641998192311
"TTC17",1.00629129491675
"SMC6",1.00612936259214
"HACD3",1.00596515475168
"PRDM1",1.00586368496102
"LSM14B",1.00573444565519
"MCPH1",1.00554741814823
"SMAD2",1.00513117628289
"GAL3ST2",1.00494869601479
"MRPL16",1.00465373382098
"KLC2",1.00461596326495
"LLPH",1.00418040544478
"HGS",1.00413650338955
"PIGN",1.00372101935345
"SFSWAP",1.00355954737671
"SMYD5",1.00327569429263
"FBXL20",1.00325816122649
"ADH1C",1.00310988556768
"RPP30",1.00293493232821
"ADSL",1.002843714741
"C1QTNF1",1.00282721629397
"TAF1B",1.00255314139489
"SLC22A17",1.0019844934625
"DPP7",1.00172217585481
"MT1F",1.00130502064023
"VPS4A",1.00122059256953
"HIP1R",1.00117910150509
"MESD",1.00103004553018
"C12orf73",1.00078522263405
"TRBV29-1",1.00049026328928
"DNAJA2",1.00028235091003
"RELL1",1.00020205734827
"PLEKHJ1",0.999726810686458
"TCF20",0.999694118961719
"E2F8",0.999677722101449
"SLC38A1",0.9995824403965
"ZBED6CL",0.9991633142445
"TNFRSF19",0.998807461800886
"FGFRL1",0.998370207157644
"RAVER1",0.997938575355379
"PHTF1",0.997920650881579
"KIAA1841",0.997838006847916
"LINC00623",0.99772432765438
"CYLD",0.997116024015368
"FPGS",0.99673836842924
"MTFR1",0.996540912770805
"MALSU1",0.996494327617534
"MICU2",0.996090630789487
"TXNL4A",0.995933958451814
"SUN1",0.995771644595041
"A1BG-AS1",0.99541382685167
"TRBV10-1",0.995330459547983
"MDFIC",0.995209555247116
"CTDSP2",0.99494906683025
"FIGNL1",0.994882978831215
"ANLN",0.994767130095707
"AL009179.1",0.994366062173927
"KATNB1",0.994222688590415
"ZFP30",0.994207333273128
"ARRDC1-AS1",0.993863763090405
"ZNF654",0.993847643882699
"AC103591.3",0.993186795854931
"JPX",0.992948725857546
"FAM207A",0.992841858497852
"UBR2",0.992146166658824
"EXOC5",0.992107484493752
"SV2C",0.991768076497394
"ZNF696",0.991306837075562
"ZNHIT6",0.991188176279166
"NPIPB3",0.991117714499581
"OGDH",0.991083221394406
"C8orf37",0.990916900037852
"MRPL20",0.990824883191088
"ATAD2",0.990268485762643
"UBA3",0.989830256743019
"PCNX3",0.989768088004339
"FBRSL1",0.989189883291594
"TMX4",0.988723051852859
"PON3",0.988672426572295
"DYRK1A",0.988422938851308
"UBA6",0.988300140480515
"C5orf22",0.98771617836248
"PBX3",0.987438402764502
"PRPF39",0.987297704811086
"SMIM27",0.987287575092637
"CCDC50",0.987112969961914
"STK17A",0.987073810491789
"B3GALT2",0.986659001099717
"ADAMTSL5",0.98648074621023
"GTF3C5",0.985612962792745
"TOPBP1",0.98547773011748
"BMERB1",0.984235025590925
"DDX52",0.983725921062395
"AC011477.2",0.983641811675515
"RAD51D",0.983203405823157
"GPR107",0.983068856118033
"AC004585.1",0.982968209742588
"CR381653.1",0.98285847072197
"MBD1",0.982543829609148
"CMC2",0.982353903153798
"KDM1A",0.981224495026932
"ZNF286A",0.981103391494728
"ZFP28",0.98110285456048
"POLR2B",0.980846642840663
"HCFC2",0.980738212994869
"SSH1",0.980119037277404
"CTDSPL2",0.979884345374857
"RAMP2",0.979166565854577
"TNFRSF17",0.979068854857464
"KIF14",0.978798002668485
"LEO1",0.978706116999385
"AL022341.1",0.978594099664984
"AKT3-IT1",0.978476554304259
"PIH1D1",0.978262718078541
"PKIG",0.977366999560609
"HID1",0.976988113338867
"ERCC6",0.976903469246774
"WDR44",0.976548151923918
"AAGAB",0.976399022999068
"DDX31",0.976395488354724
"POMT2",0.976271537089426
"EMC4",0.975989793437735
"CUL7",0.975625778114605
"SRPRB",0.975605357200555
"CNOT4",0.97548947583952
"DNAJC11",0.975325553645557
"MPHOSPH10",0.975289135895038
"TRPM7",0.974952879488925
"KIR3DL1",0.974575921893902
"HIST1H3G",0.974382650083901
"LINC00544",0.974378125329722
"AC009630.4",0.97427178838625
"MRPS11",0.973991111496636
"SGMS1",0.973692822451107
"TXN",0.9736264497673
"ANKRD36C",0.973318744126695
"LINC01934",0.972880005091749
"AC011247.1",0.972580789394543
"EBP",0.972520031123479
"FRMD8",0.972435640557641
"RBM43",0.972242410505765
"DOK5",0.971939768006562
"RNF5",0.971882848705497
"DUXAP8",0.97135286336362
"ATF2",0.971319085380561
"SLC6A6",0.971295609826418
"LPAR3",0.971239510541463
"LUC7L3",0.9711480872222
"UBXN2A",0.970974416725426
"POLR2C",0.970930624375305
"COPS9",0.970457638008023
"ATP6V1A",0.97022324167163
"UQCC2",0.969906864379323
"UBLCP1",0.969678708356434
"PEX13",0.969559927925261
"ZNF207",0.968934517691134
"MINDY4",0.968883515867091
"ZNF354C",0.968846737609217
"NR2F6",0.968713250850194
"DFFB",0.968524974903251
"EXD2",0.968382985409073
"AL645608.8",0.968212758161216
"ARID2",0.968203622122531
"CCNQ",0.967833106530066
"PPP6C",0.967715075568579
"RBMXL1",0.967676451214413
"AC022182.1",0.96731954243588
"MELK",0.96721787307004
"PPM1A",0.966735942713144
"AIFM2",0.966699924347658
"SCO2",0.966599412469462
"SZT2",0.96656080849956
"AC016355.1",0.966154059726546
"CRYZL1",0.965891182270896
"TLR9",0.965726799954212
"DBF4B",0.965358849290595
"BTNL8",0.965296153485546
"PTAR1",0.964836225492685
"UQCRQ",0.964441867699436
"GAPDH",0.964426862690791
"NIPAL4",0.964299332006762
"TRAV41",0.963843697687492
"DHX9",0.963286530063734
"KDSR",0.963284045003611
"EMC8",0.963235003084951
"LENG8",0.963146628883586
"ARIH2",0.963037023004683
"ZNF227",0.962942194647398
"ATF7",0.962550074072076
"SEC16A",0.96224601745035
"ZNF805",0.962124354815159
"WDR46",0.961678791690958
"RAB11B",0.961622407111319
"MAF",0.96061382018217
"DIAPH3",0.960610967215947
"TARBP2",0.960484204202452
"PEX16",0.960362398109524
"PIK3C3",0.960262767288402
"LINC01578",0.960157548199098
"LSM1",0.960103276933131
"LINC00996",0.959819814303734
"TRAF5",0.959761712377179
"SART1",0.959685295555032
"OTUD7B",0.959529578193042
"ADK",0.95925625338215
"CASTOR3",0.959111312139898
"BMI1",0.959079687707473
"SEC24B-AS1",0.958958114721207
"BTBD10",0.958862616099948
"METAP2",0.958772295255455
"WDR1",0.958680857613044
"ZDHHC5",0.958665193698247
"BDNF-AS",0.958584942270451
"FTX",0.958049453724122
"USP30-AS1",0.957425491310951
"TAF4",0.957265367253002
"AL133467.1",0.957169064720046
"MYH3",0.957142073546197
"FBXL5",0.956728734969467
"SLTM",0.956614308265753
"SPARC",0.955827558486342
"NT5C3A",0.955815032735237
"WWTR1",0.954734698968047
"RPAP3",0.954608739451813
"SPINDOC",0.954120897951385
"DNMT3A",0.954111702191762
"IL6R-AS1",0.954023786984477
"VAPB",0.953891250730995
"ERAP1",0.95357592548515
"TCHP",0.953079449252577
"AGBL3",0.952799234261335
"RNF126",0.952692510802304
"AC016394.1",0.952523333334475
"RPN1",0.95247867686361
"GRK4",0.952438865537049
"WDR82",0.952436558007895
"NAPB",0.951923918129211
"CSTF2",0.951867883620527
"FAM106A",0.951858255190883
"HIF1A-AS3",0.951747846693163
"TAF8",0.951725414352405
"AC009120.2",0.951048748783044
"MRPS12",0.950692300208215
"CCR9",0.950136239425454
"C11orf58",0.950034419061467
"FCRL5",0.949988112191471
"SENP7",0.949737390050217
"TAF2",0.949138385315455
"KNOP1",0.94897939670861
"CDK1",0.948252757713795
"SVIP",0.948217121647199
"NAT9",0.948126180785387
"NR2C1",0.948094424057513
"USP3",0.947722954151921
"TTN",0.94735847272205
"RNPC3",0.947132947671898
"YY1AP1",0.946976194547611
"TRAV2",0.946432265816904
"UFD1",0.945344721528006
"NAA20",0.945196710657029
"KIF20A",0.945000725825086
"MRPS18B",0.944879151828055
"IRF4",0.944612581920771
"ORMDL3",0.944124206662307
"POLR2L",0.944093590067713
"KTN1",0.944003420965799
"IER3IP1",0.94387913465456
"KLHL5",0.943689308467675
"ERG28",0.943340876210797
"RBM4B",0.943249797360034
"ACVR1",0.9431153023045
"AHRR",0.943104889250168
"IRAK1BP1",0.942642878843416
"PXK",0.942611157948398
"MAGED2",0.942336313255837
"COASY",0.942223773078326
"CDC40",0.942154140127989
"USP13",0.94196049317534
"HNRNPDL",0.941955004499363
"CACTIN",0.941933441163831
"BRAP",0.941774155183804
"RANBP10",0.941747646663018
"CD8B2",0.94168302553151
"C19orf44",0.941531908102773
"KIF2A",0.940609825961392
"ZSCAN26",0.940034373379529
"TIPRL",0.939958054299293
"ZNF879",0.93990011569386
"PCBP4",0.939881155537271
"ZUP1",0.939845479227787
"CDKL1",0.939648389925306
"CACNB3",0.939435740925217
"SLC35E2B",0.939102281165693
"RESF1",0.939055667097723
"UBE2L3",0.939054528250585
"CDC73",0.93881849702616
"SCAMP1",0.938777887902525
"CYP3A5",0.938718979284723
"MFSD4A",0.938598652303872
"FBLN5",0.93845410697609
"CYP7B1",0.938442649226062
"SORBS2",0.938168281397228
"ATG9A",0.938082565221458
"APBA3",0.937838273153976
"PSMD6",0.937561911758679
"CD99",0.93748043472541
"TNKS2",0.937454855428448
"ZNF487",0.937409350474403
"AKT3",0.937357416983726
"LINC01089",0.937307930143249
"GET3",0.937234765406897
"SLC7A11",0.937095860985187
"COPB1",0.937074886283363
"TOMM5",0.936973369034134
"BET1",0.936556086454772
"TFAM",0.936481205191889
"BBIP1",0.936257418926786
"SEC24D",0.936219749441322
"DEAF1",0.935459814049641
"HIST1H2AE",0.9354301216154
"FASLG",0.935147483073479
"AUTS2",0.93456004508165
"ORC2",0.934467722022261
"AC092747.4",0.934436202970184
"ACOT7",0.934427539501333
"TRPT1",0.934250163645366
"ERCC5",0.934087871512001
"MICA",0.933626811110136
"TPGS2",0.933520750575697
"GADD45GIP1",0.933508706729563
"KIF9-AS1",0.933282943399829
"CEP192",0.933264525684158
"CCN1",0.933211715710358
"FHL2",0.933115493238131
"ZBED4",0.932517179350859
"SLC25A1",0.932313133530349
"BOLA3-AS1",0.932203122658073
"GNB5",0.9320461923236
"PSMG2",0.931925830839083
"TOMM40L",0.931882567857031
"MPHOSPH8",0.931498424762734
"MFSD14C",0.931265143248806
"DOK1",0.93087308597363
"CHAF1B",0.930822780498964
"GLRX5",0.930626821696731
"TIMM44",0.930550972901272
"C12orf49",0.930501953300268
"TMEM129",0.92991934562274
"MRPS18C",0.929665456771018
"TXNRD1",0.929234012755981
"AC012645.3",0.92891358788228
"HMGB1",0.928782643496188
"TCTEX1D2",0.928566241381686
"CCDC120",0.928538174648636
"RNF41",0.928219939931616
"RAP1B",0.928106109688568
"PLXNA3",0.928098433386577
"KIF5B",0.927864077720445
"CHIC2",0.927729798744795
"BECN1",0.927492673678537
"MLF2",0.927412965585051
"ZNF350",0.927365715917882
"GPSM2",0.927356390383562
"C15orf61",0.927338407722313
"TBL2",0.927074220773743
"RACGAP1",0.926861483607159
"CDH1",0.926767290221831
"SPSB2",0.926677734047179
"CCDC84",0.926550446354085
"DCAF7",0.926496703701132
"ZNF528-AS1",0.926161868791844
"GABARAPL1",0.925773932688345
"ABCC1",0.925765055300198
"EHHADH",0.925650321458358
"CRLF2",0.92560664300469
"TUBGCP4",0.925541184235444
"CTTN",0.925271158863693
"COA6",0.924855651564817
"ZNF584",0.924809089783443
"HIST1H3F",0.924763442599187
"GZMA",0.924738562190518
"SLC25A22",0.924690181835126
"GEMIN5",0.924669087330005
"MTLN",0.924431646634638
"LINC02084",0.924165942344496
"FKBP3",0.924023173760495
"PFDN4",0.924013371174035
"SPCS1",0.923871580762091
"WIZ",0.923428981245941
"TSLP",0.92335502260801
"PCMT1",0.922918622191244
"ATRIP",0.922370722357945
"TMCO1",0.921880354889434
"C14orf119",0.921877508292258
"HDAC8",0.921811272958578
"P2RY6",0.921642458485766
"ZNF414",0.921431653571048
"TMEM160",0.921166529203399
"IPO9",0.920932787903534
"PRKRA",0.920910783716324
"CCDC186",0.920226651283772
"ZNF550",0.920171356307706
"XPO5",0.920141099222281
"CALCOCO1",0.919831599626073
"POLRMT",0.919794065472506
"BORCS6",0.919730756755686
"TTC1",0.919543230052038
"TAF6L",0.919402843901498
"BACH1",0.91924688395576
"MDM2",0.918938380292008
"IGHV2-70",0.918233431201466
"LAMA2",0.91739959198598
"OGFRP1",0.91689575032705
"RAB28",0.91678892483922
"PTPRK",0.916686325281792
"SLC35G2",0.91663253240183
"DYNLRB1",0.916319455182825
"BLOC1S4",0.915196004251229
"PPP2R5D",0.915111881789747
"TINF2",0.914969075251212
"PTCD1",0.914822814924417
"LINC02754",0.9145659545279
"CHD7",0.914347566070362
"TCF19",0.913928473499624
"ZNF644",0.913790568698726
"EFL1",0.913263888546501
"SDHAF2",0.913060077138337
"DERL2",0.913057346348152
"MYL12B",0.913055796934725
"GABPB1",0.9129261292475
"CLK2",0.912472264544861
"SENP1",0.912283252296084
"ABCC10",0.91171727257373
"INPP4A",0.911139941457246
"ATP13A2",0.910905571851222
"MPHOSPH9",0.910871422052684
"NELFA",0.910612952240194
"ACACA",0.910116588948248
"IPO4",0.910103033566553
"IL15RA",0.910051279857923
"SKIV2L",0.909992870827659
"PIGBOS1",0.909826959618925
"C18orf21",0.909820911237332
"AC092821.3",0.909718150900802
"AC067852.2",0.90927776696394
"SUPT6H",0.909133076409619
"ZBTB9",0.90900913246923
"ABHD18",0.908314349557783
"DAXX",0.908302177018072
"AL133410.1",0.90812821493454
"GNPAT",0.908041084020551
"EMSY",0.907949219938692
"GPRIN3",0.907757315993695
"NOMO3",0.907541241329418
"TMUB1",0.907315740663946
"NFX1",0.906656542960632
"OSBPL2",0.90662224191937
"EPN2",0.906193296683694
"AC005498.3",0.905977365450916
"TRIAP1",0.905785016447673
"BBOF1",0.905702198382478
"SNHG12",0.90569762748638
"ZDHHC17",0.905486759253907
"CD247",0.904663725672146
"RBM33",0.90464651193756
"MEA1",0.904323229440702
"ANGEL2",0.90412765591077
"IQCH",0.903737130081262
"EIF2S1",0.903481032266469
"MAP11",0.903183516257365
"DTX3L",0.90240093530492
"DTX2",0.902205784926666
"SDF2L1",0.902182242955119
"GIT1",0.902119613538504
"DNPEP",0.901778166790924
"MFN2",0.901758173772006
"THOP1",0.901708388103499
"TAMM41",0.901672574391137
"MAPK8",0.90139054194756
"AMZ1",0.901162846140386
"LYRM2",0.901048649052345
"ZNF683",0.901008495697026
"DALRD3",0.90084015270375
"USP12",0.900708527133506
"RXRB",0.900450918394122
"ADD1",0.900343827474183
"ABCC4",0.90032673512295
"FLNA",0.9003022852176
"ATG14",0.900277017099624
"BAD",0.900016723560425
"BCAR3",0.899856023148502
"EEPD1",0.899567967878608
"VASH2",0.899535487142414
"ANAPC1",0.89950173649773
"RINT1",0.89938072774641
"SP1",0.899305808194196
"LINC01358",0.899282360102451
"MYH10",0.89919325569867
"NDE1",0.899109945537735
"SLC33A1",0.898915477908511
"MAK16",0.898898885322553
"AL441992.1",0.898780095818429
"GXYLT1",0.898305026313851
"PRPSAP1",0.898248500830133
"NAA40",0.898128234052473
"CAMK1G",0.898026925301885
"TDRD7",0.897554452723128
"UBE2Q2",0.897464365252889
"DHRS11",0.897172819366685
"RPS6KB2",0.897017486818164
"MRPL52",0.896992300967999
"ZNF790-AS1",0.896848736053408
"USE1",0.896461683180341
"ST8SIA4",0.896190177360592
"RNASEL",0.896113331534796
"HIST1H2AL",0.896036743303727
"BTBD7",0.895952291770861
"ANKRD54",0.895943157857025
"ANKRD27",0.89584603761414
"SNRPD1",0.895770376273612
"F8A1",0.895671037602513
"MCAT",0.895636762384976
"TOGARAM1",0.895488407751108
"C3orf38",0.895446558075859
"GTF2F1",0.895434978050256
"SLIRP",0.89529650723343
"BRD4",0.895121060769469
"INO80E",0.895023462591901
"SKP2",0.894916734934947
"ABHD13",0.89478720522363
"NPEPPS",0.894726567697439
"AL080276.2",0.894679042496491
"NDUFV2",0.894675097357958
"BLM",0.894178265030514
"CYP2R1",0.894124711850722
"TYMSOS",0.894085641971255
"DHX37",0.893974716133454
"ZNF789",0.893728816412307
"NOC4L",0.893690701717425
"IP6K2",0.893288544045541
"CEP250",0.89297385249797
"KIAA0825",0.892574342876804
"HELLS",0.892540057166988
"ZNF664",0.892492984527478
"CHST14",0.892484714430335
"CNEP1R1",0.89223590472152
"AL451085.2",0.892017113112275
"PPAN",0.891819619842853
"PARD6A",0.891818095750072
"ZNF714",0.891423690498354
"CD44",0.891195311898051
"Z83843.1",0.891104411750147
"MRM2",0.890909405943217
"TRAPPC4",0.890892831113755
"FBXO46",0.890575168139733
"TRAV17",0.890391286482156
"ISCA1",0.889923880007318
"EMC7",0.889849566501446
"SELENBP1",0.889591086514574
"PDRG1",0.889038327084971
"NDUFB10",0.888546882916097
"ABLIM2",0.888398687415555
"AL049840.2",0.888327319468098
"SON",0.888120449299304
"ZMYM6",0.888026224699683
"YAF2",0.888005174606856
"FASTKD3",0.887750810046216
"SEC22A",0.887652773994702
"RBM45",0.887629280957721
"CBX7",0.887516201852747
"RBX1",0.88726351893165
"FAM89A",0.886946568440266
"DOT1L",0.886714157776481
"KLHDC3",0.886442054212304
"KBTBD3",0.886366339613127
"AAK1",0.886205570928883
"GPATCH1",0.885927122162525
"SEM1",0.885908542746818
"FNDC4",0.885707127245502
"ITGB1BP1",0.885661773030374
"C1GALT1C1",0.885414948126705
"ZNF324B",0.884959326325974
"HIST1H2AD",0.884855709921107
"DCAF16",0.884826143405855
"DNAJC7",0.884723916983688
"JTB",0.884716615707046
"DUSP18",0.884232364174626
"SLCO3A1",0.884194438746631
"RFC3",0.883489581303702
"LRRC28",0.883368105301054
"INPP1",0.883327684720145
"NUMA1",0.883306636900857
"RMI2",0.88327927044002
"CAPN15",0.882750882259223
"CIAO2B",0.882614612819502
"UBA6-AS1",0.88235808226664
"ELK4",0.882064295185554
"GSEC",0.881838220281447
"GTPBP4",0.881633593236275
"LSM11",0.881513328418512
"STOML1",0.88146276096253
"USP11",0.881386976869548
"ADTRP",0.881144626907149
"TRIM52",0.880935173207568
"PPARA",0.880742754747445
"PHF12",0.88065696870906
"RMI1",0.880418965683059
"ANKZF1",0.880416929299713
"PPWD1",0.880106548382317
"MAP1B",0.879963495778648
"CCDC9",0.879909789898543
"SLC5A6",0.87929434341701
"GTF3C6",0.879251361422058
"SOGA3",0.879212891612315
"GEMIN7-AS1",0.879114098361496
"PLEKHF1",0.878872804325123
"GLE1",0.878419139823639
"NOL9",0.878381871844816
"CHTOP",0.87835824415989
"SMAD1",0.878143408386593
"SOS2",0.878068391408651
"MTM1",0.877452833590033
"RARS2",0.877425191555483
"GFPT1",0.877391988663387
"TRBV15",0.876731795072586
"Z99943.1",0.876284115141873
"INTS9",0.875992488810555
"RETREG1",0.875415927361201
"DDX59",0.875157274555575
"NBPF26",0.875071348314907
"OTUD7A",0.874948549648788
"C1R",0.874532392141031
"TMEM200A",0.87451562936738
"AC006460.2",0.87443917446739
"MBNL1-AS1",0.873950998455205
"TSPAN8",0.873738231291559
"PIAS1",0.873664776394754
"PRMT3",0.873421894363764
"TNFRSF13B",0.873315923097391
"C1orf21",0.873112529666755
"MRPS22",0.872895751693886
"MTRES1",0.872788846390656
"TIMD4",0.872724690778397
"SLC36A4",0.872381378529129
"CSNK1G3",0.872286344112126
"TRIP11",0.872036106496073
"CRIPT",0.871685886772135
"CLDN15",0.871547915770726
"MTCH2",0.871224177630048
"CCL22",0.871183458615421
"ZNF549",0.870532447278702
"PAQR6",0.870386727801493
"FOXD2",0.870361625884764
"BCL2L12",0.870000160786081
"LINC00539",0.869280812479511
"POLR1A",0.86869597411947
"ZNF706",0.868534300904793
"AC022182.2",0.868223779361535
"RANBP9",0.867775573167515
"AKAP10",0.867572199004095
"RBM34",0.867355918411877
"DONSON",0.866967478617491
"RHOT2",0.866802452388411
"STX1A",0.866767239038889
"RNF113A",0.866700290360138
"TTI1",0.866696556913747
"USP27X",0.866667555956521
"HGSNAT",0.866507864205687
"PRPF19",0.866453711201347
"APOBEC3D",0.865977265177129
"NCOA6",0.865921528063721
"FNTA",0.8659101736889
"ZNF426",0.865777248553403
"METTL8",0.865503053418244
"AL592183.1",0.865420217689797
"RPH3AL",0.865391933016724
"PITPNB",0.865347666247361
"CIP2A",0.865116608128926
"MRGBP",0.865057006242475
"ZNF337",0.865031247328719
"HDGFL3",0.864992736395276
"ZNF543",0.864954348396016
"PGRMC1",0.864717920949346
"NPIPB4",0.864716461376006
"RIC8A",0.864589042157167
"SPAG1",0.864331806911539
"EIF4ENIF1",0.864135979738162
"PCIF1",0.863822388715431
"ELOVL1",0.863736912363191
"NT5C",0.863666575905439
"NBPF11",0.863337399543158
"R3HCC1",0.863274327881339
"KANSL3",0.863021697192858
"AC069243.1",0.862765053948123
"FANCD2",0.86242374269331
"TJP2",0.862339318180696
"AC114977.1",0.862193201892638
"TXLNA",0.861911769421736
"ME3",0.861896561823571
"FXR2",0.861504762898534
"KCTD1",0.86086364730235
"ELP3",0.860542879818199
"AMPD3",0.859840502980105
"CC2D1B",0.859761237296295
"VIPAS39",0.859719278360444
"RETN",0.859566234886591
"ATOH8",0.859373448228926
"COL4A2",0.859324552094087
"RAB5IF",0.859262888293339
"ZNF701",0.85873640765251
"COMTD1",0.858382672960919
"UGT2B4",0.858318390121655
"CATSPER2",0.858257227633256
"GVQW3",0.858112619704181
"ATE1",0.857778348964253
"ZHX1",0.857686489431606
"LINC00239",0.85760715334499
"LEMD2",0.857350944844618
"ADAT2",0.857319176416502
"LINC02605",0.857288120307266
"SGPP2",0.857180716021379
"MRPS7",0.857119685938578
"CWC15",0.856989535633057
"AP002387.2",0.856941240928048
"DPH2",0.856804143128525
"PSD4",0.856295257212445
"KAT6A",0.855575286755807
"ZBTB48",0.855280856736395
"NDUFA5",0.855092218379755
"EID2B",0.855053944535432
"AC002558.3",0.855031274331341
"SYF2",0.855005000755061
"CNPPD1",0.854855034057656
"CARD6",0.854608566129877
"STAMBP",0.854602052352935
"CYTH3",0.854339814079534
"TIGD5",0.854328816873792
"ATG4D",0.854200590883992
"PEG13",0.854169294593743
"VCAM1",0.853898355627523
"MKI67",0.853167638708172
"UBN2",0.853145019022622
"EDC4",0.85292763603605
"AL355916.1",0.852802221726257
"PITPNC1",0.852782530354657
"UGT1A6",0.852651146863686
"UBE2G1",0.852565785425837
"TOR1A",0.85229671023512
"FKRP",0.852027180257515
"AC004951.1",0.851561174428195
"CCDC77",0.851507825400443
"NUDT16L1",0.851443235823675
"ARL14EP",0.851319081742666
"TNFSF10",0.851037178147322
"PSENEN",0.850829034462339
"HIST1H2AM",0.850782002437194
"DPP8",0.850583584896884
"SPICE1",0.850288729685142
"S100A10",0.850129196824394
"TAF9",0.849904497073693
"ITPR3",0.849766999374784
"PRMT5",0.849208175993307
"CENPL",0.848964972750964
"MANEAL",0.848962035568296
"LOXL1",0.848844636015173
"DNAJC8",0.8484356206886
"CCNB1",0.848411749063492
"OCEL1",0.848304853900247
"DERL1",0.848025826614575
"DLGAP1",0.847385944229033
"STAT3",0.8473325174702
"IL4I1",0.84638067248952
"POFUT2",0.846353123430914
"MYO1C",0.845616297631126
"NUSAP1",0.845451664767435
"AC010531.6",0.845430678625354
"ADO",0.845409550669779
"EME2",0.845385349295673
"ARL6IP1",0.845326072790765
"GTF2E1",0.844952026579228
"ENKD1",0.844578651343912
"NRAS",0.844407403443638
"CCDC167",0.844253340041231
"SMARCD2",0.844063911263282
"SLBP",0.843966856455524
"FBXO22",0.843932363253978
"GPSM1",0.84391628448322
"FAM171B",0.843695833913437
"NUP85",0.843486095947798
"NRDE2",0.842663200760006
"DHRS13",0.842531510611253
"CDC16",0.842497264585232
"TIMM23",0.842173461627294
"MCM4",0.842086662752419
"TXNDC5",0.841694633164166
"AC037193.1",0.841499326556395
"HIST1H2AI",0.841402184123292
"ZNRD1",0.841354760656027
"TBX21",0.841130204844
"FIZ1",0.841081707315186
"PRIM1",0.840992067381702
"CEACAM21",0.840780431167818
"TRAPPC10",0.840693687191546
"MAPRE3",0.840595036990121
"MROH1",0.840437674919514
"DDX54",0.840121623863931
"PANX2",0.839914681524619
"ZIK1",0.839795738220958
"DCBLD1",0.839774439335549
"AC009065.4",0.839748082743195
"TSN",0.839415807542787
"ELOVL7",0.839359028546534
"TEX9",0.839311759883251
"ISG20",0.838729051454048
"ANGPTL6",0.838324892554815
"RECQL4",0.838261341604762
"ARHGEF18",0.837884515845174
"ARID5B",0.837440836142157
"AC099811.5",0.837263858329954
"UHRF2",0.836913040510789
"PAXBP1",0.836218380742657
"ZNF598",0.836204612091064
"SACM1L",0.836111059366314
"DIPK1A",0.836093122627091
"YARS2",0.835545388313676
"AFDN",0.834829478469901
"PRDX4",0.834695372210113
"HIST1H3D",0.834455308154364
"MRPS15",0.834411227922979
"GTPBP8",0.83398251400829
"PGGT1B",0.833874164895757
"ATAT1",0.833233891862711
"ALDH18A1",0.833232668131176
"ZNF382",0.833179163708033
"C12orf74",0.833176560441555
"REEP2",0.832631653419189
"ESF1",0.832178139102204
"ZNF43",0.832154195236804
"NPHP3",0.832140445233258
"AC006141.1",0.832036494739462
"AC243960.1",0.831923157300002
"ECPAS",0.831817559272773
"IL17RB",0.831813788833307
"INO80D",0.831413929815512
"RTL8A",0.831394076345343
"AC104825.1",0.831344754131198
"IPO8",0.831325560752437
"SSBP3",0.831232121465445
"NCOA3",0.831107186085462
"MAP1LC3A",0.831025730948685
"ZNF91",0.830792165375963
"CCDC157",0.830044133188071
"TSEN15",0.829822466520633
"TMEM209",0.829804766927368
"SLC25A28",0.829531111460235
"SRI",0.82949638911522
"C21orf58",0.829364308354153
"MTX3",0.829341924292966
"MRPL21",0.829185752400129
"RWDD1",0.829151099579092
"NUP62CL",0.829125344980984
"LINC01006",0.828900539631412
"GID8",0.828773649359753
"PSMB6",0.82870435871878
"AC016596.1",0.828648179526557
"AL158163.1",0.828473451996141
"TRAPPC2",0.828244187833035
"PEX19",0.828207195046824
"PHF3",0.827957385892599
"ARMC2",0.827346044453245
"RPS29",0.827291644259331
"TWNK",0.827087441271438
"MORC4",0.827004750771879
"UGGT1",0.826925690272435
"RBM41",0.826761447246922
"SLC25A17",0.826725369723373
"RSPH3",0.826300593835062
"DUSP5",0.826121008501608
"AC012236.1",0.825679914124641
"DNM1L",0.825643788130052
"C11orf65",0.825378835259827
"CTNNA1",0.824992193416423
"ZNF451",0.82468336334789
"ZNF33B",0.824652816943648
"AL021396.1",0.824614929898712
"TRAV8-1",0.824406740045943
"PRDM4",0.824292338107711
"ARRDC1",0.824185137208002
"ANKRD10-IT1",0.823671291241633
"DENND6B",0.823610438613926
"PRR14L",0.823599404444688
"RAMAC",0.823448285342829
"RYK",0.823392520183234
"NUB1",0.823320194848693
"AC020656.2",0.823306223976872
"CARMIL3",0.82288621583418
"AL606807.1",0.822881994313667
"MTREX",0.822832806857928
"RSPRY1",0.822211108705066
"PISD",0.822205507459938
"PDAP1",0.822157448744057
"POP4",0.82159145713746
"IREB2",0.821286735900401
"MSTO1",0.821237822593666
"MRPL27",0.821124909445219
"RPS27",0.820883992891296
"PPIC",0.820857153466734
"SRRT",0.820572456137441
"PPP2R1B",0.82028902051954
"UQCR10",0.820232141886737
"RFC4",0.820227539438969
"AL050341.2",0.820197002893526
"PLAAT4",0.820128742850954
"EML1",0.820008202808191
"CFLAR",0.819568002425768
"MBD4",0.819462749359952
"RWDD3",0.819415620079627
"NCOA7",0.819406381647244
"PIGG",0.819384403447742
"TNPO1",0.81935986278839
"CFAP20",0.819243670819478
"R3HDM4",0.819129536466471
"AC009133.3",0.818854432738719
"PROCA1",0.818583213555602
"UPF2",0.818524679445813
"IL17RE",0.818279017844358
"FOXO1",0.818238707081533
"ZNF862",0.817499384899103
"TRAIP",0.8170984242132
"THY1",0.816575667332851
"TRAPPC12",0.816413360529867
"UBE2V1",0.816340033583338
"TM9SF2",0.816157805996573
"ARHGAP17",0.81597566803809
"TAF11",0.815642687393279
"AP3D1",0.815632932990558
"OXNAD1",0.815523629647762
"AC068587.4",0.81522718441758
"TIMM22",0.815114470414646
"G2E3",0.81501506919374
"SGIP1",0.814926453776939
"BMPR1A",0.81487375599626
"PREB",0.81472055312585
"STK11",0.814100045363959
"LARP4B",0.814057741191623
"CHMP4B",0.813587189174671
"SSR4",0.813433628928559
"OFD1",0.813303497876994
"AC009118.3",0.813263726156274
"TJP1",0.812690642738
"ANKRD17",0.81249174325068
"WDR59",0.812184947294043
"ZW10",0.812013567552277
"IGKV2-28",0.811920823166871
"EDEM1",0.811866422556384
"BTN3A1",0.811714063733492
"ZNF317",0.811249424461823
"FBXL4",0.811042246797127
"AZIN2",0.811013202997764
"NDUFAF3",0.810812088378978
"INHBA",0.810650494522693
"USP15",0.810572145840489
"PRKAA1",0.810490398853271
"ZNF836",0.809734856758205
"PLK1",0.809413265023727
"PDCD5",0.809343419536461
"ZSWIM4",0.809314462048961
"UBIAD1",0.809284914982146
"BIVM",0.809252437666978
"TRIM46",0.809160282875734
"AL133243.3",0.808975620940695
"POFUT1",0.808930993085794
"CTR9",0.808893129541073
"AC025423.1",0.80887533903708
"HASPIN",0.808664757868609
"TRIM33",0.808315831814949
"MORN2",0.808275512653918
"APEX2",0.808151543196403
"WAC",0.808124670423708
"TRIM8",0.807907247766743
"VTA1",0.807499409268741
"USP9Y",0.807113794076436
"AC078883.1",0.806854624404156
"DLG2",0.806805857768738
"SLC25A30",0.806744409910077
"CXXC5-AS1",0.806359063103073
"CD38",0.806280890485093
"PRRC2A",0.806149635557529
"PGAP1",0.806123351203983
"FOXP1",0.80606966763636
"ZC2HC1A",0.805789349349082
"CEBPZ",0.805735593286037
"POLR1C",0.805674406897596
"ZNF778",0.805616863379784
"INPP5E",0.805475913295248
"NOTCH1",0.805153341320871
"LZTFL1",0.804959451031326
"CDCA2",0.804581012084125
"AMIGO2",0.804521210555054
"SERPINB9",0.804502614112149
"TECR",0.804260316075784
"ZADH2",0.804252330591292
"FMO5",0.804042501506857
"SLC35D2",0.803908909520831
"ZNF347",0.803668219282976
"FAM204A",0.803435939943728
"POLQ",0.803219627015108
"TMX2",0.802952978492335
"ATXN2-AS",0.802610565620673
"SMIM7",0.802317002742583
"NUDT5",0.802164552783254
"ZNF468",0.802024453824323
"GAPVD1",0.801898894784172
"ZNF772",0.80178097923606
"CFAP410",0.801700408086944
"CYREN",0.801636311320398
"SLAMF1",0.801575320641488
"AC020910.5",0.801449455516247
"EMC9",0.801373855319818
"IFT20",0.801092210328593
"NCK1",0.80101123652796
"ZNF551",0.800916247936528
"LANCL2",0.800793333645156
"ZSCAN12",0.800696626928405
"INTS13",0.800570076135789
"FASTKD2",0.800382833797115
"NOTCH2NLA",0.800312962000134
"IGLV3-10",0.800212407590003
"ANXA2",0.800075234347801
"AEN",0.800023975802198
"FBXL15",0.799927805665995
"PPP4R1",0.799773096389093
"HDLBP",0.799385427404764
"GPR55",0.798873749286516
"EIF4EBP1",0.798494046142537
"TTC5",0.79835435531838
"FAHD2B",0.798125476478033
"NSD1",0.797969199800302
"NECAP2",0.797680338297114
"PARP15",0.797409098906306
"NGLY1",0.797385922576277
"TRAM1",0.797121237516791
"HAVCR2",0.797102810328619
"CMSS1",0.796969001982771
"AC010754.1",0.796273430915601
"DCXR",0.795793503108556
"EPHA1",0.795715913184511
"AC005261.1",0.795582559897803
"ERCC6L2",0.795469754682801
"CEP128",0.794775667722644
"F2RL2",0.794545220578838
"MYOM1",0.794460917587285
"HBS1L",0.794450772698304
"AC008915.2",0.79438234942973
"DDX24",0.794252966774985
"TRIM68",0.794153505164709
"F8A3",0.793945270228217
"NCOR1",0.793888919865719
"CNOT6",0.793548714591869
"RASEF",0.793507755058861
"SNRK",0.793248315440485
"WDR92",0.793067911692622
"CAMSAP1",0.792953493921747
"TAF9B",0.792892313141072
"CACNA1A",0.792859083891525
"TFR2",0.792724281508294
"ZNF100",0.792554010431265
"YJU2",0.792537243850287
"KDM5C",0.79234125565933
"GATA2",0.792143667809795
"SDCBP2",0.792126129427445
"UBP1",0.792117448787223
"PPIG",0.792086412817397
"CAMTA1",0.791350331723318
"SRP9",0.790755724643067
"NAA15",0.790470958597233
"SCYL2",0.790173972912187
"METRN",0.789934296672259
"GMEB2",0.789920768250262
"RALBP1",0.789617419562257
"OTUB2",0.789483106316371
"SYNE2",0.789446070186233
"PPP1R13L",0.789365210604619
"BIRC2",0.789182160516858
"SFT2D2",0.788568849359976
"MTUS1",0.788290612125615
"AKAP1",0.788262387326793
"FAM215B",0.787991772975764
"SLC26A2",0.787818203218772
"SDHAF1",0.787334507916182
"IGLV10-54",0.787289993484815
"ZNF283",0.786970490198306
"PLPP6",0.786914397981877
"UQCRFS1",0.786773958066965
"GET4",0.786703694692089
"PA2G4",0.786703612681922
"MTMR9",0.786390430643013
"AVL9",0.785267378401518
"OOEP",0.785056008397691
"UBE2D1",0.785001286397964
"LINC02100",0.784606352537501
"OTUD5",0.784159419331843
"TMEM183A",0.784105818747973
"TXNDC17",0.784096483192102
"TRIM32",0.784085824070113
"EIF4E3",0.783859225216043
"C19orf53",0.783778171293928
"AMN",0.783481694815132
"CDT1",0.783449899257296
"AC074212.1",0.783319252402649
"TM2D2",0.783208872536294
"POT1-AS1",0.783101723919013
"CBFA2T2",0.78310059346026
"IRF2",0.782935438257723
"ADAR",0.782749699729606
"YIPF6",0.782632804900157
"COPS7B",0.78254293358309
"DUS3L",0.782101113662256
"C5orf56",0.782069430430298
"GSDMB",0.781794386791887
"FAM241A",0.78177477815056
"PMM1",0.781325566961383
"TMX3",0.780996034012596
"DTHD1",0.780772138699348
"TMEM259",0.780528607555673
"CD27",0.779965281685831
"AC108488.3",0.779963657718339
"TTC22",0.77989624809813
"CADM1",0.779801111340807
"BAP1",0.779787005968729
"RAD17",0.779065927569787
"TTLL5",0.778567889959474
"CLUAP1",0.778025582493587
"UFSP2",0.77765558152304
"TRAPPC6B",0.777469507038186
"ECT2",0.776972673541652
"ALG2",0.776920568572885
"C1GALT1",0.776808773077225
"PSMC4",0.776733009416015
"KIF15",0.776270301424971
"BBS9",0.77622710662776
"POLR2F",0.776021660201276
"TCF3",0.775916454472869
"FAM222B",0.775819337927102
"SERPINB8",0.775670330956912
"BMF",0.775271246159732
"Z82195.3",0.775216049036743
"MAP4K2",0.775074752282723
"BCDIN3D",0.774240648345096
"SLF2",0.774017099541957
"ADPGK",0.773676037553042
"TEX30",0.773587344222193
"ABITRAM",0.77353677917133
"ROBO1",0.773510491625588
"KCTD18",0.773489508223313
"TRBV12-5",0.773464214284424
"NFU1",0.773231945996151
"AC022706.1",0.772925502074137
"GOT2",0.772465410470067
"ARRDC5",0.772447879010807
"TATDN2",0.772429673729506
"TMEM11",0.77242254882625
"ZC3HC1",0.772417739401641
"CCDC144A",0.772182593718437
"CEP112",0.771566247992902
"SCAMP4",0.771519359826641
"TRAV40",0.771507439883191
"NPIPB13",0.771467361474917
"MEX3D",0.771256124524384
"VIM",0.771183373429469
"ANTXR2",0.770954911699323
"KIAA2026",0.770744228966398
"OGFR",0.770624523065684
"ATR",0.770595155187633
"ZNF431",0.770305849183107
"TMEM60",0.770098741557146
"SPON1",0.770051724161938
"MRPL54",0.769220195423707
"HAR1B",0.76913335477319
"LEF1",0.769106736797964
"CCZ1",0.769006727805837
"AKTIP",0.76869999852723
"MVD",0.76831346232506
"SNRNP200",0.768223838011934
"TMEM79",0.768080346968803
"NDST2",0.767906466336986
"AC092835.1",0.76782179032487
"OXT",0.767780607171099
"POLR1B",0.767607043419561
"INTS11",0.767419575362588
"DHX8",0.767378024948204
"FCHSD1",0.767376740515329
"AC112220.2",0.767370640419179
"AC087362.1",0.767361832617915
"RPP14",0.767049760581102
"ARL8A",0.766242248087909
"MYSM1",0.765757710856193
"PDE7B",0.765738130772815
"ZNF841",0.765470916406584
"TICRR",0.765425549992141
"ERICH1",0.765177473568646
"RWDD2A",0.76497858219898
"FASTK",0.764932373062984
"MYO19",0.764740706558599
"TRBJ2-7",0.764538122913449
"ZNF540",0.764052196617115
"PTCD3",0.763862753464112
"AAMP",0.763825082679216
"NOL6",0.763427049816502
"C4orf50",0.763350954648637
"CCDC141",0.763041513775295
"DGKH",0.762518745280573
"PFDN6",0.762475837642297
"PRKAB2",0.76200969907339
"TXNDC11",0.761815910753389
"CRADD",0.761717120094513
"RRP1",0.761680011037887
"AC024075.1",0.761515801568913
"ADGRE5",0.7613118761077
"KCMF1",0.761309389507278
"ARL6IP5",0.760785980457947
"LRRC57",0.760210530228202
"TMED9",0.760178503337384
"ZNF197",0.760143782345736
"TCERG1",0.76003129165894
"TRIM73",0.760000193199651
"WDR33",0.759990310532181
"S100A6",0.759873659753363
"HTD2",0.759670485085699
"ZNF502",0.759571761401113
"COG8",0.759371686430009
"CHN1",0.759327482160128
"SLC10A3",0.758973133502732
"UGT8",0.758330989561377
"TMEM52",0.758235040764806
"ATXN3",0.757794586148588
"LINC02362",0.75765364650262
"KIR2DL4",0.75749397315118
"CSF3",0.757459241541
"PSMD8",0.757029145935981
"AL161668.3",0.75689578230835
"RPRD1B",0.75667499847277
"PRC1",0.756638939055635
"ATP5MF",0.755834752242332
"NFKB1",0.7557058458521
"TBC1D23",0.755600386704522
"ABCF1",0.755391465948419
"LAPTM4B",0.754964054676497
"SEC61B",0.754918115672556
"DIP2B",0.754833090994246
"ZNF786",0.754590677658059
"SGO1",0.754476831102281
"LARS2",0.754140849680836
"UBE3C",0.754122859974703
"GLTPD2",0.754084021717373
"DNAJC19",0.75407910939481
"TSPAN5",0.753929013606797
"FAM98A",0.753613756964806
"C1RL-AS1",0.75330305186325
"PNN",0.753071542974381
"NOP2",0.75306076489263
"GTF2H4",0.752569233473783
"RPGRIP1L",0.752516194091323
"AC069224.1",0.752362148490195
"SMNDC1",0.752357276553029
"MDM1",0.752029596807064
"NISCH",0.751767730315551
"MMP12",0.751580780103575
"TRIM16L",0.751505691013923
"LINC01138",0.751307251557584
"THOC1",0.75128526312317
"CENPN",0.751262147722234
"ZCCHC17",0.751228705466239
"MSANTD4",0.751191907955151
"BRCA2",0.751039122419385
"HGH1",0.750895641564661
"TDRKH-AS1",0.75052753156203
"CTF1",0.750459948819969
"JAGN1",0.750261064784762
"MAF1",0.750001054397819
"TMEM9B",0.749834416352376
"PNOC",0.74927092242502
"ANXA11",0.74916584331166
"SLC4A7",0.748938419608975
"KBTBD6",0.748906646204349
"ZNF740",0.748887503165531
"AC005519.1",0.748773086191331
"WBP4",0.748005724030739
"DYNC1H1",0.747987947041397
"ZNF430",0.747904229673527
"FOXJ3",0.747844610705444
"C19orf12",0.747775803326725
"VPS39",0.747447483173733
"RELA",0.746760363654634
"GPATCH2L",0.746393604288849
"ZNF699",0.746246934324804
"CAST",0.74623939826758
"KATNA1",0.74612090013622
"KHDRBS3",0.746069677922086
"GART",0.746018391815807
"CARMIL2",0.745994695795081
"PPP2R5A",0.74596957721106
"CFAP54",0.745926054047781
"RTP5",0.745569232381461
"PEF1",0.745551410703737
"ZNF24",0.745538229361963
"TOR1AIP1",0.745511709017978
"AEBP2",0.745325934082018
"PRR19",0.745210785332387
"LPAR5",0.745188439840532
"TBC1D3L",0.745039146279605
"PDS5B",0.745031575368212
"NDUFA2",0.744564742829514
"ANKRD39",0.744489367071039
"GGNBP2",0.7441424436884
"RABL6",0.743756341609819
"ACLY",0.743649198040221
"REXO1",0.74358224024503
"PCGF5",0.743563971705421
"RNF146",0.743332988337484
"L3MBTL2",0.742830145280294
"TIMM8B",0.742639599432689
"EP400",0.74262591705631
"SUCLA2",0.742589422359962
"KIF2C",0.74231819511756
"CFAP36",0.742021201177583
"HIRIP3",0.741957754700919
"ADGRG1",0.741584641278367
"STIM2",0.741525561181415
"EMD",0.741366371350985
"GATAD2B",0.741172354412425
"ZBTB8A",0.741150821776194
"HP",0.741142283253487
"AC091057.6",0.740897964320906
"ASNS",0.740771926787034
"VOPP1",0.740604976601977
"ZNF888",0.740563700014954
"DPY30",0.740553873521285
"IFI16",0.740388226565531
"TSC2",0.740295992514522
"MAP4K5",0.740267530336974
"ERGIC2",0.74021308046469
"AP000766.1",0.740200408853506
"ARFIP2",0.740195581591169
"MAPK10",0.740102345890023
"WLS",0.739944000955535
"PRKCD",0.739870859606241
"PLCD3",0.739648791857519
"POLR2E",0.739493957034527
"PDK2",0.73944171991369
"LLGL2",0.739401343112748
"NIPA2",0.739334481225198
"ZFP1",0.738938344037344
"SCN3A",0.738753341924064
"BRI3BP",0.738728357081663
"USF3",0.738675618439947
"GPX2",0.738653760878606
"TMEM248",0.738651419567505
"TUBE1",0.738644708296358
"SNTA1",0.738352656999237
"AP003774.2",0.738235099521769
"ZNF580",0.738140560354513
"CRTAM",0.737853580663925
"ALG12",0.737845321714632
"KDM7A",0.737813686579172
"MAP4K4",0.73751121917869
"CHRAC1",0.737505117104173
"EPHB6",0.737151122815977
"LUC7L2",0.736646401714631
"TOP2B",0.736629673287808
"ZFYVE27",0.736547978894626
"NAPG",0.736427314234053
"B4GALT2",0.735436747457113
"CTH",0.735307224383753
"TTC32",0.734993002087577
"NAV2",0.734694683466652
"ZBTB24",0.734244379929238
"RLN2",0.734193698679764
"PKN2",0.733627391180516
"ALDOC",0.733415381323673
"PSMB5",0.733260170653242
"TMEM168",0.733180624317709
"LRP10",0.733059759758069
"CYP46A1",0.732407244302112
"SPEF2",0.732272500985199
"AL118508.1",0.731556902625243
"SEL1L3",0.73102969584412
"FBXO10",0.730501108224859
"CORO7",0.730374176984382
"DNAJC13",0.730229479520451
"INCENP",0.729818990048905
"RPN2",0.729584808767153
"SGTA",0.729535765797772
"ZNF583",0.729261277537534
"XAB2",0.729022233722861
"RAB11FIP3",0.728973864760151
"ZMYND11",0.728872603093801
"ZNF829",0.728865658524687
"ASAP1-IT2",0.728668790722274
"NUP188",0.728514098222818
"AL117344.2",0.728487709178586
"FAM83D",0.728341339997423
"WRN",0.728209449040438
"GMIP",0.727423075879517
"SVIL",0.727375174141928
"ANXA7",0.727348680197942
"TMEM42",0.727197164494664
"FASN",0.727160784635469
"ILF2",0.72709555213943
"RPA3",0.726910976460631
"GCNT1",0.726657628710583
"RHCG",0.72626640018544
"GTF3C2",0.72608073324314
"ZBTB38",0.725845865746183
"ZNF287",0.725818543609545
"LINC02482",0.72559263147656
"DGUOK",0.725555739829329
"SEC24B",0.725389799524438
"METTL2A",0.725317266438658
"TRBV11-2",0.725184428389923
"UBE2N",0.72497480382487
"AL365295.1",0.724871960605769
"HIGD1A",0.724295722568144
"NUP35",0.724102940182342
"TADA2B",0.723907182843802
"JPT1",0.723764313575337
"SKA3",0.72369967550906
"AC118549.1",0.723556939000844
"PSMB3",0.723519922723236
"SS18L2",0.723394396505429
"POP7",0.723057307652817
"LINC00519",0.722575678321693
"WDTC1",0.722516039274526
"SYNM",0.722427658986865
"POLR3C",0.722390062558267
"PRKAR1B",0.722327644790383
"SMIM15",0.722270120346311
"AL591846.2",0.722236402351405
"HCFC1",0.722046265357281
"HIST1H2AK",0.721857820842033
"INTS7",0.721629642611646
"FITM1",0.721354231694679
"MYBBP1A",0.721353692964969
"IDS",0.721351973688047
"MAEA",0.721329591729412
"ARMH1",0.720599432694038
"GNB1",0.720544215050145
"LIG4",0.72043492692063
"AC005224.3",0.720360147329014
"ARFRP1",0.720345837381629
"CDKL5",0.720294710131813
"C1orf174",0.720261278631733
"MTHFSD",0.720252822560941
"PSMC6",0.719678578903561
"ELAVL1",0.71953042346205
"EMC10",0.719469078800267
"KAT5",0.719215958171009
"CDK8",0.719172501376894
"ABCA2",0.719070678665661
"TRIM62",0.718885642314216
"MIS12",0.718833637754705
"MAP9",0.718636876150075
"BCCIP",0.718375767167427
"TMEM128",0.718283896574533
"ZNF586",0.718273384026706
"CPLX1",0.718144281750805
"CNOT1",0.718070250616729
"SAMSN1",0.717982443376368
"GOLGA7",0.717969428217356
"NOL11",0.717880514636122
"CCDC189",0.717340474548318
"PIK3CA",0.716827215318191
"RBM5-AS1",0.716714655209877
"ANAPC7",0.716679984841394
"CDK2AP2",0.716494008385936
"LRBA",0.716365358771233
"TP73",0.716067944823619
"MRPS34",0.715989605832907
"ACY3",0.715562880591385
"FAM200A",0.715462474309843
"FAM160A2",0.715150873081896
"DLG1",0.715118774108428
"OSBPL8",0.714951121632999
"CHROMR",0.714819818111883
"MPP6",0.714741373378925
"ABCB8",0.714524226510322
"OST4",0.714344726243438
"E2F2",0.714297092884681
"SBNO1",0.714168664297878
"SETX",0.714014734390613
"GHITM",0.713974414841098
"RAB11A",0.713851546229652
"SCAF11",0.713820028104377
"NDUFA1",0.713632079567538
"PAAF1",0.71348261360258
"HIST1H4I",0.713426442294887
"PLAAT3",0.713253754445487
"SLC35G5",0.713168828115793
"MT-CO3",0.712809259644049
"KIFAP3",0.712781553674883
"OTULIN",0.712654947742343
"PIGS",0.712122050916211
"NOB1",0.711963926227056
"USP54",0.711673246147135
"TNRC18",0.711458517184814
"NANOS3",0.711407928664469
"TSC22D4",0.711238714607633
"SMG6",0.710819427208563
"POGLUT1",0.710733586875742
"OSCP1",0.710420690792649
"PRR13",0.710294231103987
"CYB5R3",0.709738578551393
"DCUN1D4",0.709598351839856
"SNX1",0.709523058738614
"FABP5",0.70932642632463
"AC116158.3",0.709177545825554
"ZNF638",0.708918155627208
"RAB23",0.708602445916842
"BORCS8",0.708304996854069
"IMP4",0.708209043283009
"MRPL15",0.708137314672793
"CUL2",0.708066448766396
"GOLIM4",0.707738389366794
"MAGEH1",0.707580045103125
"GTSE1",0.707337884112134
"NLE1",0.70623377661053
"LINC02416",0.706138637456872
"MKRN2",0.705874952408101
"QTRT2",0.705427430973465
"AGAP4",0.705023129011418
"RNMT",0.70456570092539
"RNF8",0.704422950757059
"PINK1-AS",0.70425192099901
"LEF1-AS1",0.704194236952355
"CIB2",0.704166855620313
"MBLAC1",0.704156545439989
"MTO1",0.703978959249202
"ADH1B",0.703977312038426
"VPS8",0.703928944292556
"UBTF",0.703478580535257
"RETSAT",0.703400204729099
"AC099791.2",0.702792412333134
"CHTF18",0.702784467761627
"ZSWIM5",0.702557035889901
"RAB35",0.702481691287838
"HERC6",0.702367615060064
"SAMD4B",0.702328020180578
"AP002360.1",0.702173227200018
"SKP1",0.701951953886655
"CDKAL1",0.701580701297033
"HIST1H3H",0.701219495852125
"RAB1B",0.701185587648524
"KLRC4",0.701042796056997
"PUF60",0.701031089581896
"SHD",0.700599420179883
"PYURF",0.700439866838966
"ASXL1",0.700301057116838
"ANXA5",0.700054813030588
"NGRN",0.699982756232457
"LRCH1",0.699825039514163
"CDK3",0.699575828473396
"RPLP1",0.699572628248724
"NSD3",0.699537947577012
"SALL2",0.69939002986229
"GNAO1",0.699232531046255
"AL133410.2",0.699106227650001
"RNFT1",0.69847388059721
"HIF1AN",0.698397725240227
"SNF8",0.697978609195345
"AC097382.3",0.697907137066299
"ZNF689",0.697711949656794
"KCTD20",0.697371728725928
"MTHFD1L",0.697163262973152
"ZNF33A",0.697086064859768
"HGD",0.69700673597373
"ARHGEF35",0.696665879150129
"ABI1",0.696435245433133
"NNT-AS1",0.696262119380027
"PBK",0.696182967031958
"TOP3A",0.696058969526493
"ENSA",0.696044925018301
"DIS3",0.695882727612176
"NOP58",0.695849252954868
"SYNJ1",0.695701736243351
"ANXA2R",0.695662636774738
"TMCC2",0.69555968508085
"EXOC2",0.695507386452676
"STAM2",0.695301317800739
"MAGI3",0.694930148509629
"LGALS4",0.694900055104877
"AURKB",0.694613533202655
"NOMO2",0.694568796965539
"CHIC1",0.69453304725886
"LINC00880",0.694355906385575
"AHCTF1",0.69413897711124
"NSDHL",0.693713266933971
"AL138720.1",0.693592704086886
"AP5S1",0.693452275478198
"RDH11",0.693448258393163
"RPS6KB1",0.693208268136867
"SUPT20H",0.693099741493114
"TUBD1",0.693070930768967
"MRPL53",0.692978316672793
"TARDBP",0.692851868231581
"IBTK",0.692790143306559
"EPS8L2",0.692705488161243
"PSMD2",0.692704505722445
"A1CF",0.692447826478335
"MSI2",0.691968454800176
"RPS19BP1",0.691728942798272
"P2RY10",0.691416803662876
"NETO2",0.691157479642582
"LARP1",0.690951842158554
"AP000547.3",0.69060001646994
"KLHL17",0.690179512520638
"ATF7IP",0.68995265133393
"CPT2",0.689523101811273
"TMEM115",0.689447326201204
"ASF1B",0.689262341820718
"IL12A",0.689080158524963
"MEAK7",0.688892607066709
"RYR1",0.688875874121179
"BPGM",0.688512848838452
"LINC01806",0.688475838592194
"SNHG9",0.68812993001209
"CPB2",0.687797064422472
"Z95331.1",0.687578367427942
"KIF18B",0.687371135397708
"ACIN1",0.687007255505478
"PDE4DIP",0.686961884162803
"SMKR1",0.686576868899454
"STRBP",0.686527001260142
"UTP3",0.686301383885713
"NELFE",0.686209528807196
"AL136982.3",0.686060129623217
"SNHG6",0.685982644800142
"FRA10AC1",0.685720236732228
"TBX19",0.685068371168184
"GORAB",0.685016373743086
"MED24",0.684940379412108
"TSTD2",0.684876518815637
"FAM98B",0.684838846521294
"PDGFRB",0.684736764625241
"MED31",0.684669704248789
"ABCB6",0.684659207742481
"TMEM214",0.684626932579989
"TFG",0.684554446805102
"AL442125.1",0.683811042380965
"PPAT",0.683738283150478
"TRBV10-3",0.683488883141036
"WASHC4",0.683342451831899
"ZNF675",0.683174732611903
"AL731569.1",0.683064748047497
"S100A11",0.68304536601698
"MIR4458HG",0.682875044754651
"AMFR",0.682815205443989
"ANKRD13A",0.682814935483689
"STK10",0.682609665320741
"ZNF322",0.68260368723618
"CCDC69",0.682387539066948
"PTGDS",0.682183174705476
"SAP130",0.682133880405341
"POLDIP3",0.681884414542125
"STAU1",0.681856568290303
"NUTF2",0.681781932917609
"RASD2",0.681334298152454
"TRBV3-1",0.681103768182473
"FBXO2",0.681097929144717
"KHNYN",0.680910891098442
"CASC3",0.680845070924145
"AP001347.1",0.680742310750035
"MZT1",0.680394426734511
"RAD23B",0.680032581818136
"GGA3",0.679899824544412
"NUP107",0.67971038672735
"AC010969.2",0.679663581445665
"PPCS",0.67846805671954
"PIK3R5",0.677867132754255
"FICD",0.677824206012682
"ZNF84",0.677098272400423
"EXOC1",0.676709451934108
"DDX28",0.676570740693219
"SUB1",0.675733767088637
"PARP14",0.675572248619763
"IL6",0.675201470167759
"FBXO34",0.675166259108187
"FRS2",0.675155047281515
"HSD17B1",0.675125534788582
"RASAL2",0.675007396085226
"TAF1C",0.675002791736389
"ENTPD4",0.67479436529064
"PTPN4",0.674452064748946
"AL096803.2",0.674162439427001
"LRRC75A",0.674130555674271
"LHFPL5",0.674093985354454
"FRS3",0.674039868334245
"ATP5IF1",0.673921510133268
"PAH",0.673819373910411
"CRYBG2",0.67368347334082
"CDAN1",0.673308936001382
"UBE3A",0.673286816855535
"DCAF12",0.672786938346201
"ANKRD35",0.672751774487899
"KIF4A",0.672674935937918
"DTWD1",0.672603583965357
"PRXL2C",0.67231688190109
"COPS4",0.67214976364703
"IL10",0.67175130828119
"PAIP2",0.671474713232103
"AP000704.1",0.671321840970508
"FLVCR1-DT",0.671236402703774
"PRUNE1",0.67123472429812
"TMED8",0.670826480575
"ADH5",0.670394861339365
"STK33",0.670164514039541
"BFSP2",0.669882359675683
"DSTN",0.669868009372839
"GIHCG",0.669535091743075
"FAR1",0.669409682118509
"ACSS1",0.669282435150237
"GOLGA6L4",0.668853448021306
"AC005562.1",0.66882818765546
"C19orf47",0.668676957870662
"SCAF8",0.66860301085129
"MMP15",0.668321086515563
"ZC3H15",0.667964757849457
"NELFB",0.667913539613499
"KIAA0408",0.667906008940066
"AL121928.1",0.667724236693386
"HACL1",0.667701172582652
"RBMX2",0.667683089768235
"NTAN1",0.667596936289828
"GPRIN1",0.667518257470579
"C1orf122",0.667453264691891
"FANCI",0.667236174650388
"MAPKAPK2",0.667159165973956
"PSD3",0.666903244130528
"PSMA7",0.666784278704878
"ASH2L",0.666525398024509
"STAT4",0.666405857995855
"SLC38A5",0.666355228314155
"FAM171A1",0.665641363902501
"CD19",0.665497626511759
"SIVA1",0.665347003166223
"HNRNPM",0.665338960164461
"IRF7",0.664857828306363
"UBE3B",0.664391207190223
"TMEM50B",0.663971121602702
"KLHL42",0.663948944395469
"SNRNP48",0.66382517701487
"B4GALT3",0.663819538379221
"TSPAN17",0.663703316271633
"PSMD6-AS1",0.66332568226404
"ZKSCAN8",0.663299407410438
"PLD2",0.663132792635758
"URM1",0.662955183150702
"FADS3",0.662905624648681
"FAM185A",0.662827361862619
"SSU72",0.662746246122729
"GTF2A1",0.661896825322715
"ATAD1",0.661688558933516
"BAG4",0.661534936972252
"HDAC3",0.661194258038337
"PPP1R12C",0.661175026662956
"CCAR1",0.661102936916789
"RFX2",0.661061737223878
"IAH1",0.660850007850887
"CLEC2B",0.660819560113157
"SMARCC1",0.660372238514462
"PPP4R2",0.660029394578247
"TRIM24",0.659976626679452
"SAC3D1",0.659733240654723
"IL17RA",0.659646121977426
"ATAD3A",0.659630483245748
"AC008124.1",0.659599362696055
"AP3B1",0.659404129686728
"NEIL3",0.658877070708989
"TMEM244",0.658615262231966
"CENPA",0.6584494673446
"KYAT3",0.658057751789388
"YEATS2",0.657862442445435
"ABCF2",0.657652510174555
"MAP2K2",0.657493616189759
"TMEM189",0.657200667971252
"BRIX1",0.656520806197216
"ZFP90",0.656393094098884
"RPAIN",0.656046472718992
"TIMM21",0.656030517984457
"RAP2A",0.655917865907247
"RNF14",0.65586273616117
"SLC35B4",0.655830917496781
"RELB",0.655791413634365
"TRBV6-4",0.654916720687634
"FAM168B",0.654829068362034
"RAB6A",0.654723385104579
"IMPAD1",0.654536692894439
"PES1",0.65445677510746
"FAM122C",0.654442737594694
"PPIB",0.653734846654007
"FANCA",0.65362849317175
"CD3E",0.653317980222523
"PIGQ",0.653128525418901
"ZNF280B",0.653059735891428
"ZNF17",0.652995893425111
"RFX1",0.652977238924597
"SUPT7L",0.652684993586342
"AC002310.1",0.652437993941804
"CASP8AP2",0.651800220288604
"SRPK2",0.651423901193052
"NAPSA",0.651337958219672
"PSMD10",0.651235886337349
"ZFP91",0.650804193219724
"PVT1",0.650773112413242
"FBRS",0.650596101544702
"AL022345.4",0.650512401455107
"TCTN3",0.650294506971722
"ZBED5",0.65018041581704
"PANX1",0.649931478396754
"HLA-DQA2",0.649602686032904
"MED12",0.64945734647069
"SCAI",0.649318557231108
"TUBG1",0.649307388264566
"MZT2B",0.64899881721265
"STK3",0.648745279984155
"SETBP1",0.648740980753931
"NAXE",0.648501939599699
"HAUS2",0.648458879394943
"METTL16",0.648199725207678
"MAX",0.648177537113035
"DCAF4",0.648043262564266
"ABHD10",0.647761148993597
"S1PR4",0.647601279726217
"AL158071.4",0.647427433023554
"CWC22",0.646917679505462
"ADAMTS6",0.646889888956426
"ENTPD1",0.646437848585959
"AC244033.2",0.646329638162821
"ZXDB",0.646155680330584
"OPA3",0.645994940510068
"WDR76",0.645662467696171
"EXOSC6",0.645320621647229
"E2F3",0.644698584681742
"CTDNEP1",0.644651412604811
"GPR137B",0.644642379834865
"NCAPD3",0.644519064185882
"WDR53",0.64445765802817
"HOXB7",0.644201547863089
"AC073332.1",0.644183871401406
"HDGFL2",0.644163953915262
"SRSF7",0.644145854787448
"INO80C",0.644093819263262
"AC112721.2",0.643962579771587
"DNLZ",0.643896704866549
"JAKMIP1",0.643855293701888
"GOLPH3",0.643840673798213
"DIMT1",0.643834292047447
"ZNF724",0.643595426948047
"COA8",0.643445522355728
"AC016876.1",0.643091222827361
"ACSL4",0.642902765272153
"LINC01355",0.642475344791483
"CEP290",0.642462611712662
"SERINC3",0.642436086800887
"TC2N",0.642410212958021
"VAMP2",0.641778858090387
"DHX38",0.641755864579905
"PREX2",0.641530150332384
"FKBP14",0.641024241758665
"AC111182.1",0.640604125582331
"AC092338.3",0.640357040444878
"RAD54L",0.640133612814264
"MRPL47",0.640111891472657
"MRM1",0.640018657037684
"ZMIZ1-AS1",0.639912253644727
"SMG1",0.639714910809443
"WDR13",0.639653764496981
"GINS4",0.639040735118623
"TBKBP1",0.638927494566384
"ZNF223",0.638606473901655
"EHD1",0.638441333362929
"RNF10",0.638163063416785
"GLUD1",0.63797932043739
"RAB5B",0.637879236438354
"PAXIP1-AS1",0.637772620691213
"AL158834.1",0.637495748201082
"TRAV25",0.637348555828078
"AL137230.1",0.637214712567151
"GLYR1",0.636741811893891
"RBFOX1",0.636558375922781
"SBNO2",0.635936896995499
"QRSL1",0.635900472475822
"IL1R1",0.63561773293411
"THAP4",0.635504250698327
"SMYD2",0.63518202247258
"CARD19",0.634965679141089
"AC021092.1",0.634906173585504
"LKAAEAR1",0.63456993885548
"TIMM23B",0.634559890851772
"CXorf38",0.634181334838755
"OXLD1",0.634013717190255
"PJA1",0.633876780803935
"CHURC1",0.633667132699483
"H2AFV",0.633553943604493
"PPP1R13B",0.633552752168033
"GPATCH11",0.63334525221451
"ZNF512B",0.633035517294553
"CDKL2",0.632777718080355
"KLHL12",0.632748305432885
"KNTC1",0.632662520883037
"RAPGEF2",0.632530668063675
"HTATSF1",0.632449354207772
"BUD31",0.632183217752737
"DHX33",0.631949497953567
"COMMD7",0.631787601314833
"APBB2",0.631755923842973
"HIVEP3",0.631521869340462
"PURA",0.631276296767223
"GNG12",0.631226049299474
"NLRP6",0.631203707662352
"NRL",0.631032528173549
"DYM",0.6308555320584
"P3H4",0.630631133442741
"DNTTIP1",0.630159380047579
"PCGF1",0.630006100002344
"JAK1",0.629961258366891
"ATG16L1",0.628832448194222
"SLC25A29",0.628678328836134
"TLE2",0.628573668469875
"IPP",0.628525355479326
"NMI",0.628216818195471
"AL357054.4",0.628121939446495
"DDX50",0.628110550706727
"ARFIP1",0.628008474879853
"GET1",0.627932604230327
"SMAD5",0.627844527121453
"AMIGO1",0.627785156606342
"CCDC115",0.627721711735929
"GOLGA3",0.627622109201244
"RIOX1",0.627436941809717
"GLIPR1",0.627222520449779
"LINC00987",0.626990355376839
"ANAPC13",0.6268518603492
"ITGAV",0.626842135074678
"MCCC2",0.626717368955132
"TRMT44",0.626430300791376
"GLRX3",0.625846719234745
"DGCR6L",0.625753856304303
"COX6C",0.625658285358964
"BCAS4",0.625655592635159
"DPY19L1",0.625496800591724
"LINC00426",0.62533410069608
"SMG7",0.625118322631223
"AHNAK",0.625046572363471
"HIST1H3E",0.624929631174908
"WDR25",0.62468791658731
"CCZ1B",0.624685704919905
"WDR36",0.624661110675733
"NT5DC3",0.624654586403337
"SLC3A2",0.624398082200594
"SUMO1",0.624362061997233
"SENP6",0.624154044902712
"NARS",0.623979398781853
"ZNF175",0.623973206402448
"DTX3",0.623904057496421
"NDUFAF7",0.623845688486086
"NBPF20",0.623704052447543
"TMEM59",0.623606919960665
"IL20RB",0.623600122847435
"IGIP",0.623582104515729
"CARF",0.623578319094809
"ZNHIT3",0.623523480761267
"TSPAN9",0.623514902338075
"GINS1",0.623416500329033
"PACRGL",0.623150554889769
"CCL3",0.622201277455779
"CNBD2",0.622118654740455
"WDR43",0.621879292039092
"SAMD10",0.621263509709316
"AP003068.2",0.621203999013581
"CCS",0.621192784902935
"ZSWIM9",0.621060654529418
"ZNF518A",0.621010613185677
"AVEN",0.620829685139171
"ZFP62",0.620755044118791
"CLIC3",0.620652261498648
"C2orf68",0.620414043200622
"ELK3",0.620079486053714
"MPZL1",0.619882498943791
"MAP7",0.619881131720196
"ZNF559",0.619488648232408
"AFTPH",0.619278929179002
"PPP4R3A",0.618568386745661
"HEXD-IT1",0.617703656004885
"IL2RA",0.617673558896773
"DHX15",0.617252723788231
"AC055822.1",0.616969186552928
"UBQLN4",0.616913935551575
"ZNF708",0.616726387467294
"HSPBP1",0.616355539969352
"GNG11",0.616322687500136
"AP000873.2",0.615670886126107
"NOM1",0.614867438160822
"GOLGA2",0.61480138045847
"ABHD15",0.614684362980312
"ELOF1",0.614448098140306
"SCOC",0.614266271694608
"MAPKAPK5-AS1",0.613521138139613
"LINC01597",0.61328002100584
"LIPC",0.613248534892508
"AC092375.2",0.613233670113262
"API5",0.613233259780689
"RTL6",0.612954726341096
"MGST1",0.612739718222475
"EFHD1",0.612673633266592
"ACP6",0.612482387953775
"MGRN1",0.61245054834374
"ALKBH1",0.612446941948549
"UBR5",0.612394828402423
"FAM76B",0.612309643589442
"MCUB",0.61209867974797
"DYNC1I2",0.612077383479279
"POLR2K",0.611991142662884
"WIPI2",0.611576440151506
"CEP164",0.611141498739957
"ATP13A1",0.6111177671051
"AC096751.2",0.610921819936327
"MAN1A1",0.610905977591046
"SERINC1",0.610499114417073
"CXXC5",0.610304202457378
"OPA1",0.610260624607459
"IGHJ4",0.610258754997502
"AP001318.2",0.610217836693236
"VIM-AS1",0.610060497227678
"CDK20",0.609867105402086
"STIMATE",0.609609207652464
"EVI2B",0.609605133192363
"PARP11",0.609584682299987
"BFAR",0.609580928379449
"COX17",0.609239449467357
"TOMM40",0.609207303150742
"MIA2",0.609031933242653
"ANKRD44-IT1",0.608836133752459
"BTN2A2",0.608597767081243
"LAMA5",0.608488741254263
"ZNF284",0.607844506425857
"BRCA1",0.607690071063194
"GLCCI1",0.607398879854869
"AC139887.2",0.607377084819493
"LINC01311",0.607320666326549
"ARMH3",0.607070070801003
"ZNF852",0.606959140319522
"AC233280.1",0.606946387436145
"SQOR",0.606877325999788
"APMAP",0.606631895766612
"APOL3",0.605838400272989
"GOSR2",0.605636995683731
"CYSTM1",0.6051223925596
"AC023908.3",0.605009282542914
"CYFIP2",0.604695855903288
"NABP2",0.60457849497767
"STXBP3",0.604244606449558
"TIA1",0.604177596813619
"DLGAP5",0.603772396031322
"AC024560.4",0.603529364422639
"CCDC88C",0.603426731746519
"IQCB1",0.603262128243435
"VBP1",0.602986642353308
"SNRPD3",0.602588048667896
"ATXN7L2",0.601905006097121
"HIST1H2BC",0.601748596770724
"RABL2A",0.601505546861588
"COPS8",0.601233262773718
"PAK2",0.600772611715998
"IRF9",0.60075992620915
"RING1",0.600753985501064
"EARS2",0.600669320936497
"PSME3",0.600437228380692
"PUS7",0.600254969589146
"TRAF4",0.600141771338218
"SNRPC",0.600055717814983
"LINC02541",0.599764234906197
"BIK",0.599449371178209
"SLC30A3",0.599213766980647
"MED19",0.599113151337815
"AC215522.2",0.599084612298472
"RPL36AL",0.598860648305286
"PNPLA2",0.598834635813559
"SCLY",0.598467846284789
"ARHGDIA",0.598314364385663
"ZNF16",0.598250698695023
"FBXW11",0.598137997227214
"ACP1",0.59802133050071
"GDAP2",0.597992301049949
"SPRTN",0.59798069330043
"GOLM1",0.597642473793705
"TBC1D25",0.597509715354739
"AC136475.3",0.597376323398366
"ATF6B",0.597206577124771
"SP3",0.597111502213577
"PRPS1",0.59679920555833
"AC090152.1",0.596361373999564
"MGAT2",0.59631571929639
"DPM3",0.596259640906109
"AC021037.1",0.596188564741662
"NUDCD3",0.596066305240359
"CCDC191",0.595833215262499
"AKAP11",0.595797069162401
"PDCD7",0.595726437378184
"PSMA2",0.595566310989231
"CIAO1",0.595510872541312
"ZNF814",0.595464764561623
"EPSTI1",0.59443015182376
"TBC1D31",0.594271802808972
"MORF4L1",0.594261803918351
"SPHK1",0.594079434184624
"C1orf109",0.593629659827979
"ARHGEF19",0.593541025453149
"TOM1L1",0.593466198922679
"TMEM67",0.59336838138571
"APBB1IP",0.593216991556963
"INVS",0.592734683874046
"AC011921.1",0.592329172844785
"AP3M1",0.592174363563659
"FOXO3B",0.592139699665688
"HOMEZ",0.591766706057268
"MICU3",0.591588970344823
"ZNF579",0.591497533517502
"TERF2IP",0.591077488826894
"ZNF808",0.59105838665301
"ZNF710-AS1",0.590983004202005
"CRCP",0.590850106453717
"GOLGA8B",0.59082322633632
"CCDC90B",0.590570376380745
"AC002091.2",0.590524030589814
"PPP1CC",0.59043884192458
"IGHV2-5",0.590236443754031
"CCDC150",0.589879499791208
"CCNT2",0.589857895938265
"ITGB7",0.589776262567158
"MAPKAPK5",0.589645519897529
"ZMYM5",0.589634147595323
"ALDH9A1",0.589552163634703
"RAB18",0.589547017091321
"TMBIM6",0.589478853284866
"ZEB1-AS1",0.589213337334936
"AC023355.1",0.589195317726817
"MAP2K7",0.589153836940387
"EXOSC2",0.58902191945892
"RRAGC",0.588802937559563
"NOD1",0.588651237729851
"C2orf69",0.588472905486714
"APOA5",0.588163000646493
"ZBTB7A",0.588154778455962
"DRAIC",0.588154408019398
"ZNF770",0.587984044919734
"RECQL",0.587903365945123
"TBC1D10A",0.587651766001079
"ZBTB17",0.587311192487753
"AP001610.2",0.587304718276725
"USP45",0.587240392638882
"PGD",0.587226051782082
"KLHDC4",0.587046468134161
"SLC66A2",0.587005676133948
"PLA2G6",0.586826105504892
"MINDY2",0.586781093976619
"PSMG3",0.586757880657958
"PARP8",0.586726516181022
"KTI12",0.58667782918283
"CXCL8",0.586607585297542
"TRGV4",0.586413983754735
"ZNF22",0.586345283610382
"XRCC5",0.585983625080719
"CST7",0.585976504973928
"MYL6B",0.585860121233533
"ZNF417",0.585706549598953
"ZNF585B",0.585672216837914
"SYNPO2",0.585380299340486
"RFESD",0.585373253349531
"GTF2F2",0.585156570451271
"ZNF665",0.58512708925689
"KDM7A-DT",0.585058374557133
"SNX13",0.58500405389766
"ZNF256",0.584901670979949
"INAFM1",0.584848447301315
"COQ6",0.58446142656039
"PPP2R5C",0.584436885073504
"AC025164.1",0.584165317466252
"ZNF623",0.583962134464225
"AC016027.1",0.583934836782216
"VHL",0.583480701637268
"AP000692.1",0.583302942810619
"SMG5",0.583101689699297
"BAG1",0.582900169677241
"PRKCI",0.58286633351188
"DENND1B",0.582594667965552
"DHX40",0.582559309432311
"LIG3",0.582206596019643
"RCN2",0.582131280228715
"APPBP2",0.582050525066835
"HES6",0.581777905723212
"BICD1",0.581757278289928
"ZNF784",0.58095691366498
"SURF6",0.580806066833838
"MFSD14A",0.58045011407026
"ANKRD53",0.580272999766717
"NOL12",0.580188380898657
"MFSD3",0.57993046420878
"CORO1C",0.579560556661944
"MBTPS1",0.579517829908535
"WBP1L",0.578528291788006
"CNOT10",0.577826778130308
"ZNF608",0.577538477744269
"FMNL1",0.577528394274842
"HDAC5",0.577024696273633
"HIST1H1B",0.576906649367832
"NSUN2",0.57654156701508
"ZNF625",0.576457516048838
"ZNF571",0.576431987466168
"ADRM1",0.576416653267879
"VMAC",0.576398187252873
"DUSP16",0.576378765894549
"LTN1",0.576364245221617
"AL133163.2",0.576280995912316
"ACSBG1",0.57609634291054
"RPS6KC1",0.575994124991215
"LAX1",0.575545384547803
"PHC3",0.575404342536378
"TMEM177",0.575367076035294
"FAM214A",0.57528132445951
"GIN1",0.575092342357135
"TM2D1",0.57505080591072
"AC011611.4",0.575038402724328
"AC005837.1",0.57501106085294
"DDX39A",0.575010379718989
"YPEL2",0.574978514152164
"ARL13B",0.574794856878319
"ZNF607",0.574508164703
"MTF1",0.574420743288604
"GLB1L2",0.574317259904293
"AGA",0.573947697753614
"NIFK",0.573818773277433
"USP19",0.573654139709737
"ATP6V0A2",0.573627811283554
"COL6A1",0.573446319081111
"AL359962.2",0.573424248957838
"IFT122",0.573404942124429
"MARCH6",0.573183550871902
"THBS1",0.572909907170948
"ZNF236-DT",0.572580132099896
"NUDT19",0.572525066902061
"AQR",0.572474406618108
"RTP4",0.572448271014501
"CDC25A",0.572277935068402
"CTBP1",0.572071488809762
"FAM89B",0.571759809939093
"WNK1",0.571632113938928
"ZNF44",0.571588618184909
"TMEM167B",0.571397430049816
"RUBCN",0.571355485823987
"PARS2",0.571233199598029
"GLS",0.571044962225373
"ZMAT3",0.570801818343047
"ARHGAP35",0.570798642382006
"IGKV1-33",0.570784032540851
"AP001267.1",0.570760735241852
"SLC35C1",0.570657784606407
"NBPF3",0.570496132049437
"AK6",0.570467251874399
"SP100",0.570399146285005
"TMCC3",0.570237234241085
"SDHAF3",0.569366276001751
"AL022311.1",0.569080433773862
"TET1",0.568846181737445
"CLPP",0.568728915855806
"FAM66C",0.568718484419177
"RETREG3",0.568675583828003
"ZNF251",0.56857685774355
"TFPI",0.568483516378917
"ZFX",0.567977954694848
"NAA30",0.56732517044753
"PALB2",0.567204904490766
"NUP210",0.567148629193886
"GMDS-DT",0.566785485589223
"BCAP29",0.566658546081193
"RCOR3",0.566123429743813
"FGFR1OP2",0.566037531644347
"G6PD",0.565483239779718
"BSG",0.56540336103365
"SYNJ2",0.565375203963745
"JMJD8",0.564628704756368
"PSPC1",0.564537735701264
"WWC3",0.564431677395541
"GRB10",0.564209621264687
"USP21",0.564048702175707
"SLC25A16",0.563685068223954
"ANKIB1",0.563650552835314
"EDF1",0.563423363662074
"NES",0.563188866412033
"AL139089.1",0.562993972446645
"ITSN2",0.562810933931598
"ZSCAN21",0.562626622092675
"NBPF19",0.562603336086509
"R3HDM1",0.562389472534181
"MVB12B",0.562200275167255
"BCL7C",0.561972807667059
"ACBD7",0.561743070224755
"TRANK1",0.561631915468511
"EGLN1",0.561438024081378
"PAQR4",0.561281931338723
"CYB5B",0.561139820532142
"WDR90",0.561059599607272
"TRIP12",0.560702032598646
"CFAP43",0.560681680700837
"TNFRSF1A",0.560521571423547
"AP5Z1",0.560422265223438
"UBR3",0.560388498984498
"SNRPD2",0.560160335380529
"MAPT",0.560128202189561
"OARD1",0.56011861404517
"INTS12",0.559700195457593
"COX5B",0.559675449419043
"EIF3B",0.559550331675415
"AC099343.3",0.559139281352257
"AL049780.2",0.559091634858418
"NUS1",0.558729461276015
"NOTCH2",0.558207470088873
"SENP2",0.558129651415659
"SOCS1",0.558089399913251
"PTCD2",0.557399431286349
"SEPTIN8",0.557239089294804
"SUPV3L1",0.557226101011771
"ABHD4",0.557081018150643
"HINFP",0.556577475902107
"SPINK2",0.556498906612255
"SAA4",0.55649502656584
"DCP2",0.556270219510875
"AGGF1",0.556194985010718
"CPNE5",0.556160052323054
"WDR70",0.556137107069163
"OIP5",0.556037698405378
"ZC3H7B",0.555869155107571
"VILL",0.555660978815962
"BPTF",0.555656220788045
"TMEM44",0.555441857347812
"PALM2-AKAP2",0.555381861263093
"KIAA1324L",0.555381257939713
"SF3A2",0.555348459681747
"TRIM66",0.555346395018111
"LSM7",0.55527787853119
"PATL2",0.555169343923015
"SPC24",0.555051854876386
"PSMC5",0.554982185248896
"MDS2",0.55485457496392
"CLDN14",0.554807375780034
"MMP1",0.554737705813429
"PLEKHA8",0.554130432362993
"NCOA5",0.554044019365095
"DYNLT3",0.55398229297086
"COL5A3",0.553933816588205
"STMN3",0.553904172741983
"AURKAIP1",0.553775297889199
"STOML2",0.553752675554629
"NAA50",0.553644445282668
"FAM234B",0.553590365346513
"RBM42",0.553350578831742
"KIAA0586",0.553167665816051
"NOC3L",0.553104841339394
"DEK",0.553054535887082
"SYPL1",0.553041340525522
"AGL",0.552900987217566
"NDUFS1",0.552719096532501
"PPP1CA",0.552696089629211
"RBM25",0.552504283285307
"AP3S2",0.552240871572846
"APOL1",0.552158868307458
"HPF1",0.552129540971287
"ZNF619",0.551567878456088
"ARID3B",0.55135317070187
"TOR2A",0.551308455074059
"DMXL1",0.551259118700824
"DZANK1",0.551016913420102
"IFT57",0.550951610021907
"COX6A1",0.550934007171596
"WHAMM",0.550880796335241
"YEATS4",0.550820032022871
"LINC01841",0.550631405111848
"ZNF266",0.550512346508991
"MANEA",0.550421494444554
"NCMAP-DT",0.550414003407474
"MOSPD3",0.550313764455879
"TMSB15B",0.550296652547152
"DDX6",0.549597263751332
"TTC25",0.549181053309647
"PPP2R2A",0.548979809737857
"CRTC1",0.548883265355298
"ZNF687",0.548794563217117
"THUMPD1",0.548770727439504
"PLLP",0.548744849555116
"CRTC2",0.548566849376933
"TSTD3",0.548212404611671
"HECTD1",0.547826720991689
"ATXN2",0.547817798260717
"DPP9",0.547792273444365
"TMEM154",0.547755337450354
"MFN1",0.547256081441999
"SUZ12",0.547199531626828
"UQCR11",0.546566220929017
"AC095057.3",0.546217793473402
"SMIM13",0.546194740906848
"PIP5K1B",0.545997926000667
"HOXB-AS1",0.545535533345795
"SFXN3",0.545361359267636
"USP48",0.545265119492485
"RNASEH2C",0.545129778896413
"LUZP1",0.544972233872482
"SLC12A4",0.544908052149654
"TNRC6B",0.544832411797855
"GALNT10",0.544785345367075
"RNF7",0.544739707622483
"AC104066.4",0.544602762351786
"AREL1",0.544476142374904
"MAD2L1BP",0.544450640753268
"AC144521.1",0.544444404401639
"NUDCD2",0.544028096284597
"TRUB1",0.543616047774792
"LNPEP",0.543537723012434
"LINC01550",0.543305929139837
"TMEM267",0.543099615083591
"DDX17",0.543064604353806
"RBBP4",0.542534964177246
"NFATC2",0.542399355953211
"IKBKB",0.542361481818031
"JADE2",0.542182998105217
"BNIP1",0.541957871286488
"AC008549.2",0.541941551531435
"ACAA2",0.541871049329128
"APTR",0.541631129071033
"C7orf57",0.54148347807457
"NATD1",0.541266606170551
"RASSF8-AS1",0.541213000118752
"SELENOI",0.541032280769571
"FAT1",0.541006857562109
"STX18",0.540923419581466
"TLE3",0.540921750135028
"STK4",0.54062893633119
"Z82215.1",0.540434877688069
"AC090192.2",0.540261360956315
"A4GALT",0.54013097756965
"TSPAN3",0.540000033425869
"ILK",0.539875519242554
"REEP3",0.539672792729013
"AUP1",0.539650365474377
"RBM28",0.539182020959753
"STARD10",0.539001643047312
"AC004253.1",0.539000287715058
"RGS14",0.538266425484811
"SRSF2",0.538005712998824
"PPP1R11",0.537860325663316
"MPC2",0.537846545806484
"GNG5",0.5377875028436
"PRDM11",0.537737896798852
"UBQLN2",0.537590985179449
"ZNF408",0.537189349706658
"MAOA",0.537017475657084
"PRR14",0.536991409597147
"DPH3",0.536956988558019
"TBX20",0.536530331315973
"PPTC7",0.53634868341015
"P3H2",0.536338249746697
"FRG1",0.536225754222622
"DDX60",0.535886381204067
"CDR2",0.535840965083256
"ZNF182",0.5358253075771
"GIT2",0.535777511618319
"SPRYD4",0.535704815918538
"RIOK3",0.53550914452409
"DLG3",0.535350926558835
"APOC3",0.535238149467337
"AC080112.4",0.535072142106245
"IDH3B",0.534919121594263
"ZNF232",0.534901469419179
"EBLN2",0.534777426935986
"RAB30-DT",0.534665764538517
"RTN4R",0.534589653081666
"EIF1B",0.534496611612656
"LINC01226",0.534190739513363
"INPP5K",0.533974447898983
"GLRX2",0.533767061713591
"SHLD3",0.53376265151363
"NSMCE3",0.533740403085507
"CHUK",0.533437815991906
"VDAC3",0.533348283897691
"ZNF562",0.53316263174632
"NCBP2",0.533009655535928
"AGPS",0.532937776442993
"PHF5A",0.532873751887288
"PCED1B-AS1",0.532873118682291
"HIPK3",0.532358398823472
"ERICH5",0.531949506798638
"SEMA6C",0.53172256901173
"EID1",0.53171038569729
"ZNF780A",0.53159644952587
"ZNF518B",0.531416430376538
"C1orf112",0.531151493348943
"TMEM173",0.531117719675232
"UMPS",0.531094568977959
"KRBA2",0.530567002662604
"ITFG2",0.530504451912641
"AC110611.2",0.530429284225486
"TRAV38-1",0.530029561762025
"ALMS1",0.529845800476465
"RPS16",0.529783477920029
"RBFA",0.529192426568771
"PUS3",0.529052812664784
"TMEM62",0.528764766559566
"AC084262.1",0.528737165286039
"AP2M1",0.528450485555609
"ASH1L-AS1",0.528334119557678
"FLVCR1",0.52824865326748
"ADGRA2",0.528074283561343
"MID2",0.528035625040332
"AC020915.2",0.528021565064383
"TUT7",0.52798526946812
"PRDX1",0.527620145823654
"UNC119B",0.527618406767419
"IBA57",0.527580086503142
"TROAP",0.527506485483055
"GPR137",0.527498384236882
"RNPEPL1",0.527467306795156
"TPCN2",0.527408916071661
"MCF2L2",0.527327810613928
"SLC35B1",0.527323423906607
"MASP2",0.527241443934617
"ASMT",0.527092664454775
"C19orf48",0.527060559405704
"CDCA3",0.526764572394556
"GEMIN6",0.526537958744057
"GNPDA2",0.52649613488805
"CHAC2",0.526459372299862
"ARHGEF5",0.526356457503719
"CFAP70",0.526183773201111
"MINCR",0.526149865954027
"DNAJC3",0.526059041963732
"AC131097.3",0.525923189415589
"LINC01283",0.525922842129215
"MAP3K14-AS1",0.525857252821774
"PPIE",0.525574992180433
"IGF2BP3",0.525523607693186
"MTMR12",0.525246190976639
"TRAV8-4",0.525217108097126
"AC010632.1",0.524999699961972
"IMPA1",0.524950857156234
"UGT1A1",0.524948470034207
"HIST1H2AB",0.52467823430344
"TOLLIP",0.524529191628612
"CERK",0.524308389075601
"PCYT1A",0.523619459289373
"HNRNPUL1",0.523576469067896
"GUF1",0.523524890857428
"RAP2C-AS1",0.523228302093836
"PXMP2",0.523150115164807
"LMBRD1",0.522860622708693
"IL1A",0.522814918176514
"COQ8B",0.522609566538764
"ANAPC2",0.522552054698416
"CCDC51",0.522424451314478
"DCAF6",0.522392024458753
"KANK1",0.52224680937286
"BRSK1",0.522205524437704
"PIP4K2C",0.521714078577881
"ATXN7L3B",0.521659652046731
"AC006369.1",0.521540109540935
"P3H1",0.521480831463329
"NEK8",0.521429970491257
"TRAV27",0.521250812356619
"ILF3",0.521135807755105
"SRF",0.521069214384813
"RIT1",0.521010614659347
"WDR3",0.520821575806038
"DSN1",0.52063250984591
"GARNL3",0.520565739629392
"AC012181.1",0.520432767743438
"PLEKHA3",0.520358120963677
"FBXO36",0.520332113754911
"CDK10",0.520158766342553
"CCNC",0.519840981857047
"NR1H2",0.519742131542182
"PAPOLG",0.519493099920546
"UGDH",0.519438211473338
"LMBR1L",0.519228717112074
"AP005482.1",0.518778626934728
"TMEM131L",0.518511434505635
"SLC45A1",0.518210804109974
"BAG2",0.51812145339402
"PAN3",0.518118875047892
"TMEM161B",0.518031885602527
"LRRC63",0.517907078292388
"TREX1",0.517760984007978
"PSTPIP1",0.517509761378474
"SP4",0.517508848519592
"PCF11-AS1",0.517118136609036
"ZNF268",0.517103509962529
"TRAPPC3",0.516855727292029
"ERH",0.516789039755877
"MTMR4",0.516456832373459
"ATXN1L",0.516451073274638
"ATXN7",0.516216340045479
"CMPK1",0.516042850984903
"FYB1",0.516018773397804
"AGO4",0.51553155340466
"GATAD2A",0.515449797900351
"METTL5",0.515307953265433
"RANGRF",0.515277586574976
"KDM5A",0.515234769038348
"TSEN54",0.515168851303179
"SYNC",0.515152563640503
"CDK13",0.515150322348577
"YKT6",0.514973354149043
"AC015802.6",0.514886940080141
"EFCAB14",0.514874493629045
"CBR3-AS1",0.514746166500638
"ZNF275",0.514408833371678
"TMEM184B",0.514204140256943
"ADM2",0.514203927292921
"PSMA6",0.514125770841708
"RRP1B",0.514011566159546
"CLSTN1",0.514007229842446
"FBXL16",0.513889941936307
"MRPS35",0.513701426938879
"COX16",0.513482769067739
"ZDHHC18",0.513337645496237
"HMGXB3",0.513149305930553
"LY6K",0.513077447730207
"MYO1G",0.512849392318487
"WRAP53",0.512793761034442
"AC026304.1",0.512655292259068
"NSF",0.512505935687732
"EIF3J-DT",0.512477141872556
"ATG12",0.512464184197234
"FAAP24",0.51244965516977
"IFRD2",0.512447771626276
"ZNF107",0.512395067716886
"PTHLH",0.512147847635057
"IGLV3-1",0.51172373492043
"TMEM38B",0.511697781918548
"MAGI2-AS3",0.5116484379166
"AC110921.1",0.511620657456407
"TOX4",0.511591397518601
"CCNF",0.511297876232478
"NUBP2",0.511229436385869
"XPO7",0.511092387570456
"PFN2",0.511057483357666
"LMAN2",0.510997339762022
"SOD2",0.510955089070435
"IGFBP7",0.510647076944525
"SEC31A",0.510387877845619
"PIN4",0.510160243467019
"RPS21",0.510123390941731
"MAP2K4",0.509648273798059
"AC018816.1",0.509634242229332
"GNB1L",0.509541102669589
"PYHIN1",0.509462074499304
"TRIM2",0.509426748706633
"PDCD6",0.509148818644565
"AL096794.1",0.508985190748307
"TMED1",0.508785974436505
"ATP11B",0.50877153146466
"TMEM45B",0.508536533672718
"AC093525.7",0.508510608473465
"AQP3",0.508341270631579
"INTS4",0.508136902259014
"PAFAH1B1",0.508112265354173
"ORMDL1",0.508052391736995
"PHETA2",0.508049493568514
"AC064836.4",0.508045290720289
"DCAF11",0.507821054050716
"AP002490.1",0.507442446241249
"AGPAT4",0.506896596583873
"RHOF",0.506445070386059
"KIT",0.506344940897125
"CHCHD4",0.506326033909203
"ZNF570",0.506218716288403
"AC017002.3",0.506199318886201
"AL109741.1",0.506102834269409
"TRAPPC11",0.505957585888894
"Z97055.2",0.505952260451252
"CAV2",0.50591563624788
"HLA-F",0.505332688643047
"SEPSECS",0.505127168506483
"OGT",0.504858124612205
"HIST1H1A",0.504524781578564
"WTAP",0.504393945048056
"PIP5K1A",0.504268052495285
"C9orf64",0.504260258880044
"CEP72",0.504073897135314
"ST3GAL4",0.503635364581173
"GLTP",0.503426529306425
"COQ10A",0.502880024060792
"PPIL4",0.502742589562221
"SIPA1L1",0.502630899387111
"RGS5",0.502356992261972
"CINP",0.502247391547053
"LY6G5B",0.501849534837697
"LCLAT1",0.501791982878542
"GMFB",0.501710763730046
"SMC2",0.50155460584825
"SMC5",0.501265245063416
"ELAC2",0.501222307528394
"AC104971.1",0.501077499021228
"PIK3CD-AS2",0.501062170864677
"ECHDC1",0.501056421531651
"RANBP1",0.500985616700483
"TRAM2",0.500785996349751
"TAGLN2",0.500571177095066
"MRPL50",0.499890463680838
"SYVN1",0.499601562947286
"LDHA",0.499477089996187
"FAM83F",0.499345529152155
"AC015982.2",0.499026987870835
"TRIP10",0.499005250092607
"SEPTIN7-AS1",0.498963729440298
"UTY",0.498904631407034
"SLC39A7",0.498847301473752
"FCF1",0.498838536286025
"BICRAL",0.498739008048714
"COL18A1",0.498681210055947
"GCLC",0.498613994994344
"MAD2L2",0.498536712824388
"ZNF19",0.498219420357118
"CLASRP",0.498171798662918
"ZNF511",0.497958471707625
"AC003681.1",0.497849494972129
"CMTR1",0.497839613000891
"DUSP14",0.4972930927692
"RAN",0.497279199381753
"KLHDC10",0.497239695937668
"SMIM3",0.497187930738801
"USF1",0.497164565529656
"SCRN3",0.496874553695822
"ZNF484",0.496760436503128
"ACTL10",0.496627686935158
"CRLS1",0.496493298825957
"SH2B1",0.496277882833811
"AL132780.1",0.495871767467726
"IFT88",0.495852048479545
"TMEM63B",0.495624372941565
"AC243829.1",0.495395547633977
"EEF2K",0.495169096482652
"BIRC5",0.494728551872924
"AC007695.1",0.494706521067812
"TEP1",0.494424066896246
"TRGV7",0.494328865459614
"ZBTB14",0.494263907163815
"DDX19B",0.494177543426505
"RPA2",0.494052288621374
"RAD23A",0.493925355539143
"ZNF850",0.493798154208413
"ETNK2",0.49377074604341
"IGSF10",0.493754591732689
"TYRO3",0.493683821948513
"FUBP3",0.493596404884884
"NOMO1",0.493566969982485
"LRFN3",0.493533984242797
"C8B",0.493509661357731
"DCAF10",0.49338208089278
"PABPC1L",0.49336055884516
"PPOX",0.493283862691732
"AL590764.1",0.493107235025296
"MTA1",0.49296081956958
"AP002851.1",0.492938016280167
"AARSD1",0.492847583382747
"AC027682.4",0.492764448048448
"C16orf91",0.492321656496108
"WRNIP1",0.492178535840909
"LRRC1",0.492032716077621
"GPM6B",0.491986191130061
"SYNRG",0.491838703954643
"FOXP4",0.491745918470611
"PDZD2",0.491676671337888
"KPNB1",0.491622606007298
"MET",0.491575193869793
"TNFRSF1B",0.49144091871849
"RSRC2",0.491428007908696
"PTP4A2",0.491316068983713
"CRYBG1",0.491008428156913
"AC016831.7",0.490853357050732
"CLEC4C",0.490763527642263
"PEBP1",0.490476350192649
"MFSD11",0.490323464936253
"XBP1",0.490145697333675
"SLX1B",0.489995102943792
"SERPINB2",0.489851721437355
"MSANTD2",0.489766116969505
"FGFR1",0.489302425112439
"ZFAND2B",0.489200949636331
"CNOT7",0.489104378546785
"SLC35F3",0.48877327097754
"ANKRA2",0.488621585451941
"AC139530.1",0.488619572581512
"PTPN13",0.488588647082821
"PIF1",0.488525956422862
"ST3GAL2",0.488316236397113
"DTNB",0.488138344537853
"PPP3CB",0.488101920904639
"OMG",0.487987118668302
"PRKCH",0.487812872491955
"LINC00309",0.487496041404131
"BTN3A3",0.487274725734349
"COPA",0.48713998121064
"YWHAB",0.486780455085566
"IGKV6-21",0.486652401069415
"ACACB",0.486578302107771
"TIMM8A",0.486571101324781
"CLEC3B",0.486155046492008
"NCAPG2",0.485998178944151
"PMAIP1",0.485899805241416
"AC007383.2",0.485525804467676
"GIMAP2",0.485509271595622
"CBL",0.485458023671062
"AIMP1",0.485389883064595
"LINC00271",0.485119831735228
"MAP1A",0.485118881453066
"KLHDC7B",0.485116782653631
"ASB2",0.485018707223612
"SCARF2",0.484598429012653
"AC025682.1",0.484580222062074
"PDZK1",0.484559912296919
"TGFB2",0.484294597308858
"BRWD1-AS2",0.483908511841016
"C5orf30",0.483829190334982
"ZNF530",0.48380072662763
"TP53RK",0.483681691626795
"SNRPB2",0.483391040135469
"DNAJC27",0.483362901209684
"NOP56",0.483254688707462
"VPS26C",0.483119586309972
"AP001412.1",0.482844190140508
"C18orf65",0.482606412637463
"KLC4",0.482035696884579
"RFX7",0.482007511367669
"B3GAT3",0.481823163156121
"LINC01260",0.481769704738212
"SMPD4",0.48170021232031
"MEGF6",0.481523458800927
"TRMT11",0.481433436206472
"PRAP1",0.481359892144077
"CLTC",0.481359455672502
"TM9SF4",0.481324882197574
"ETFDH",0.48129209073761
"BASP1-AS1",0.481228427337234
"AC018926.2",0.480907414434883
"PRR12",0.480874882607849
"EBPL",0.480812253123793
"TOMM70",0.480772940637513
"TTR",0.48059629133539
"WDR83OS",0.480585728252914
"DCLRE1A",0.480497551120649
"COA6-AS1",0.480490794796919
"LATS1",0.480410155224666
"SEMA3F-AS1",0.480260671230693
"UFC1",0.480144542826242
"SLC2A1",0.479880518576887
"DVL1",0.47956612450142
"ZCCHC4",0.479476893281713
"ZNF707",0.479281221276347
"HAVCR1",0.478844656583137
"PANK3",0.478833683841323
"AC132938.6",0.478823685778931
"MTFMT",0.478782502708464
"AC009090.6",0.478285144291183
"GNA12",0.478182632426465
"PSMB4",0.478162040675591
"TUFM",0.478141004935594
"LIMK2",0.477943431267709
"ZNF330",0.477924228582099
"CROCC",0.477671148757198
"ISYNA1",0.477655710220704
"CHMP7",0.477558256385334
"DCTN6",0.47749698984287
"LINC02195",0.47745476438718
"TCF25",0.477393494109172
"FDXR",0.477285177272669
"PROSER1",0.47707417462839
"NFYC",0.476810529548822
"LINC00910",0.476800316549301
"PITPNA",0.476465203483832
"LRRC56",0.476442250328035
"AL592148.3",0.47623378237887
"CIT",0.476068119644591
"AC025181.2",0.476020681377417
"MRPL30",0.476015138310538
"CHEK1",0.47576663450514
"EFR3A",0.475602735065947
"AL356481.1",0.475596162084404
"SNHG10",0.475406606016066
"ZNF273",0.475354615498106
"AC009831.3",0.475229494349523
"AC005037.1",0.475184364706573
"EFHD2",0.475130010985901
"PSMF1",0.474233931226713
"PACC1",0.473747745872478
"SRD5A1",0.473404545728315
"HTRA4",0.47315607055294
"COL5A1",0.472990113372439
"FUT8-AS1",0.472954011481894
"PLEKHF2",0.472858606094191
"PYGB",0.472423491350212
"PRKAB1",0.472378470384057
"COG4",0.472310557251572
"SMN2",0.472165735738627
"MRNIP",0.471808839706181
"MMP11",0.471628622447317
"C5orf15",0.471294752120487
"AL031963.3",0.471018247218311
"LINC02381",0.470866723340152
"ZNF577",0.470526306476004
"CDKN1B",0.470168567188253
"AC110995.1",0.469943521769346
"ZNF721",0.469797018320146
"AL031432.4",0.469759809858186
"SRSF9",0.469749141212056
"UBE2A",0.469414711954285
"SLC16A1",0.469173918142011
"PODXL",0.469108310631975
"AF131215.5",0.468776520126276
"TAF1D",0.468759686409802
"MGAT4B",0.468628325110865
"Z97192.3",0.468613813357956
"EPHA4",0.468162442490754
"DNAJC25",0.467992321079618
"ZNF30",0.467925989590784
"TRA2A",0.467920279294335
"TBCE",0.4677475820982
"GINM1",0.467715445828762
"FBXO9",0.467636383227077
"FKBP2",0.467447099558198
"KDELR2",0.467416438365465
"GCFC2",0.467154910709759
"BRAT1",0.467115959054815
"KHDC1",0.467056946047452
"EEF1A2",0.466918655360106
"TRIM3",0.466742642987201
"FKBPL",0.466668021509305
"MYL6",0.466589502798722
"CCDC18-AS1",0.466505713789607
"ZNF529-AS1",0.466245318622009
"SAP30L",0.466045512823472
"NTMT1",0.46596664085459
"IGHA1",0.46592740476674
"ENO1-AS1",0.465836635629788
"ZBTB22",0.465612079581631
"BCL9L",0.465225139508211
"YJEFN3",0.465104726741174
"SPTLC1",0.465063059953939
"HEATR6",0.464992967801673
"MAST2",0.464792002002563
"C1orf216",0.464614170485561
"PPP5C",0.464424900030846
"PI4KB",0.46441316628579
"FAM177A1",0.464387172870859
"AC016727.1",0.464072265072212
"AUH",0.464043971858133
"CHRNA6",0.463917089043813
"RNF19B",0.463828301782197
"HSP90B1",0.463624546935613
"EPHA1-AS1",0.463535163744454
"KRR1",0.463519911673118
"COG7",0.463383827329899
"CNP",0.4632611293355
"LMNB2",0.463243653754504
"ZDHHC12",0.463138221661686
"C3orf14",0.463058797517711
"IKZF5",0.463001664004645
"MKS1",0.462692592370081
"CSRP2",0.462646294484748
"DENR",0.46262923039839
"ATG4A",0.462514723252128
"IER5L",0.46249956989569
"WDR34",0.462435657433313
"CERS2",0.462162663041335
"HIST1H3J",0.462123768737929
"VDAC1",0.461747677953107
"DPY19L4",0.461448532984151
"TGIF1",0.461409776422775
"HIRA",0.461269012047197
"FAM221A",0.460725289428605
"CPD",0.460532645884731
"NSRP1",0.460505345598417
"PDSS1",0.460340131270815
"PLEKHG2",0.460173713323391
"RHBDD3",0.459937234710678
"KRT19",0.45989119889864
"KANK2",0.459873792198661
"SLC25A53",0.459364519353018
"CDK2",0.459116391418081
"CCDC14",0.45907472612385
"CDK11B",0.458652800065418
"TCP11L2",0.458314072628598
"SSBP4",0.458249173996887
"TMEM170A",0.458085539373693
"KRTCAP2",0.458004013320505
"ARL1",0.457948338734345
"MAP4",0.457899000485069
"QPCTL",0.457566372773446
"HEY1",0.457481230952708
"MAP10",0.457456772674918
"AC005670.3",0.457450897549225
"ICMT",0.456726999996435
"IARS",0.456372794862981
"SEC14L2",0.456249344063361
"CPLANE1",0.456187264225234
"CCDC126",0.455884075663211
"SPCS3",0.455863867895598
"NDUFA11",0.455527213337871
"POC1B-AS1",0.45539923740397
"MPRIP",0.455393511444729
"TPM2",0.454631428522852
"BLZF1",0.454347723687393
"PSMD12",0.454312787454933
"FRMD6",0.453970190492865
"SRXN1",0.453628311559504
"IL32",0.453590814604799
"RSAD1",0.453383197697483
"MRPL28",0.4533495400921
"AGPAT5",0.452954878414322
"AC092119.3",0.452946945523692
"ZAP70",0.452589853011248
"ZC3H11B",0.452175899965296
"MBOAT2",0.452162939159752
"ABI2",0.452104214615954
"EPC2",0.451905271769507
"GFPT2",0.451748247955834
"PUM2",0.451724000269482
"TDP1",0.451685240821513
"AL138778.1",0.451491576283222
"TIGD1",0.451460502553318
"MTRR",0.451440252621855
"SPDL1",0.451430955898348
"TPP2",0.451210146592893
"EMP3",0.450777540524462
"AC008875.2",0.45077390218659
"ORC6",0.450691634865791
"FAM218A",0.450690589826005
"EDARADD",0.450668542094218
"TMEM65",0.450353074244822
"EIF4E2",0.450197174303985
"ORC3",0.450004773367298
"MRPL43",0.449954583743893
"DMAP1",0.449781908887292
"XRN2",0.449725709670703
"RPS6KA5",0.449544765749829
"ZNF440",0.449445874116137
"MOSPD1",0.449022199062061
"MARC2",0.448749499187102
"PFDN2",0.448640569341858
"MRFAP1",0.447981581428586
"KIAA1522",0.447836718725411
"C2CD4A",0.447684690929434
"LRRFIP1",0.447662568435724
"CBWD2",0.447196611891949
"HMGN5",0.446960855574231
"DCAF8",0.446898223480913
"HNRNPL",0.446834691081625
"TMOD1",0.446607109154969
"SNRPE",0.446393351974994
"ZNRF2",0.446381475042666
"TPRG1",0.446368623092341
"DUSP22",0.446353985844777
"IQGAP2",0.446075371436001
"SEPTIN4",0.445978394769435
"TTLL11",0.445869175216692
"ATP2B1",0.44584079440192
"DHX36",0.445840686868017
"MAML1",0.445810075949832
"MTFR2",0.445680949938915
"TRAK2",0.445636579574829
"AC012146.1",0.445399751726237
"WDR12",0.444959128996026
"C12orf57",0.444822103288978
"ZNF691",0.444652829780086
"TP53INP1",0.444524802572787
"ARSK",0.444372840432794
"KRBOX4",0.44431803374217
"AL139243.1",0.444170675496675
"PALLD",0.44413688798582
"RELL2",0.44413460041343
"MARCH5",0.443977095300536
"MUC3A",0.443845432193187
"LIPT1",0.443760890872127
"GGCX",0.443353418733265
"DLAT",0.443167822095411
"TBK1",0.442791774081332
"SEMA4B",0.442720987700731
"AC016831.1",0.442701975540104
"CCL7",0.442654397195325
"AC018521.5",0.442636447311207
"AC008555.4",0.442503223861317
"MIS18A",0.442424025562292
"ARPC5L",0.44228683502681
"SLU7",0.442147004004464
"TPRN",0.442100035408017
"ZFAND6",0.441952242023081
"TMED2",0.441576533353852
"CEBPZOS",0.441464085537265
"TLCD5",0.441081317219379
"AMMECR1",0.440985461265706
"HERC1",0.44089946588155
"RNASEH1-AS1",0.440851850869259
"CEP83",0.44073365268321
"SINHCAF",0.440635120124848
"RFPL4A",0.440578959571077
"NDUFB2",0.440541388828875
"SLA",0.440458280351097
"GSPT2",0.4404494461361
"CXCL3",0.440252525704082
"RPP40",0.440191976604176
"AC138035.1",0.439953996145974
"SGTB",0.439860480848763
"RRM2",0.439790875475824
"LINC00511",0.439715870764818
"ATP2A1-AS1",0.439543900016917
"RBP4",0.439540204024227
"ALCAM",0.439425138324502
"NDUFB8",0.439363647300333
"SLC35F5",0.439232311881518
"SH3KBP1",0.439139630636763
"CAMK1D",0.439046427648489
"PABPN1",0.438955877195479
"RRP8",0.438909264486744
"FN3KRP",0.438822918870118
"ALG1",0.438803025061931
"MAOB",0.438399637558377
"ZKSCAN2-DT",0.438173122131551
"MEF2B",0.437849647853239
"RAB19",0.437814560378889
"BRPF3",0.437772243171201
"EPB41L1",0.43769486845919
"PCNT",0.437565213786427
"BEND4",0.437342906983431
"AC242842.1",0.436923706444075
"COX7B",0.436825697733024
"TRAF3IP2-AS1",0.436542656702599
"SUCO",0.436506903069553
"AL109840.2",0.436430274170195
"ZNF211",0.436177328192487
"ESPN",0.435141846654088
"AL136419.3",0.435115313019196
"RTCA",0.435022772282708
"ZNF143",0.434759725378988
"SNX12",0.434550892735431
"GTDC1",0.434448140531796
"UNC50",0.434351434790807
"MFF",0.434338636498431
"AC022973.4",0.434251537624575
"JAK3",0.433366659986111
"PIANP",0.433248998151569
"MIR503HG",0.433205600410379
"LRSAM1",0.433185488747244
"ARMCX4",0.43315837879496
"PSMG3-AS1",0.433094086849374
"CCR4",0.432646461120345
"ZNF594",0.432376629682216
"HIST2H2AB",0.432351464880437
"MLEC",0.432098803449829
"KCNQ3",0.431745775120719
"NUP160",0.431311793952669
"HEATR9",0.430999906923923
"AC091814.1",0.430971799834423
"WASL",0.430970382626662
"CSNK1A1",0.430953894990644
"METRNL",0.430944261406567
"ARID1A",0.4308831558275
"AC006064.4",0.430822627326911
"BTG3",0.430637812347649
"EPAS1",0.430397191541534
"CLUH",0.430237272652213
"SSRP1",0.429905413025899
"PNRC2",0.429904594118275
"CPSF4",0.429644256816643
"FUBP1",0.429311006424018
"ZDHHC7",0.42911311833205
"DHX32",0.429081358373603
"VPS26A",0.428483075082884
"IGLV2-14",0.428427404295683
"PMS2",0.428327471004559
"ZNF429",0.428310114620991
"AL355488.1",0.428116995705504
"MAP7D1",0.427862733045835
"MAP4K3",0.427826739640591
"FUNDC1",0.42770538863342
"MRPL14",0.427572053373536
"KHDC4",0.427496737815795
"GPR18",0.427394818177483
"EPB41L4A-AS1",0.427296447826507
"PLAG1",0.427216043280407
"AC009403.2",0.426985959125231
"RPL22L1",0.426966771779356
"LLPH-DT",0.426944674763274
"EXT2",0.426823427792466
"TRPV1",0.426667689816447
"EREG",0.426620616718772
"CCDC25",0.426386856388528
"XPO6",0.426385041061608
"SUV39H2",0.426095516940252
"C6orf226",0.426021309716274
"DZIP3",0.426012960915221
"CORO2A",0.425899816826479
"CACUL1",0.4258370738755
"C2CD3",0.42564656757124
"CXCL14",0.425411089148174
"AL645568.1",0.42540220337201
"ATG2A",0.425357564506507
"NUTM2A-AS1",0.425150894724963
"MBD2",0.425137885856305
"BDH2",0.425048601227943
"AKR1B10",0.424849365377149
"SCD5",0.424664751924353
"SEC13",0.424472159922151
"SETD1B",0.424264269415766
"POU2F1",0.423853105359924
"GPN2",0.423639083129767
"GZMM",0.423609770432913
"LAMC1",0.423560149397786
"ISL2",0.423352658358285
"EEF2KMT",0.423280061834286
"TRAV8-6",0.423103724436831
"ITGA10",0.422568320211763
"RAE1",0.422318894830127
"HDAC7",0.422266500918496
"CALY",0.422176040285538
"ZNF3",0.421786173547774
"UBE2H",0.421766867949209
"AC006008.1",0.421603161327683
"CDKN2AIPNL",0.421556954193277
"CHERP",0.421441354227254
"NBPF14",0.421267057053651
"NUP133",0.421158385170589
"MLYCD",0.421123233167755
"FLT3LG",0.421056973673114
"GRSF1",0.420641207344339
"ABCA3",0.420621017495429
"COL7A1",0.420270306266193
"ANKLE1",0.420204798452742
"ASXL2",0.420154860981958
"SLC25A5-AS1",0.420041855424312
"TUT1",0.420024579262531
"ZNF783",0.419781970952553
"TFPT",0.41962457324905
"PML",0.419573576929819
"ZBTB40",0.419559668913763
"AC099508.1",0.419413564330971
"OSBP2",0.419171605802994
"UBE2J1",0.419022087580635
"RAC1",0.418944888911972
"AP5B1",0.418744482909751
"ABHD17C",0.418555750405278
"EGFR",0.418482682587135
"TMEM201",0.418328345184694
"PNPT1",0.418302594119881
"C2orf88",0.417997607846015
"AC021242.3",0.417536023662603
"PRR11",0.417501163596921
"SIRPG",0.417409931758044
"GBP4",0.417187082476667
"TWF1",0.416845146972541
"SF3B4",0.416771421279236
"GBA2",0.416591148085187
"AC092295.2",0.416537832095685
"CHCHD2",0.416341361916202
"RASA2",0.416314859142377
"SLC29A2",0.416245483594151
"CD70",0.415841914451784
"LRP5",0.415045737969006
"HARBI1",0.414941730358414
"SAR1B",0.414817383467842
"AKR1C1",0.414798727747548
"CCDC84-DT",0.413902472221446
"POU3F1",0.413852918022248
"SMAP1",0.41380129834201
"MDM4",0.413767169568829
"PSMB9",0.413508072199168
"RAF1",0.41349001044463
"EVL",0.413341053058464
"ROM1",0.413203006750252
"XKR8",0.413130704816663
"NLRC5",0.412991473124932
"IPO13",0.412640535709671
"LIN54",0.41260848755497
"AC108134.3",0.412163829056057
"THNSL1",0.412021593539784
"POLE3",0.41180391845641
"DHFR2",0.411782985207694
"MAP3K9",0.411756214301395
"GMPS",0.411218736418111
"DRAM1",0.410863221141166
"SLC3A1",0.410769716517813
"GJB1",0.410727925096926
"NEK4",0.410723447870665
"C3orf33",0.410615708094009
"ZGRF1",0.41054348274739
"AC139887.4",0.410362918750222
"BFSP2-AS1",0.410252212174899
"YWHAE",0.409996376781081
"EYA4",0.409993354098234
"MBLAC2",0.4098820798992
"ZC3H14",0.409816943661889
"CHAMP1",0.409644035564895
"RRAS2",0.409621667649697
"CCDC136",0.409560436337796
"ZNF460",0.409282915353332
"MUTYH",0.409018632371655
"NT5C2",0.408913391253699
"PSMB7",0.408904369062387
"GBP1",0.408880172090653
"CNOT2",0.408629362665019
"CDCA5",0.408337707095155
"DDIT4-AS1",0.408163731338078
"LINC01001",0.407839872927061
"HCP5",0.407797848688002
"PDCD2",0.407595961702947
"PTK2B",0.407240805633422
"HLA-E",0.407124026771295
"SFR1",0.407113794200418
"PEX10",0.407052424600688
"ARGLU1",0.406974782080303
"EFNA1",0.406836445695214
"CHGB",0.406777633621499
"PACS1",0.40667244512774
"TMSB4X",0.406601836514607
"ACBD5",0.406308861011157
"HAT1",0.405685337728094
"RNF4",0.405308890497362
"NME8",0.40521266856451
"CHST10",0.405155221892388
"AC092112.1",0.40482046142131
"VPS50",0.404801362037198
"BOP1",0.404368492766436
"PIGU",0.404309771975104
"PRKAR1A",0.40427537251307
"ZNF800",0.40420818342715
"NDUFB4",0.404176399609452
"RNF215",0.404171648420012
"TARS",0.40387351859693
"TP53I13",0.403852610972033
"TNFAIP6",0.403742296703596
"CHCHD7",0.403720039484091
"AC005332.6",0.403718119789124
"CAVIN3",0.403215514763196
"ZNF222",0.403108522814008
"PARP3",0.403072329728145
"NUP98",0.402542693552535
"FBXL19",0.402307365552488
"EP300",0.402027429143868
"TMED4",0.401945758567405
"AC005229.4",0.401906242994884
"TOE1",0.401903699542871
"CD59",0.401820492538591
"SRP14",0.401774451943843
"AC245014.3",0.401591979874149
"ATP6V1D",0.401532326376852
"ZNF384",0.401277950344629
"ZNF189",0.401126989139124
"DNM2",0.401003552279002
"AC040169.1",0.400408963319962
"CALB2",0.400323822800771
"NPAT",0.400108801128636
"CGN",0.400033981108197
"ADNP",0.399904409686462
"ATP6V1G1",0.39986440632697
"SNRPF",0.399754561568392
"LIG1",0.399594226526008
"KAT6B",0.399565861819863
"IL2RB",0.399119171686061
"BX255925.3",0.398563203796909
"TMEM9",0.398356077407298
"AC020978.7",0.398257918017858
"AF131216.4",0.398074442450318
"DCTPP1",0.398035695872205
"FAM122B",0.39773451246835
"IKZF4",0.397554793229318
"AC009061.2",0.39724725350986
"BTG1",0.397096135458601
"AC008735.1",0.39691338681879
"AC021739.4",0.396888615002624
"WDR75",0.396876214533748
"ENHO",0.396749905929222
"SUPT4H1",0.396545953836585
"XPOT",0.396487197754819
"AC010996.1",0.396414633094647
"UHMK1",0.395702420398215
"GADD45A",0.395631812078127
"TRMT10C",0.395527801247445
"RAB3IP",0.395473701884228
"KRI1",0.39519798934583
"TSPAN6",0.395051530940133
"ADA",0.394736730770597
"RAMACL",0.394453404142219
"XIAP",0.394369792187017
"IMP3",0.394357106749171
"MYEOV",0.394246568681627
"KCNH3",0.394116830877767
"SYNCRIP",0.393914694512598
"INTS8",0.393835084776552
"AC123912.1",0.393535246991195
"MAVS",0.39350025923616
"KCTD2",0.393460058578275
"NAT1",0.393299815159139
"CLK3",0.39317400579919
"HJURP",0.392699831616239
"L3HYPDH",0.392337679117379
"AC145285.2",0.392264597152694
"TMEM198",0.391994070584903
"AHR",0.391818266865218
"IGKV2-24",0.39138979788872
"SLCO5A1",0.39122875908962
"MAPK1IP1L",0.391213461900881
"ZMYM2",0.391120157107137
"B4GALT5",0.391029314371627
"ACTR3C",0.391018210473165
"BAHD1",0.390931918637751
"SLC9A3",0.390626833291017
"RBBP9",0.390491077230185
"CDH24",0.390246123176785
"ARAP2",0.390127345290629
"AC106739.1",0.390110434737663
"TMEM120B",0.389840384579376
"MHENCR",0.389702617855561
"ZNF439",0.389371413990163
"DDX41",0.389270061505482
"FAM174A",0.389037008248602
"THOC3",0.388888856479204
"CCL14",0.388861512928954
"FAM120AOS",0.388789357327856
"AC005332.5",0.388641149401029
"NIP7",0.38862512123978
"LAS1L",0.388576268280944
"IL21R-AS1",0.388092211139537
"ADAT3",0.387981732210774
"GATC",0.387935581252102
"CPT1B",0.387764786138281
"EI24",0.387728518453668
"ATXN7L1",0.387592674085845
"TESPA1",0.387540523076525
"HINT1",0.387511899482499
"SGF29",0.387397508388679
"ZNF614",0.38663219419354
"MTPAP",0.38660981813526
"WDR78",0.386529620401253
"MAFG",0.386369102104069
"TBL1X",0.386269577594131
"MIR3142HG",0.386242931731591
"CNN3",0.386166426151045
"AC011978.2",0.386108555177865
"LINC00526",0.386057167757789
"AC114488.3",0.38571847386885
"RUFY1",0.385455558970852
"TPRA1",0.385392653326014
"AL359834.1",0.385226974182315
"HPS4",0.385196798235024
"SAE1",0.384927094424925
"FDPS",0.384866700669895
"SNHG25",0.384724932143033
"PYM1",0.384426990496854
"ZNF415",0.384375650424521
"SCML2",0.384281941611817
"EWSR1",0.384070420453143
"AC006449.2",0.383634623894556
"LINC01719",0.383628946461818
"RBM4",0.383597314232577
"RNF166",0.383510940473917
"ATXN7L3",0.383415225012647
"HMMR",0.383394048916252
"TERF1",0.383259071906183
"PRCC",0.383226618428937
"MAP3K3",0.383180397981659
"HIST1H4D",0.382963644118832
"AC073389.1",0.382756472828563
"TBC1D4",0.382627234130262
"FSTL4",0.382363134252802
"CRNKL1",0.382253876133608
"EIF1AD",0.382149644335096
"ZWILCH",0.382061956655483
"DCTN3",0.381854788942962
"EMB",0.381619488933439
"HIST1H2AG",0.381615115073481
"SLC15A4",0.38128642298015
"SH3GLB2",0.38094346702766
"AC012020.1",0.380858165512197
"BET1L",0.380345366399332
"THUMPD3",0.380224850710056
"BAG5",0.380124000196362
"NDUFA6-DT",0.380055021525884
"ZNF653",0.379872151381831
"RTEL1",0.37929227709991
"UCHL5",0.379149556706272
"MACROD2",0.378999679328651
"FBXO28",0.378814369505719
"EPB41",0.378747354849358
"PID1",0.378743789898934
"CEP85L",0.378665760876353
"OXSR1",0.378530831133498
"ZBTB26",0.378329021027424
"TTPA",0.378163118114068
"C6orf223",0.377714382254844
"AF001548.2",0.377576413334571
"ST3GAL6-AS1",0.377368890076871
"AL031714.1",0.377319259879718
"CCNB1IP1",0.377299301561367
"STRN3",0.377180607963639
"EPCAM",0.376983180611187
"NTPCR",0.376890380134872
"RRN3",0.376727647526674
"AC005041.5",0.376719500707324
"EPHX1",0.376601763002301
"OTUD6B",0.376465480500853
"LRRC37A2",0.37610087745379
"ZNF2",0.376098551322119
"TRAF1",0.375754911353866
"SYCP3",0.375682726926159
"WDR55",0.375661768314428
"STON2",0.375661750759189
"TTC19",0.37491766507554
"OVCA2",0.374827053409854
"C1QTNF6",0.374693452019523
"NDUFA8",0.374559549005899
"IFT43",0.374527527834042
"PLAGL2",0.374367837087763
"NUP62",0.374309511400593
"RFNG",0.374257208340448
"RBM18",0.374202451060059
"BOLA3",0.373822151244864
"AC016394.2",0.373693468966916
"SELENOM",0.37368341822571
"NOP9",0.373583372572101
"HMCES",0.373372665067955
"REPS1",0.373352165750021
"CISD2",0.373335575241977
"RAD51AP1",0.373219152716623
"MAZ",0.373147931952341
"SYNPO",0.372837280950374
"LPIN1",0.37281228714211
"PCNP",0.372725553608615
"TAF1A",0.372639227686244
"CCDC102B",0.372492820250935
"THAP1",0.372413549502541
"LMNA",0.372395262289471
"GMDS",0.371989965016961
"C10orf88",0.371593645908355
"BTBD1",0.371335235193025
"FADS2",0.371300838654207
"TDG",0.371199399610718
"DNAJC6",0.371067619292524
"MIR31HG",0.371012104246707
"C11orf96",0.370726347853393
"HELZ",0.370491625095645
"AC083949.1",0.370394249203742
"ERCC6L",0.370029954535562
"TSEN2",0.370026397770678
"SEC23IP",0.369782222959985
"ATP7A",0.369766135897978
"VWA7",0.369536573456942
"STAM-AS1",0.368626810088227
"FANCL",0.368359646875328
"TVP23B",0.368301550403944
"PDIA6",0.368071828585908
"NUDT8",0.368066613525936
"ANO6",0.368042795235858
"ZNF213",0.367431636792351
"EGOT",0.367363531366962
"KPNA3",0.367334444156414
"FAM160B2",0.367183994358723
"IGKV1D-16",0.367072728627097
"ZNF121",0.366895844803046
"GLB1",0.366829102181546
"ESCO2",0.366685209003207
"AC060780.1",0.366575607010614
"MROH8",0.366443296749772
"TBPL1",0.366361919444679
"BTBD11",0.366296611425159
"TRRAP",0.366163259724463
"COX7A2",0.366134436788351
"CTRL",0.366109189472139
"MTA3",0.366095421412409
"DYNC2LI1",0.366062023975996
"TMEM181",0.366057441909903
"LCP2",0.365692311418778
"SNHG21",0.365587028952268
"ZNF695",0.365584607817165
"NDUFB2-AS1",0.36549672959248
"LAMB3",0.3652107551767
"TMEM179B",0.364955786103791
"PGS1",0.364552365851861
"SLX1A",0.364490313315957
"IL23R",0.363982476042971
"PIGW",0.363755465519967
"LRRC58",0.363345451020181
"DDX58",0.363317443100165
"FAM32A",0.363149918867151
"EXOC6",0.363142503885698
"PSME4",0.363114783865635
"AC034199.1",0.36300118204772
"SEPSECS-AS1",0.362726905724576
"COG3",0.362114118912617
"SERPINB1",0.362084638100653
"ST6GALNAC6",0.361982494412718
"COA3",0.36184711459035
"VPS13A",0.361599166933587
"SNAPC3",0.361401877416533
"SHARPIN",0.361069915331112
"SERINC5",0.361012833329371
"CEP70",0.360716952032043
"CLIP4",0.360692170146249
"PPP1R12B",0.3606879005583
"AL137003.2",0.360564443315881
"MFSD12",0.360420264312994
"TALDO1",0.360273470729322
"AC007216.3",0.360157620808216
"FAM27C",0.360124017946995
"ODR4",0.360051303115853
"MPC1",0.360028594560861
"F5",0.360002654071673
"PARP4",0.359924010516389
"ERCC3",0.359888538803781
"HYLS1",0.359856965717231
"TBCB",0.359635243140742
"DLGAP1-AS2",0.35963058751808
"TICAM1",0.359563329836518
"PRKAG2",0.359351412394774
"C7orf26",0.359145122644218
"KRT81",0.358864954828815
"AGAP5",0.358826574437539
"AC023509.2",0.358631698373917
"MSN",0.358602569041651
"DNAJB11",0.358599031984869
"ZNF827",0.358580208229194
"IGHV3-11",0.35844237460558
"DDX27",0.35839636851979
"MTIF3",0.358310055775126
"AMACR",0.358271691618522
"KLHDC1",0.358099606382107
"FBF1",0.357701184663982
"BACH2",0.357428294563147
"ZC3H8",0.357069208300387
"LINC00624",0.356889794485296
"AL158206.1",0.356803908639788
"AL050309.1",0.356763434137716
"RC3H1",0.356532233887752
"MB",0.356409453298027
"COX11",0.356164755210241
"ZNF281",0.355949035502754
"ADAMTS4",0.355909338453169
"XYLT2",0.355782259879148
"AS3MT",0.355734169002972
"HCFC1R1",0.355712336092591
"CEP55",0.355674319067858
"TXNL1",0.355555812253636
"TPGS1",0.355337453680881
"VPS36",0.355181507401552
"THOC7",0.355141604928522
"EDRF1",0.354894497610613
"AGPAT2",0.354873713049204
"AC136604.3",0.354847480758949
"ACTR3B",0.35452947713277
"AC004974.1",0.354500448775928
"PRMT1",0.354406669475503
"LMTK2",0.3543329918263
"B3GNT5",0.354144411109276
"CHRNA5",0.354067421307181
"TBCC",0.353749865545772
"TNFSF15",0.35366796926524
"NIFK-AS1",0.353512220415856
"COG6",0.353246288424107
"HERC2",0.353097031204971
"SEPTIN1",0.352936735574096
"S100P",0.352879759550521
"CYGB",0.352761418168124
"PDP2",0.352647130121533
"ZNF26",0.35251810885038
"ZCCHC2",0.352143475890674
"CAMTA2",0.352093941708238
"BEX1",0.35193176266818
"NPTX2",0.351735136854974
"ADHFE1",0.351675396512211
"AL096701.4",0.351325380943453
"TMEM81",0.351177394448129
"CAPZA1",0.35088597516496
"PRPF8",0.350733013263145
"EXOSC8",0.350675735614592
"POLR3D",0.350643109372383
"UBA2",0.35023730731054
"MIEN1",0.350136425488769
"ANKRD40",0.350017668980188
"MTOR",0.349404305197504
"METTL22",0.349398742052002
"CALM2",0.348978794281981
"OSBPL9",0.348836017887759
"CD109",0.348738818492465
"RNFT2",0.348731712429411
"PCBP2-OT1",0.348692545187556
"TRMT5",0.348554657121955
"PARP1",0.348425350744082
"KRT10",0.348252331952417
"SLC29A3",0.348247886913017
"SASH3",0.347832831171371
"RGS9",0.347801781660604
"DOP1B",0.347713341206492
"ATP2A3",0.34769348910706
"TIMP3",0.347461716382812
"CFDP1",0.347427061369854
"PRTFDC1",0.347411981638248
"SORBS1",0.347053245787507
"FEM1B",0.345957696549051
"BCAT1",0.345932492436507
"MED21",0.345836328502523
"SNHG16",0.34580006378396
"HIVEP2",0.345311538357322
"AC026202.2",0.345144289376893
"ZFP69B",0.344923772775161
"DYRK4",0.344768427610742
"NDUFB6",0.34429677436811
"FBXO43",0.343825957937714
"CHI3L1",0.343488380478167
"ZP3",0.3432372319637
"SRFBP1",0.343165729798094
"TMEM159",0.343163194390709
"AC002456.1",0.343121156618515
"PWWP2A",0.343047430288298
"MAPK8IP3",0.342760730494931
"INTS10",0.342675640858437
"AC027702.1",0.342508079204945
"STX5",0.342340848782021
"SNU13",0.342142620003116
"HMOX2",0.342110263950318
"EFCAB12",0.342004870224659
"CMBL",0.341832018823562
"SLC25A23",0.341755130811881
"SPC25",0.341689907623921
"ABHD11",0.341663213002588
"MPP7",0.341561311405858
"EIF2B5",0.341520718301825
"CD34",0.341107532339059
"CCNA1",0.341097137195958
"CLOCK",0.33988421413297
"NKTR",0.339859304396254
"HNRNPA1L2",0.339762733552084
"VRK1",0.339620343140301
"ZCCHC9",0.339552938137718
"UTP20",0.339540739573764
"CDHR3",0.339413078429046
"SELENOT",0.339390878158192
"SH2D3C",0.339063521251372
"EMC3",0.338569955317585
"EIF2B1",0.338274402727658
"KLHL3",0.338167240680131
"GRIPAP1",0.337951930136711
"AC083862.3",0.337894352849991
"NUDT18",0.33788837633169
"NUP93",0.33782335847744
"F13B",0.337675294977906
"CACHD1",0.337462019983185
"SLC9A9",0.337447719047428
"LY6G5C",0.337366943430734
"FAM72B",0.337151717934635
"VPS13B-DT",0.337062680712438
"RASGEF1A",0.337045087573634
"SCAMP5",0.336906817017956
"SMN1",0.336853572935912
"CEP85",0.33542653039829
"AP000866.2",0.335334082738206
"MTDH",0.334672438248767
"SRSF8",0.334359938630562
"AGRN",0.334237127321754
"HIST1H4K",0.334236709099081
"C8orf33",0.334141520266801
"MRPL51",0.334070450264071
"AGO1",0.333660426232729
"CCDC40",0.333499779126195
"AC009237.14",0.333356283796484
"POLDIP2",0.332396358799411
"AC004477.1",0.332141771666683
"MOV10",0.332091189431853
"BOLA2",0.331989390984708
"MT-CO1",0.331515337938258
"SEC11A",0.331415244393122
"CCDC88B",0.331297405279657
"AC145124.1",0.331288128443284
"STON1",0.331109797870544
"SLC36A1",0.330897713111225
"ASB16-AS1",0.330757210713684
"RBM8A",0.330735969700503
"ZNF684",0.330585059121193
"ZNF697",0.330432520567743
"BAX",0.33038885736484
"ZNF561",0.330312335551869
"GLIS3",0.330291018977517
"AC010618.3",0.329972100040806
"HLF",0.32993270944191
"NXPE3",0.329791634143642
"RPF1",0.329292515541568
"LINC01480",0.329139916059073
"DDX18",0.328991587981774
"MLLT10",0.328732494986575
"ACO2",0.32870565862342
"QSOX2",0.328236054392086
"TAPT1-AS1",0.328066622854982
"AC087164.1",0.327999420085114
"FBH1",0.327598250784253
"KNG1",0.327543242088301
"DHRS4-AS1",0.327540023392208
"AP003307.1",0.327481183944885
"STK35",0.327461638643176
"MRPL44",0.327204499950315
"AL023803.3",0.326936063608718
"STAM",0.326857396728214
"BCLAF3",0.326847877893235
"HIF1A",0.326843567419644
"FDX1",0.326657704655339
"CCL28",0.326605446390963
"RAPGEF6",0.326436902352141
"GPBP1L1",0.326422711925406
"SMURF2",0.326402253383568
"CAPN7",0.326344761933752
"MFAP3",0.326087494714303
"MRPL33",0.326061842972037
"RAI1",0.326056470009682
"POLR3H",0.3258083058611
"AC069287.2",0.325645605833708
"PDCD11",0.325600840459876
"RAB3B",0.325539397902923
"SLC23A2",0.325152261097095
"HIST1H2BM",0.325027201314917
"CLNK",0.324925224051603
"NAP1L3",0.324813164532871
"CDPF1",0.324722024292057
"CUL1",0.324300183734947
"TNPO3",0.324029682619567
"ZNF547",0.323824014197165
"CFAP69",0.323812439478891
"NPTN-IT1",0.323698907211458
"TMEM106A",0.323617836881601
"PUS1",0.323241261325779
"ZNF397",0.3230494564251
"CSGALNACT2",0.322856288482239
"CDC37",0.322754231724421
"AGAP2",0.322606221058364
"C15orf48",0.322574332790428
"SYTL3",0.322449112176538
"TRAV22",0.322348284973313
"CFAP45",0.322163921259205
"COPS5",0.321855301642552
"KYNU",0.321616592888037
"LINC02642",0.321306904058232
"GDF11",0.321200369646359
"ANKRD46",0.321192159594213
"SFMBT2",0.321185573492825
"C17orf53",0.321018182713645
"PTPN1",0.320402840388146
"FOXD1",0.320257360078063
"IGSF8",0.320246108130087
"AC010331.1",0.319895198376994
"MYO9B",0.319725881503182
"MCFD2",0.319668492318773
"MT-ND5",0.319591875214075
"RHOV",0.319571025026392
"LUCAT1",0.319276120631352
"SPG7",0.318843888265471
"SARAF",0.318740134513242
"LGALSL",0.318230194276955
"AC007728.2",0.317690023743294
"METTL27",0.317394216887708
"GPD2",0.317305899621796
"RBM48",0.317146068240314
"CCDC93",0.316660801924646
"ZNF329",0.316603399611579
"RIPOR2",0.316532034089274
"SNHG15",0.316523503283195
"SVBP",0.316322595384073
"AL645941.3",0.316260700119719
"CLCF1",0.316181622146083
"HAUS5",0.315873504756223
"CREB3",0.315160074330128
"B3GNT2",0.31490638998955
"SF3B1",0.314872623752726
"POLA1",0.314860189709547
"AP004609.3",0.314780060656942
"UCK2",0.314703989664307
"SCX",0.314255965031376
"KIAA1191",0.314225687473706
"CDA",0.31396691586793
"HIST1H2BE",0.313513483485597
"ZNF667",0.313178184120715
"ACO1",0.312975567658072
"CKAP2",0.312941304195559
"MT-ND6",0.312841737771081
"SOAT1",0.312828711165729
"TRIM45",0.312789434208006
"BICRA",0.312383428334625
"AL603756.1",0.312305958407222
"SHPK",0.312204260934451
"CCDC122",0.312199848502278
"TMEM26-AS1",0.31197555423944
"DTL",0.311926722887841
"MRTFA",0.31184515588172
"IGLC3",0.311827080739291
"CXCL5",0.311360941139502
"GPN3",0.311267364938691
"LSM5",0.310979849190692
"TEN1",0.310948199157114
"NDUFS2",0.310905905577436
"NT5C3B",0.310904690107028
"MAPK3",0.31072931452829
"DYNC2H1",0.310722548718998
"PARP9",0.310369532899612
"ETNK1",0.309922206996424
"PARP12",0.309438261118205
"UGT1A9",0.309336227972487
"RTRAF",0.309243493132239
"L3MBTL1",0.308998188691771
"AL391839.2",0.308850986671828
"ABCA5",0.308344063633522
"CPA5",0.307992086607065
"CENPQ",0.307844603232171
"UTP14A",0.307834445542414
"CFHR1",0.307805965205229
"TARBP1",0.307351384086605
"TRIM61",0.307177341819919
"SLC25A38",0.306951106963702
"AC090559.2",0.306837326688849
"ZNF274",0.306789862342073
"CRACR2B",0.306519269936743
"KRIT1",0.306473590722258
"TOM1L2",0.306388821917172
"ATP5PF",0.306305582924422
"EGLN2",0.305901303711198
"HMGCS2",0.305703669124308
"AZI2",0.305669243271745
"CCDC97",0.305587380018531
"SLC16A1-AS1",0.305571661616847
"ZCCHC24",0.305138490287513
"TNFSF8",0.3047715115638
"RPS19",0.304688211352718
"ATP6V0D2",0.304688122433821
"AC064807.1",0.304603926596809
"LYSMD3",0.304487862854789
"AC087533.1",0.304258705100474
"KDM3A",0.3040385856894
"TUBB2B",0.303966473783388
"SMG9",0.303889208706612
"HAPLN3",0.303612160612363
"ABCD3",0.303345233575954
"KCTD10",0.303234528483656
"NUDT10",0.303191327294831
"CD200",0.303114493302299
"HDAC4-AS1",0.302986938350042
"AC018647.3",0.302612623060465
"RBMS3",0.302437151086281
"AC010186.3",0.302263781235302
"COX8A",0.302089717911376
"C4BPB",0.30203110654342
"GGPS1",0.301932963140572
"RUSC1",0.301882246676895
"RBM26-AS1",0.301785757935151
"AL356599.1",0.30163788266667
"ZC3H4",0.301381498626366
"ZNF692",0.300914905207193
"UCKL1",0.300643704236474
"FAM13B",0.300497020170233
"CPSF6",0.300483620044134
"MEGF9",0.300400907057049
"PAXIP1-AS2",0.300337798936345
"LIX1L",0.300316442464103
"NIPAL1",0.300114295926852
"TMEM238",0.300113935643231
"PSMD3",0.30002350532565
"EIF2B2",0.299956199994877
"TIMM9",0.29953644723743
"PSEN1",0.298990190158115
"ZBTB6",0.298984874226354
"SCAP",0.29896516918809
"MED28",0.298770127385377
"MIR34AHG",0.298633588599048
"TBRG4",0.298133716315071
"ADNP-AS1",0.298084546463546
"RGS1",0.297968732388364
"FDX2",0.297619999448215
"STT3B",0.297340539153957
"STK38",0.29719004008061
"CNOT9",0.296945599614448
"HSF2",0.296931420711152
"RAB11FIP5",0.296414760452816
"GALK2",0.296409812298588
"KISS1R",0.295875575845045
"MRS2",0.295773604709551
"TTC21B",0.295617783424107
"THAP5",0.295513097538457
"EIPR1",0.295193751402762
"ALG10",0.294635874934787
"KAT7",0.294633328161766
"LFNG",0.29460978426103
"AL049597.2",0.294325742594273
"TRIM47",0.294140280865754
"ZNF326",0.293778976168466
"EPHB1",0.29372100130191
"SND1-IT1",0.293626321765851
"MOB3C",0.292942270914896
"PRMT7",0.292889798684489
"SMPD3",0.292877332291998
"PHF2",0.292792959533573
"WDR20",0.292428997863817
"MRPL37",0.292207048532033
"CPEB3",0.292176078735577
"ADAL",0.292008745193756
"INSIG2",0.291800879911375
"AC009093.1",0.291711013635488
"C2orf27A",0.291657499584522
"PLXNB1",0.291577164093996
"AL136961.1",0.291516468048346
"TRAV29DV5",0.291458181957979
"WWOX",0.291439377247223
"AC022210.2",0.291117266250604
"DCLK2",0.290984103253352
"RPS26",0.290855031323872
"CES2",0.290821844415205
"POLR2M",0.290812115497342
"KIF1C",0.290782649354459
"IVNS1ABP",0.29069849453122
"FOCAD",0.290299573588597
"ACBD3",0.289893855836744
"ZDBF2",0.289816746943649
"GRK2",0.289775526844893
"INE1",0.289696737202992
"ARHGAP42",0.28965605850864
"INTS14",0.289601291974213
"RER1",0.289535089567762
"AC067852.5",0.28941218186013
"RAB40C",0.289343082229959
"DBT",0.289263086384586
"AC096921.2",0.288939864850157
"VCP",0.288813651279518
"ORC4",0.288473909165136
"KIF1BP",0.288250455162734
"COMMD8",0.288199693373976
"METTL4",0.288013888609086
"LXN",0.287708123601866
"PPP2R1A",0.287701059465428
"PGAM5",0.287505758112692
"CYBC1",0.287477866916006
"TMEM39A",0.287412494383534
"ZNF341",0.287083436951814
"TEX261",0.286644500018841
"MVP",0.286519484113103
"NEBL",0.28647494846321
"APLP2",0.286389647317861
"C1S",0.286386215771724
"LIMA1",0.286209675427373
"NPRL2",0.286181148685762
"OAZ1",0.286140178190458
"CCNE1",0.28600331649649
"MOB4",0.28591884254588
"CALD1",0.28585190254937
"LCOR",0.285661958220655
"NINJ2",0.285329146813254
"MIER3",0.285147181699078
"GALNS",0.284611969960631
"AC036108.2",0.284536507134256
"SFN",0.28449791544423
"ZNF720",0.283844307248657
"ISOC1",0.283827433038025
"DUSP19",0.283691455700023
"ZNF451-AS1",0.283673981006531
"UPK3BL1",0.283645692735501
"NKG7",0.283524718082039
"BCR",0.28342265225207
"TRMT61A",0.283343434737576
"APH1A",0.283205400321567
"PAM16",0.283084191305319
"DUS1L",0.283082215570488
"HMGA1P4",0.283077437870415
"SSR3",0.283067147722314
"LIN7B",0.282927866140286
"EBNA1BP2",0.282675321535721
"HIST1H2BB",0.282613785179764
"GPR19",0.282485757159869
"C10orf95",0.282202383902146
"SRGAP2C",0.282022716498354
"B3GNT9",0.281936721770909
"ZNF780B",0.281750736674328
"ZNF501",0.281670011677909
"PARK7",0.281606474496049
"RCCD1",0.281384051937921
"AC009118.2",0.281257644602316
"ASTN2",0.281187587482355
"AP003472.2",0.280990156609704
"AF305872.2",0.280944482724208
"CYB5A",0.28068022762689
"SETD1A",0.280459257716602
"AC017002.1",0.280376410357335
"AL031848.2",0.280357601902668
"LDOC1",0.280267747807905
"CYB5RL",0.280264068905238
"AKAP8",0.280174159658673
"RMDN3",0.280115867370299
"SNX22",0.280044718601623
"UTP4",0.279650388180648
"SLC9A3R2",0.279618757482118
"FBXW4",0.279560660313523
"KDM2B",0.279536241760561
"PIK3C2A",0.279385635020719
"NFKB2",0.279231076570865
"AC009228.1",0.279168118017709
"LZIC",0.2790048694599
"RAPGEF1",0.278709775104069
"PPP2R5E",0.278698700718167
"MKKS",0.278588662807253
"SLC35F2",0.278139402750614
"MICALL2",0.277900819457231
"ST6GALNAC2",0.277598308237292
"SRCIN1",0.27747407012246
"SLC9A8",0.277473423280039
"MAPKBP1",0.277351591859871
"HPGD",0.277019666402651
"KCTD6",0.276972847996344
"TIFA",0.27694076312032
"AC006213.2",0.276785087022516
"COG5",0.276696436230877
"C9orf16",0.276672088278518
"TDRKH",0.276659851373044
"TUBG2",0.276602436023183
"B9D1",0.276556748304268
"STAG1",0.276543952016209
"AC092620.1",0.276167824906153
"NANP",0.275946528528687
"CDK5RAP2",0.275717994074887
"MUC12",0.275502180195099
"UBALD2",0.275406609293371
"CHRNA10",0.275330567154776
"UBAP2",0.275104319679355
"HPCAL4",0.275026133290423
"MCU",0.274992035614938
"SLC26A6",0.274955414379196
"STARD9",0.274907669969489
"AC008622.2",0.27489443881144
"SEC14L1",0.274589089902819
"GEN1",0.274515598007147
"HAUS3",0.274268928496382
"SECISBP2",0.274214724234597
"NACC2",0.273884962850205
"CHAC1",0.273829402778734
"SSBP1",0.273719445542387
"NLGN4Y",0.273589304992889
"DNASE1",0.273575238991437
"CALU",0.273478164328104
"LNX2",0.273317434505945
"ZNF432",0.27318541661588
"AK1",0.273008065140116
"SLC25A4",0.272739814282993
"MMP10",0.272531178150454
"ARL6IP6",0.272340723119688
"CDKN2B",0.272200754806189
"LONP2",0.272005123570138
"PDPK1",0.27185138701374
"AC009107.2",0.271766760397281
"NEXN",0.271702192751412
"DBF4",0.271696011095187
"ZRANB1",0.271450047665353
"FH",0.271058044575662
"AC092718.4",0.27078925794307
"CCR7",0.270770835460887
"TFIP11",0.270697027891443
"LANCL3",0.270674093284735
"AC009126.1",0.270627013255665
"AL121987.2",0.270527949318294
"TIMM17A",0.270496960737796
"NUDT3",0.270314143492793
"LINC00472",0.270226440717349
"NAALADL1",0.269999881366379
"SZRD1",0.269959024689667
"ZNF75D",0.269875158031471
"UBXN6",0.269855455634104
"KMT2D",0.269814228617553
"LAMA4",0.269633492323921
"PDGFA",0.269626778850813
"SOWAHD",0.269603527901241
"IL15",0.269281338043419
"GMCL1",0.269147809612582
"RAB11B-AS1",0.269044988118147
"MAN1A2",0.268839454306648
"GAK",0.268801123232528
"ATF5",0.268740640935297
"USP16",0.268596402391217
"FAM229B",0.26839175429446
"EIF1AY",0.268344265527515
"ZNF804A",0.26827912500665
"GTF2IRD2B",0.268182627649792
"NDUFB1",0.268158696101844
"METAP1",0.268017505980453
"NDC1",0.267992415828311
"CLECL1",0.267916843080384
"ASCC3",0.267914513652511
"SLC25A36",0.267723065650997
"POLA2",0.267674275809819
"SOCS4",0.267434442699299
"ING2",0.26742272515046
"LINC01715",0.267303119322251
"ZDHHC9",0.267010863440846
"TMEM94",0.266783308033503
"REXO5",0.266469881479798
"DMAC2L",0.266272615471204
"ZBP1",0.266193141775432
"XRCC1",0.26615661508826
"CWF19L2",0.265871755274374
"DCTN2",0.265864360836775
"ERVK3-1",0.265640614449495
"SIT1",0.265547406756614
"AP002748.4",0.265501055505603
"IGLV1-47",0.265337562847143
"DGKZ",0.265236044976453
"CDK5R1",0.265011499532258
"TESK1",0.264884710275225
"ZNF280C",0.264783915244568
"IVD",0.264709826799332
"PEA15",0.264662540245978
"LINC02193",0.264584146401918
"VAMP1",0.264458291520434
"UHRF1BP1",0.264412949228718
"G3BP1",0.264383498369014
"IL6ST",0.264160655847436
"HEBP2",0.264138995758975
"VCPKMT",0.264118426321462
"AC127521.1",0.263662514288998
"PRDX6",0.26361771011841
"UFL1",0.263415887897682
"MANBAL",0.26299048452344
"GAMT",0.262743269337152
"SAPCD2",0.262010162606752
"LRPPRC",0.261638124010485
"EIF3A",0.261575158438924
"ANKRD33B",0.261395952968916
"FITM2",0.260988663470085
"DGKE",0.260796895005854
"RPRD1A",0.260277588597781
"ZCCHC10",0.26027467290851
"CNIH1",0.260102875710378
"BIRC6",0.259936220790716
"CCDC34",0.259722717191403
"YIPF4",0.259576835243475
"ELL",0.259445651726127
"ACOD1",0.259164761054349
"ALG3",0.258738143509714
"PAXX",0.258086679185313
"FOPNL",0.257829756645296
"MTMR14",0.257766884408059
"COX10",0.257512570127677
"FUS",0.257493618012668
"HLTF",0.257172310153048
"SDF2",0.257095969619999
"PPIP5K1",0.256898669007666
"NOP16",0.256717466859991
"DBN1",0.256661065912565
"SLAIN1",0.256457974440058
"UCHL1",0.256085870019857
"POMC",0.256028495722116
"TMEM53",0.255896449997916
"ZNF443",0.255833045202932
"VKORC1",0.255502654121613
"MBD5",0.255304950949889
"ACVR1C",0.255246441761661
"AL589765.7",0.255206916693465
"AC133552.5",0.254974534968289
"RHOG",0.254969068891785
"BASP1",0.254856762173589
"MIR4453HG",0.25459909760457
"DOLPP1",0.254405164875078
"CDC42",0.25423230039661
"PPIAL4G",0.254114373908843
"TATDN3",0.254050353501914
"NCOA1",0.254031676272046
"HSPA13",0.254030416047915
"TNK2",0.25399737415288
"DUS2",0.253868706505135
"ARF6",0.253564588517427
"AP000692.2",0.25350519684156
"FBXO32",0.253420207362041
"POLM",0.253307215032446
"ACOT4",0.253285920420725
"RBM12",0.252740355757913
"BICC1",0.252709457591156
"ZNF184",0.252704652920839
"IGKV1-8",0.252598409140764
"TNKS1BP1",0.252558957381145
"CLDND2",0.252368461155543
"ABHD6",0.25231973950199
"FZD3",0.25205697285201
"POMGNT2",0.251638650310805
"ZNF32",0.251444109915546
"TSPOAP1-AS1",0.251295415309214
"AC008763.1",0.251241003488105
"AZIN1-AS1",0.251223523694977
"PDHA1",0.25109005280081
"HIBCH",0.25102907150314
"TPI1",0.25092656736378
"CLDN3",0.250785801921902
"N4BP2",0.250784009359498
"AC124248.1",0.250748329463806
"MYLK",0.250460661185589
"TMPO",0.250076149840763
"FAM118A",0.250060572896133
"CENPK",0.249918924221697
"B3GALNT2",0.249873753100882
"LOH12CR2",0.249746640930381
"SPIN1",0.249460085241846
"ZNF418",0.249354601537171
"AGBL5",0.249195104181154
"TRAV10",0.249192700949993
"IGHG3",0.249136047881645
"AC099541.1",0.248905299761956
"FGFR1OP",0.24879596347183
"OGG1",0.248760078371406
"PARG",0.248656500453785
"LINC01588",0.248404514592167
"PAIP1",0.248294322593785
"DHRS7",0.248247427764014
"FUZ",0.248138878190461
"AC022075.1",0.247944800432782
"BEST1",0.247831047165511
"HAO1",0.247635939201944
"UEVLD",0.247595149115838
"AC009403.1",0.247325550308101
"CAPRIN1",0.247059828242546
"CDH2",0.246957757311729
"ZSCAN16-AS1",0.24692512721079
"TAF5",0.246917825092419
"P4HTM",0.246623083059384
"GJC1",0.246569981741707
"MTBP",0.246160033919293
"AC114760.2",0.24588505041612
"TRBV19",0.245874870701998
"SMARCA5-AS1",0.245759883871748
"SCD",0.244963653419871
"PI4KA",0.244645826207248
"ZNF672",0.244614064532851
"RTTN",0.244517206535829
"ING3",0.244091915065858
"NDOR1",0.243831110377368
"AC006449.6",0.243828796374854
"ACADSB",0.243757344556412
"YTHDF2",0.243540446936564
"EMC1",0.24340947706377
"SRSF3",0.243375151949413
"SLC25A51",0.243365596892657
"AC125494.1",0.243225404088193
"FBXW7",0.243078253255488
"POU2AF1",0.243000549923888
"TMEM161B-AS1",0.24299686806696
"LBHD1",0.24298791480258
"ZNF768",0.242963407531575
"P2RY8",0.24276054577562
"RGS7",0.242710049773758
"NECTIN1",0.242460574031495
"IFIT5",0.242261838803863
"DHCR7",0.241659172680177
"BBC3",0.241560043271781
"ZFP3",0.241510479020722
"SNX6",0.241475387857157
"USP22",0.241241982138506
"ARL8B",0.241186907454984
"POLR1E",0.241140370110526
"ZNF492",0.241118483910215
"SMARCD3",0.240861217934371
"UBE2W",0.240763399354613
"TRH",0.240576713190056
"OGFRL1",0.240273511792236
"EFNA4",0.240120798684978
"NAP1L2",0.239945098679272
"FANCM",0.239541559665411
"MRPL32",0.23952933156604
"ROCK1",0.239443106026091
"SNHG5",0.23935214080576
"ANGPTL4",0.239113598942375
"RASA1",0.238968437519766
"ELF2",0.2389185453664
"ZNF34",0.23882044333855
"WDR4",0.238819712044547
"ERI1",0.238794533260351
"SGSM1",0.238711083635519
"AKT2",0.238664889358806
"LINC01891",0.238567831689862
"CSNK1D",0.238479374610308
"SYNE1",0.238378049203622
"SRP72",0.238276531409999
"CAVIN1",0.23826506169047
"FANCE",0.238009723230566
"BOD1",0.237840442967442
"EXOC7",0.237829518575656
"ALG9",0.23760548682334
"TRAPPC1",0.237446623464971
"TANGO6",0.237299833945987
"TRDMT1",0.23692243041219
"ZBTB39",0.236623924977297
"CANX",0.236507624724123
"MCMBP",0.236236246714341
"RPP25L",0.2358939488674
"LGALS3",0.235816923282907
"POC1B",0.235678210822503
"MAT1A",0.235563956976829
"UBE2Q2L",0.235303046259806
"PDCD6IP",0.235256237501897
"NRIP1",0.235212071052786
"ARHGAP33",0.234697440030768
"B3GNTL1",0.234565909260952
"CHDH",0.234491222722986
"FAM92A",0.234463500055491
"UTP15",0.234262697871396
"IL19",0.233737645396717
"PRPF18",0.233649904806734
"DEPP1",0.233609352419926
"AL136454.1",0.233608025171135
"CDCA7L",0.233531837717417
"RAET1G",0.233258204573725
"DCPS",0.233242071750643
"TEF",0.232979886777328
"DBR1",0.232945967828661
"ARHGDIB",0.232802955448412
"SLC30A7",0.232798971704506
"MAP3K7CL",0.232659769517198
"SLC11A2",0.232586812051408
"PLEKHM1",0.232326524234324
"TSPAN33",0.23219112728951
"DNA2",0.231788025862705
"GBP2",0.231777668552255
"SF3B6",0.231737521438294
"PHYKPL",0.231689212817192
"AHNAK2",0.231486710632519
"LINC02716",0.231396495321676
"JMJD1C",0.2312505566193
"RALB",0.231138778566914
"DCUN1D1",0.231067705652576
"TRGV9",0.231025648065225
"ZNF133",0.230781427714181
"RNF213",0.230517854548813
"ATP1B3",0.230372173348278
"SNRPB",0.230328087646394
"CHRFAM7A",0.230072019453517
"MAP1LC3B2",0.229960308920127
"PLA2G12A",0.22986885369847
"LSM12",0.229867862889723
"SAFB",0.229696547461243
"ARMCX5",0.2295526685993
"AC026471.2",0.229441682773479
"CDC6",0.228967126582706
"ZNF629",0.228921025047794
"FBXO45",0.228886980630396
"AL136038.3",0.228626245916286
"RWDD4",0.228399185278152
"GIMAP1",0.228300895724774
"RBM12B",0.22816478536739
"AK9",0.228006319908947
"GOLPH3L",0.227826107284108
"COX18",0.227706856712001
"METTL6",0.227616613654131
"SPATA2L",0.227523611882093
"CYB561",0.227493397190514
"TMEM242",0.227208865205637
"ZMYND8",0.226997055433748
"LINC00243",0.226891680572178
"SAMD9L",0.226763037148238
"AC078785.1",0.226719628044013
"ZNF704",0.226202295308033
"AC093462.1",0.225999834492031
"SNX14",0.225731451589853
"MARK2",0.225671993149854
"CTDSP1",0.225478243106014
"HMGN1",0.225293906130009
"CCDC183",0.225187515668256
"EXO1",0.224996061049955
"ABHD16A",0.224974134669683
"RAB12",0.224321661128312
"AL117336.2",0.224164997762023
"RALY",0.224141216055145
"HSD17B10",0.22396753342811
"ARHGAP25",0.223778366581028
"ZNF700",0.223701933062152
"BTD",0.223281400097763
"AL022328.4",0.222850602174284
"PEX6",0.222847567141287
"SIAH3",0.222820197568778
"ZNF512",0.222512065414444
"ZNF791",0.222128784118309
"AIDA",0.222115349857533
"DYNC1LI1",0.221941651837323
"PRELID1",0.221913881040517
"AC008906.1",0.221904480353504
"SMARCB1",0.221849863601155
"KMO",0.221314472039724
"MARCKSL1",0.221154952471497
"LAPTM4A",0.221057164981468
"POP5",0.22102260266311
"DSE",0.220738067730402
"IGHV4-28",0.220667801960951
"EML2",0.220646025791689
"FBXO4",0.220222167044221
"CCDC71L",0.220151654679493
"TWF2",0.220058633346999
"EMILIN1",0.219949864703447
"C9orf116",0.219186527026336
"NACAD",0.219182057925289
"MTA2",0.219097174910768
"CPSF7",0.219022553372656
"MND1",0.218895811198226
"DGKI",0.218835301959205
"LONP1",0.21880358535033
"MRI1",0.218525327339538
"TRAV34",0.218288177094787
"ZBTB33",0.218179104447446
"AC015813.1",0.218019080231338
"TOR1B",0.217725902176667
"EBAG9",0.217616243089838
"CXorf40A",0.21758701545632
"BCAT2",0.217563939518048
"CASP3",0.217507440937083
"GATA6",0.217488450579758
"Z94721.3",0.217453862083373
"AL031600.1",0.21724336078702
"ZNF445",0.217161483568506
"LGALS12",0.217142643060804
"SDK2",0.21687980448771
"GTF3A",0.216633097404724
"DDRGK1",0.216556868323434
"TRDV2",0.216533775024811
"CLMP",0.216275781143841
"OGN",0.216264064911798
"NDUFA12",0.215910134861813
"NUDT6",0.215906381478554
"AGMAT",0.215872899702719
"NUDT22",0.215785898334834
"PACSIN2",0.215655770267928
"FGFBP3",0.21547766401885
"PTBP1",0.215291773550957
"C8orf58",0.215230868161187
"FAM8A1",0.215111390439078
"LZTR1",0.214867533367115
"NDUFB3",0.214598612643328
"MAN2A1",0.214423488778448
"NDUFC2",0.214232136005236
"LRRC20",0.21404620251734
"GPR161",0.213883591582116
"FAM71E1",0.213843266201446
"GAR1",0.213518365697253
"COPE",0.213517287934831
"FCSK",0.213280588560257
"AC008105.1",0.212938080202762
"REEP6",0.212904168459229
"SLC9B2",0.212880824841664
"USP46-AS1",0.21283701355961
"LINC002481",0.212471382715449
"GPR132",0.212443773225389
"SGMS1-AS1",0.212418504929638
"AC018647.2",0.212406128167236
"ST3GAL1",0.21230796562911
"PLEKHA1",0.212061105792607
"TAF6",0.211972671911443
"VPS11",0.211754152839151
"TMEM106C",0.2117429511644
"TIMM10B",0.211636803372995
"TDO2",0.211437360054205
"FAM98C",0.21113321516207
"ATAD2B",0.211079735038163
"CRNDE",0.210942261708486
"AL392086.3",0.21055117067484
"AC010226.1",0.210400620851416
"AC008969.1",0.210107443125951
"S1PR1",0.209917944216716
"POLE4",0.209623156813081
"DAGLB",0.209532557180475
"SIKE1",0.209521417665537
"SERPINA6",0.209380640231679
"ZBTB5",0.20909166455121
"TBC1D10C",0.208958904702217
"SMIM10L1",0.208923328194968
"GBP5",0.208699330507729
"LINC00921",0.208582550820536
"MNT",0.208574029175879
"ZNF135",0.208321384310117
"AC008467.1",0.208306573696015
"LDAH",0.208284084327258
"NBEA",0.208272497948733
"SELENOH",0.20816107342612
"USB1",0.207965730818268
"RRM1",0.207962082054223
"HIST1H2BF",0.207329606174615
"AL034428.1",0.207095070636079
"PHF21A",0.207008462610224
"SAR1A",0.2068814565066
"CEBPG",0.206712655421912
"B4GALT1-AS1",0.2065206777116
"PPP2CB",0.206397696445506
"UCP3",0.206314477296407
"CYBA",0.206143528815661
"CLTB",0.206067862798334
"SP140",0.205958699570198
"ITPKC",0.205939723237464
"ZMYM4",0.205885647960875
"CSTB",0.205628746722115
"WDHD1",0.205249552879058
"SAAL1",0.204888777209577
"NRP2",0.204861900261799
"ZNF621",0.204789697937581
"FYTTD1",0.204669002946112
"USP35",0.204261848452693
"PCMTD1",0.204174937670728
"AL358790.1",0.203724501399801
"POR",0.203611200758921
"RFPL2",0.20357811901616
"MAGED1",0.20338612407433
"ERLIN1",0.203200962080826
"FCHO1",0.203141739164391
"PIP5KL1",0.202918090992065
"ATG2B",0.202849324187761
"PREPL",0.202792291465028
"ADARB1",0.202649435036846
"RTF2",0.202533292880397
"MYO1B",0.202532362615039
"C3orf35",0.202365110921249
"ATP6V0E1",0.202305903586415
"THOC6",0.202114938201532
"IGSF3",0.202028698752916
"RETREG2",0.201967083997482
"ITFG2-AS1",0.201599306374581
"SPOP",0.201588798754407
"ZNF771",0.201527157914235
"KIF13B",0.201338646322322
"LINC02611",0.201319183252973
"CAPN2",0.201179079359806
"CTU2",0.201172045567547
"ZNF77",0.201160921811166
"UNK",0.201150851027957
"PARVA",0.201106742344216
"RIBC2",0.200673734936589
"PKM",0.200550873187302
"MORN1",0.200012798740843
"EOGT",0.200011467404507
"FRMD6-AS1",0.200003426895841
"NEDD4L",0.199718837675965
"ARID5A",0.199646425137901
"FERMT2",0.199183365332107
"ZNF20",0.199067215077973
"CASK",0.199058978710137
"UFM1",0.199016163636158
"ABCC2",0.19872210574903
"TRAF2",0.198679937411612
"TRBV16",0.198587586038648
"MYORG",0.198535333397967
"AL035071.1",0.198450554727027
"AC005838.2",0.198287537293422
"GPRC5A",0.198076352260846
"CDCA8",0.197996612790735
"MAP3K6",0.197780392804114
"BEX5",0.197593630905628
"SERPINA3",0.19741252103842
"LYSMD4",0.197380475272509
"HMBOX1",0.196973249134678
"TRIM26",0.196715742095003
"LINC01431",0.196655056360901
"ALKBH8",0.196391171694717
"PELI1",0.195729513635564
"INTS6-AS1",0.195585505616904
"AL356124.1",0.195527385198978
"UBE3D",0.195424766735781
"ZFYVE26",0.194786184187635
"CCDC47",0.194607142095428
"ZNF678",0.194541555715073
"DAG1",0.194512685130052
"FAM161A",0.194336520944528
"ZHX3",0.194296349430732
"UQCRC1",0.194170780388382
"ASAP1",0.194112022221218
"SNX11",0.193675002125535
"IARS2",0.193630211031321
"SBF2-AS1",0.193594823428564
"CNNM3",0.19354118679605
"KANSL2",0.193506016730473
"FLII",0.193474241868653
"RDH13",0.193287105113173
"TARS2",0.193218307123733
"PCBP1",0.193166867409724
"BTN3A2",0.193110905888913
"AC233976.1",0.192846232603681
"RFT1",0.192717827858947
"UBR7",0.192586548484616
"USP5",0.192444090573366
"KIAA0100",0.192347182356429
"ATF4",0.192329423257813
"XYLT1",0.192315886036217
"SLC39A14",0.192260818050665
"INTS2",0.191987510275855
"AL035106.1",0.191909034734274
"TMCO6",0.191718312344297
"PLD4",0.19164330335342
"SMPD2",0.191597282590378
"POLR2A",0.191240683916464
"ABTB2",0.191183712529162
"SLC2A6",0.191125502527345
"FTH1",0.191070551068789
"ARF1",0.190974126875921
"IKBIP",0.190911431164094
"AP2A1",0.190689246581099
"KRCC1",0.190650664837094
"RANBP2",0.190444371482609
"AC109587.1",0.190038701229421
"SUMO2",0.189879099182567
"HDAC2",0.189828034260774
"IGHV3-21",0.189571684034218
"AC135457.1",0.189033886413036
"MLST8",0.189029481507048
"NOL10",0.18893117674016
"LINC01088",0.188754247864012
"SPTY2D1OS",0.188718888496865
"LRRC37A",0.188621080812116
"ATP6V1E1",0.1885754781608
"ZBTB3",0.188320682646054
"LRRC8B",0.188209698673672
"SLAMF7",0.188087710272243
"SLC16A6",0.188077719757539
"BRK1",0.187975918332106
"AC006299.1",0.187958342776678
"ANKAR",0.187909094989536
"INPP4B",0.187856609164206
"DCAF1",0.18772974617483
"RIC3",0.18763252313396
"ASMTL-AS1",0.187488609969983
"BX537318.1",0.187457078188094
"FKBP1A",0.187424448098334
"TNC",0.187341387613
"NENF",0.187278363894728
"LINC00667",0.187212105407058
"HEXD",0.187068425507574
"ATP11C",0.186626661594256
"CEP19",0.186353623831124
"PIP5K1C",0.186178379559297
"TMEM18",0.186117868117687
"PPP1R3E",0.186010482588462
"CRIPAK",0.185582827173231
"EML2-AS1",0.185409574801493
"IDH2",0.185271840463957
"ZC3H11A",0.185069199779411
"ZKSCAN5",0.184692068535483
"CARD17",0.184672651988708
"UBE2F",0.184520889926746
"CD52",0.1843313821019
"CREM",0.184297903800075
"PCLAF",0.184214834579308
"PSMG1",0.184065350652624
"A1BG",0.183745159385337
"MARS2",0.18333094720074
"AOPEP",0.183204640113627
"KIF13A",0.183147124864211
"TYMS",0.182986590311504
"AL359813.1",0.1829779771065
"MAGEE1",0.182829224157313
"CCNI",0.182767729678382
"LINC00861",0.18265091323262
"TOP3B",0.182427114203875
"EEF1AKNMT",0.182331132720822
"KCTD21",0.182238970698103
"AC104024.1",0.181848574525722
"IKZF1",0.18178928070394
"ZNF667-AS1",0.181784834911585
"AC009299.3",0.181702966993004
"HCCS",0.181610481031481
"PRIM2",0.181358957106172
"LINC02591",0.181310850165841
"SPATA6L",0.181309962621257
"PTGES3L",0.181242693807815
"PDIA3",0.180861849171457
"OPN3",0.18080459799106
"UBE2D4",0.180759203499581
"NDUFB7",0.18055068498498
"SMPD1",0.180262660921116
"CLIP1",0.180113262271178
"ULK4",0.179877674891868
"RFX8",0.179843232756597
"DCBLD2",0.17947845930165
"PRMT2",0.179427904873451
"FARP2",0.179350541525238
"MCAM",0.179330147646215
"TMEM117",0.179284764445241
"AC025257.1",0.179211073842682
"AL035446.2",0.178829745680864
"AC104695.2",0.178687253672956
"ZBTB43",0.178569842170978
"LUC7L",0.178458124508463
"PITHD1",0.178382982061468
"TRBV6-1",0.178319118550918
"CRELD2",0.178214831442136
"APOH",0.178089511888201
"ATAD3B",0.177864076497643
"MFSD9",0.177817459011391
"PDGFB",0.177252375291777
"PHPT1",0.176960365843193
"MECP2",0.176734279988478
"WDR62",0.176528963927272
"PRR5",0.176265881187414
"VIPR2",0.176219087226779
"AC009032.1",0.176200331439604
"TLNRD1",0.17615059711986
"SFT2D3",0.176117085286183
"AL139011.1",0.175872951488945
"ANXA1",0.17578272340116
"SEMA3C",0.175734341899382
"FKBP15",0.175688101149085
"RAD51",0.175514590867734
"AC073508.3",0.17540198682853
"BCOR",0.174837950785819
"JARID2",0.174753979400348
"ZNF81",0.174645251237847
"ZWINT",0.174569113932538
"HIST1H2AC",0.174398858776602
"TMBIM1",0.174353282120191
"AC069366.2",0.174352438384807
"SLC5A3",0.174137260045488
"BIRC3",0.173943961080831
"WAC-AS1",0.173809390074767
"ENY2",0.173633628825373
"FBLIM1",0.173449480070942
"GFER",0.173436340170125
"DHX58",0.173386988659247
"TPSAB1",0.173337853730948
"RINL",0.173316847389156
"EYA3",0.173112874883265
"LMO7",0.172634800569966
"ZHX2",0.172614807223512
"C17orf67",0.172506372383993
"AC007114.1",0.17243863260177
"SERPINA4",0.172437640980214
"ZSCAN29",0.172428698832122
"PPFIBP1",0.172415865611215
"SIX5",0.172321749586773
"CLEC5A",0.17207153398844
"GALNT4",0.171955190091551
"PGM1",0.171724891423726
"SEC23B",0.171375828564161
"LINC00598",0.171250050070477
"FAM120B",0.171121671723164
"AL353801.3",0.171107787820815
"NFYC-AS1",0.170678159718985
"EPHX4",0.170677583190266
"PKD1",0.17041730662293
"PRADC1",0.170410953484817
"CD177",0.170370429638766
"AC026803.2",0.170050380686201
"HIST1H4J",0.169841824552358
"FAM83G",0.169798642316885
"AC106897.1",0.16979117394711
"LMF2",0.169772649460335
"HOOK3",0.169764978889666
"AC016747.1",0.169734470388614
"AP003352.1",0.169673421060371
"NIPSNAP2",0.169601459446445
"ERVK13-1",0.169478740509536
"MON2",0.169172532436449
"RHEBL1",0.169035177314914
"DDX49",0.169004130235333
"B3GALT6",0.16877238211379
"AC004846.1",0.168746981405201
"AC090607.5",0.168451132590858
"ZNF660",0.16813308797144
"IL12RB1",0.168076159446416
"CYP4A11",0.167968656657295
"AC099811.1",0.167659240226654
"CTDP1",0.167644586343217
"INTS1",0.16761539099736
"ZZEF1",0.167600836359868
"CYP2D6",0.16751240443934
"DDHD1",0.167398647900253
"RAB2A",0.167273014038973
"MMP23B",0.167265549407708
"GOLGA1",0.166792447171673
"PATZ1",0.166675098478895
"COPS6",0.16646680982078
"AC099850.1",0.166298212573779
"TMEM30A",0.166249365186166
"AC133550.3",0.165988369927183
"CHSY1",0.165943685677082
"LINC02391",0.165861872696641
"NPR2",0.165651790876754
"ADAM12",0.165262153819441
"EIF2AK2",0.165017771894506
"TNRC6C-AS1",0.16480521411618
"PLEKHG4",0.164779740361995
"MARF1",0.164437703908142
"STK26",0.164051659307731
"ELP5",0.16385908828584
"SLC35A4",0.163636213041577
"TRIM52-AS1",0.163107356692193
"CENPH",0.16293329109519
"ILDR1",0.162780752494803
"ATP9B",0.162372655094518
"ATRX",0.162370554018465
"AL353622.1",0.162063563079324
"AC092353.2",0.162034741678299
"TRIM69",0.162006649234269
"NDUFB9",0.161620693372887
"NLK",0.161312316980575
"TIMM17B",0.161286430732979
"PTPN7",0.161268009368161
"SNX20",0.161050609543123
"CXCR4",0.161047994023793
"AGK",0.160914643188308
"RAB2B",0.160648873938371
"HIST1H4E",0.160573695070918
"KMT2E-AS1",0.160490621180412
"TCL6",0.160248280464187
"TLE5",0.160171311170414
"CDC45",0.16016170874488
"POLL",0.160108345233358
"C1D",0.159918477096777
"AKNAD1",0.159863989986079
"INIP",0.159621814632542
"GMNN",0.159372406328122
"CHD2",0.159223027528061
"ACTR3",0.159043299336952
"ZFAS1",0.158999734490692
"DENND5A",0.158981185050187
"RORC",0.158715916485696
"UHRF1",0.158712169396021
"LRRC37B",0.158662099468927
"FXYD1",0.158520485793862
"ADNP2",0.158483346437875
"RPL38",0.158428541081309
"SKAP1",0.158352834419184
"MEST",0.158183937986895
"RABGGTB",0.158164834574055
"TRNT1",0.158092413258462
"KLHL25",0.158054508121178
"CXCL2",0.158030434559014
"ELP1",0.157887112415635
"SLC7A5",0.157886707825585
"AC010680.2",0.157873067427141
"ETFA",0.157785465844707
"TTC7A",0.157184431630425
"CRKL",0.15717394546931
"VPS26B",0.156844977838664
"TPM3",0.156802426344228
"HERC5",0.156742222190878
"KLB",0.156741369276488
"AC008443.5",0.156660652683431
"EID3",0.156472083359719
"SMTN",0.156464841587921
"THOC2",0.156412312270758
"CCNK",0.156233159148255
"LAIR2",0.15615737078359
"AL392172.1",0.155985887217924
"ARFGAP3",0.155754383669172
"TXLNG",0.155196718221704
"FSTL3",0.15489522823732
"PLG",0.154854123256291
"AL513550.1",0.154835458415866
"AC092652.3",0.154804188818888
"INO80B",0.15465947683345
"CARNS1",0.154470731665523
"MAP3K5",0.154250967968119
"MRPS16",0.154243914839096
"ANKRD16",0.154162592820812
"TUBGCP6",0.154097303386444
"AC009630.1",0.154068130741088
"MISP3",0.153903925397217
"NADSYN1",0.153580944287543
"PLXDC1",0.153343602428917
"AC123512.1",0.153302196310221
"YWHAZ",0.153290512721128
"MT-ND1",0.153178265961475
"IL10RA",0.153003064968631
"RAD54B",0.152894657562472
"SRSF5",0.152808371032603
"IL11RA",0.152629046712896
"CD226",0.152612961540757
"CCDC102A",0.152488035356587
"GPAT3",0.152450786369847
"ARRDC3",0.15238374349346
"MRPS17",0.152370780462084
"SMAD3",0.152299243302412
"ARL17A",0.15219976374541
"SUGP2",0.152151695823418
"IRF2BP1",0.152003897879588
"SLC16A13",0.151915683582936
"ANG",0.151721005835888
"AC084024.3",0.151589516464065
"FKBP11",0.151484205212993
"OSTC",0.151141746957874
"LIMD1",0.15098364478385
"VAMP7",0.150643713208323
"GTPBP3",0.150328712556696
"ADAM22",0.150187953143978
"TMEM236",0.149880754617711
"CYP1B1-AS1",0.149765357950178
"CHST11",0.149653781868441
"ADCK5",0.149527462753086
"MAPK14",0.149285052659522
"UQCRB",0.149026345134904
"NECAP1",0.148724947491528
"MAPK13",0.148654743519674
"ZNF280D",0.148459013876525
"NCK2",0.148074032573083
"AC135279.4",0.147983490431974
"ZNF131",0.147923556951982
"CASC15",0.147775937111307
"EFCAB11",0.147744722795253
"ANKRD34A",0.147326184261477
"MAPK7",0.147216816106846
"EIF1AX",0.147033697765727
"EIF3I",0.14697909205127
"PDCL3",0.146485919537739
"BTAF1",0.14648243750265
"AL162390.1",0.146449694894814
"PDCD4-AS1",0.145972908502328
"CLIC4",0.145543553137928
"PIK3R6",0.145535916468585
"TOR1AIP2",0.14537768865953
"PRDM2",0.145362391588103
"CMTR2",0.145226771038188
"RAB10",0.144898880113002
"SLC25A10",0.144890797930549
"ESAM",0.144673532150992
"GPALPP1",0.144373370106187
"ZNF782",0.143988108652321
"MYO1D",0.143646239611253
"CNIH3",0.143619473700035
"ZCCHC3",0.143619394856971
"SNRK-AS1",0.143131566068523
"ZNF738",0.142847077237453
"IFI44",0.142792545184247
"HSPA14",0.142641598539754
"BHMT2",0.142555600343298
"ZC3HAV1L",0.142425131084171
"SENP3",0.142017064001197
"MCM7",0.141494677808951
"DANCR",0.141401305942131
"B3GNT10",0.141348631473486
"DCAF5",0.141202139188365
"SDHB",0.141196782087029
"NDUFA4",0.140959225208929
"TANK",0.140708691511137
"NTNG2",0.140416413999111
"PUSL1",0.140160114657966
"TJP3",0.140142574396034
"TRA2B",0.140117233003085
"LRRC24",0.140110950666802
"RAB30",0.140066085799883
"C18orf25",0.140011753732015
"MED17",0.139976824672164
"FAM166B",0.13980561326412
"MED14OS",0.139669860748888
"PPM1B",0.139416772432727
"CYC1",0.139398842649692
"CNKSR3",0.139108003126561
"AC016949.1",0.138896405072731
"AL136962.1",0.138818180316783
"SLC35D1",0.138815030631781
"CHMP2A",0.138626716426166
"ATP5MG",0.138567066006774
"FIGNL2",0.138465259393781
"MR1",0.138456936817936
"CNTROB",0.138175988284005
"DLL4",0.138064116478927
"AC092418.2",0.138011720788208
"DUSP8",0.137657458943928
"TEAD1",0.137616671659673
"NPIPA5",0.137610631652339
"METTL2B",0.137536387964007
"ACTR1B",0.137397443802591
"SNHG3",0.137181687849071
"MKNK2",0.137070360547147
"AP1G1",0.136864007171477
"RAD21-AS1",0.136790454435009
"GPAM",0.13648528057946
"XRCC2",0.136374249916814
"TUB",0.136041597791641
"FAM209A",0.13596661569377
"MIB2",0.135931220537043
"C1orf115",0.135625020022445
"RFX3-AS1",0.135168605113027
"SLC25A15",0.135074450792335
"CAMSAP2",0.134538589079179
"LENG1",0.134501001556825
"TINAGL1",0.134371966239779
"AC023590.1",0.134074451283817
"SLC5A5",0.133988266234126
"MMADHC",0.133936394036095
"SGMS2",0.133584302784678
"LIPE",0.133282152720117
"RPL37",0.133216990595442
"WFS1",0.133040280551906
"TBCEL",0.132912430986474
"NF1",0.132862039236734
"TIMM13",0.132848821164861
"SMLR1",0.13269961798447
"FRAT1",0.132468592977638
"ZSWIM8-AS1",0.13246245421366
"C1orf74",0.132377769413333
"YWHAH",0.132290322197041
"FBXO48",0.132233222646279
"RBM19",0.131857910368707
"AC024940.1",0.131837374886664
"CFLAR-AS1",0.131639843906882
"NPAS2",0.131638266958192
"DGKA",0.131532771767219
"AL021918.4",0.130990327131961
"IFFO2",0.130757514994929
"VPS35",0.130481810374571
"OBI1-AS1",0.130336011395109
"LNCAROD",0.130223029088168
"TRIM4",0.130149609410748
"AL353622.2",0.129934847850508
"NBAS",0.129909816280979
"CIPC",0.129877537032181
"XRCC6",0.129474809794614
"ACOT2",0.129331296074813
"TOMM6",0.129273930451892
"AL731559.1",0.129239337787974
"DOHH",0.1291802616968
"SF3B5",0.12909078748561
"MSH6",0.129038987079141
"PMM2",0.128954110061471
"RNF103",0.128470167315039
"PCYOX1",0.128103934145032
"C17orf49",0.128059707107761
"AC083799.1",0.127976978508262
"AC005070.3",0.127457370910968
"SRGN",0.127256692373541
"HAUS1",0.126856313840412
"COBL",0.126782746468212
"B2M",0.126776074418573
"Z93930.2",0.126409747583827
"FMC1",0.126374296051728
"SPTBN5",0.126291180362395
"TTC21B-AS1",0.126244307440153
"MSRB3",0.126125375264764
"ACYP1",0.126085751987377
"LBH",0.126053097310528
"RANGAP1",0.125904419868646
"AC010442.1",0.125903078728117
"CCL3L1",0.125603620162553
"DDX47",0.125581279536678
"MRPS24",0.125549129798298
"AC009309.1",0.125441879713449
"ITGAL",0.125116475759194
"KLHL28",0.124657727340343
"TOP1",0.124484027645888
"EPB41L3",0.124127182251136
"KBTBD4",0.124028313358828
"HDDC2",0.123965853160281
"AC121761.1",0.12393921413315
"AC092445.1",0.123866331061737
"SLC2A2",0.123540753086366
"DMGDH",0.123437405669307
"MTHFS",0.122827762024544
"TMEM243",0.122733156526689
"ERICH6-AS1",0.122357154370598
"AKIRIN1",0.121937825065121
"SGSH",0.121933728307582
"LYRM9",0.121920757875516
"FANCB",0.121717856014844
"IPO5",0.12168725008617
"AAAS",0.121612674829559
"TRMT2B",0.12150572892926
"P4HB",0.121308818153229
"AL136987.1",0.121086586398558
"N4BP2L1",0.121020108552733
"YY1",0.120980460105557
"ANAPC4",0.120711208991527
"SLC7A11-AS1",0.120675887962405
"PHACTR4",0.120469734676875
"AC010240.3",0.120368692081513
"AL034405.1",0.120152891141514
"AC104794.3",0.120029278747085
"SET",0.119511729484467
"SLC35E4",0.119466518011858
"RSRP1",0.119457560135274
"ATP8B1",0.119433178061468
"CD2AP",0.119259795004416
"MON1B",0.119240353060828
"HIST3H2BB",0.118967961491351
"IRF3",0.118881165324272
"ASB3",0.118818112285385
"GZMK",0.118627348845466
"ZNF587B",0.118545812035463
"CABIN1",0.118373082146339
"CHTF8",0.117585634541103
"AC139768.1",0.117550298771789
"HENMT1",0.11744203507572
"ZNF554",0.117415049061261
"CD47",0.11735649444144
"NUP155",0.117345075534965
"CLK4",0.117344599749704
"SHKBP1",0.117326256066204
"AC073195.1",0.1169805324321
"EXOC8",0.11673170263697
"CYB561A3",0.1165724511962
"TMEM199",0.116523203765383
"OAZ3",0.116018289200519
"ELOC",0.116011293520368
"PCBP3",0.115996019069065
"AC004988.1",0.115989577063371
"WWP1",0.115958489318369
"AC008982.2",0.115803188270462
"MN1",0.115661482063863
"AC025171.3",0.115619737319179
"SOX12",0.11546626289197
"ZSCAN20",0.115462429468387
"TM4SF5",0.115280244426574
"CDC34",0.115205246698436
"OSGEPL1",0.11487303215416
"IGHV3-23",0.114449274173343
"HMG20A",0.114397228413519
"SMARCA4",0.114373969029456
"CCDC124",0.113997902116024
"TMEM185B",0.113989842295988
"AL391056.2",0.113929605074604
"GDAP1",0.113892015181998
"LAMTOR3",0.113855481338407
"FBXO25",0.113836053880638
"SMIM4",0.113813334770796
"VAMP3",0.113790523074438
"ASTE1",0.113679125455369
"SIAH1",0.113372152748791
"PER2",0.113192304237366
"TNKS",0.113057179324177
"PTPRCAP",0.112939474203263
"NDUFA9",0.112848582532554
"FAM111B",0.112541971093411
"AP4E1",0.112291064204124
"FAM219A",0.112152851548327
"AC074117.1",0.112072403954081
"AC073263.2",0.112061364600441
"DPCD",0.112059418695583
"RAD52",0.112033060995126
"PLEK2",0.112006477718894
"ZNF253",0.111948537046652
"AC034238.1",0.111687685879501
"PIGM",0.111565819785029
"HTT",0.111492383772789
"ADI1",0.111428643582791
"PKMYT1",0.111329392150392
"TRAK1",0.11116925029509
"STAP1",0.110947842923515
"MDP1",0.110820639935558
"TMPRSS6",0.110689566820228
"MPZL2",0.11058323332127
"CCDC117",0.110564844171662
"KHDRBS1",0.110466965739203
"AKT1",0.110407114554308
"CITED4",0.110318950059301
"PPID",0.1102090813038
"ZNF219",0.109968631084668
"TTL",0.109909515415933
"SATB1",0.109640807300504
"DMAC2",0.109519133078719
"ZBTB34",0.109399468990516
"IFT140",0.109208299694463
"CAMKK2",0.109103974493845
"AC080023.1",0.109027515924393
"RNF167",0.10888085247265
"SOX30",0.108374108310591
"IGHMBP2",0.10834551036684
"NSMAF",0.107988640336813
"ATL2",0.10790249903621
"TRAV39",0.107689111148167
"COMMD5",0.107684679189414
"ASPSCR1",0.107447880029147
"ZNF70",0.107445631846571
"IL27",0.107435797699934
"VLDLR",0.107141768079435
"UQCC1",0.106954996636541
"JUND",0.106945256082394
"LINC01962",0.106491794555144
"AC103691.1",0.106471319562222
"NUP88",0.106074529977397
"MACF1",0.105719739727091
"NPIPA1",0.105633688946654
"PCBD2",0.104790806460914
"NSL1",0.104743582262389
"LINC02073",0.104539733865923
"BCAS3",0.104427653722736
"CBFA2T3",0.104346895099301
"GSTO1",0.103951871563281
"RARRES2",0.103581976903686
"LINC01215",0.102968820342639
"Z82244.2",0.102846095949487
"CALM1",0.102801045355597
"GOSR1",0.102792219830603
"EGFL8",0.10274250182671
"CDR2L",0.102713917063154
"HS3ST2",0.102704489680297
"BRICD5",0.102625045284604
"AC093535.1",0.102401456786738
"RMND5A",0.102378694540479
"SMC1A",0.102288081715066
"MAPK9",0.102156096945769
"NOC2L",0.101943699898969
"PDLIM7",0.101342578098957
"PPP4R3B",0.101296633932208
"ATP1A1",0.100873181529016
"AC016773.1",0.100694759471412
"AC105339.6",0.100619527167894
"BMP8B",0.100426941882078
"LINC01004",0.100418778618238
"TAP2",0.100399057234247
"PRDM8",0.100386567110953
"CAND1",0.100220822696856
"NUMBL",0.100090184581719
"NAGS",0.100058337643063
"PXMP4",0.100002170753402
"NAPEPLD",0.0998366585889844
"STARD7",0.0997946289590561
"NEMP2",0.0996687032207025
"MLLT1",0.0995759828588953
"CBWD5",0.0994767802069666
"CARD8-AS1",0.0993910877465902
"ARL4C",0.0992757813631428
"AC069544.1",0.0991865605942465
"AC008105.3",0.0990464074258123
"PRMT6",0.0987908321793744
"ADAM8",0.0987610853865325
"HIST1H2BL",0.0987362081555576
"AL117336.1",0.0987332934366655
"INTS6L",0.0985881866169966
"UBTD2",0.09857709186865
"PTK7",0.0984774853123262
"ZNF506",0.098476766290682
"ATP10D",0.09839378347749
"ZFAND4",0.0982465048231271
"ZNF276",0.0981125934199107
"AC006213.1",0.098010899676162
"RIC8B",0.0978443231691546
"IFIT2",0.0978355847941257
"MRPL4",0.0976301413549744
"LINC01816",0.0976238590331996
"CCR10",0.0974736929611296
"TRMT2A",0.0971078921990283
"NDUFB11",0.0969980338306955
"SSBP2",0.0966328832450619
"CARS2",0.0965143924232759
"ZNF610",0.0962708349224426
"TRIR",0.0958507533730347
"MAPK12",0.0958290561653245
"NR6A1",0.0957200312315117
"FRYL",0.0952963624214519
"CBX5",0.0948543637100862
"SAFB2",0.0945989332210754
"IGHV2-26",0.094407820192576
"TUBGCP3",0.0941649965466205
"SPATS2",0.0941209419906741
"MRPL55",0.0937726397027844
"POLR2H",0.0937368241492115
"TIGAR",0.0937105977070651
"ZMIZ1",0.0935703692419988
"WDPCP",0.0934419894109918
"ECHDC2",0.0932005133957804
"BRIP1",0.0931117288358017
"VDR",0.0931063341809346
"ARMC10",0.0928451017105699
"RIC1",0.0926638817312757
"AP001453.3",0.0926439543026111
"NCAPD2",0.0925083294507794
"DOCK8-AS1",0.0924422649553377
"MGST3",0.0918012027157305
"DOCK4",0.0917529486226046
"CTNS",0.0916554299155783
"INPPL1",0.0914884775144469
"GJB2",0.0911275947658295
"CALCA",0.0910119212001785
"POLB",0.0908184466381536
"RBM23",0.0907742706617845
"MCM8",0.0905885348320684
"TMEM14B",0.0904781073819191
"NUBP1",0.0903394981183045
"LAGE3",0.0901274998180537
"AP3M2",0.0899378152635172
"AL589745.1",0.0898147278232759
"ZNF541",0.0897414855926695
"AC097376.3",0.0896135353401056
"MTX1",0.0895784607259018
"OTULINL",0.0894600935801152
"ZNF891",0.089437174712803
"FHOD1",0.0890450143601356
"ADCK2",0.0890383960122748
"TTC8",0.088772988594141
"ARID1B",0.0885583519762306
"APOOL",0.0883022626620165
"NOP10",0.0880995447664711
"DARS-AS1",0.087941341141785
"AC084018.2",0.087925912257862
"RHOC",0.0875144759857528
"ZFC3H1",0.0875103027002394
"AL121787.1",0.0873968863281595
"GPC4",0.0871685106989932
"ASMTL",0.0870900489679788
"RRAGA",0.0870128279471999
"IGHV4-59",0.086649023467059
"BOLA2B",0.086393040201582
"CREB1",0.0862693865061956
"SLC9A5",0.0861782201498431
"SPATA5",0.0861726830680221
"TTC16",0.0861062818976182
"ACADS",0.0857957733112762
"CENPW",0.0853680766775194
"RRP15",0.0850390580709311
"Z95115.1",0.0846223250224518
"C15orf65",0.0845420910016993
"KAT14",0.0843914580401503
"AC083798.2",0.0840645223695953
"DIS3L2",0.0840114331975363
"BRMS1L",0.0838845840561967
"TMEM30B",0.0836302319834181
"PAQR3",0.0834914762916788
"CEP95",0.0833046093913054
"LINC-PINT",0.083291887594695
"AC007365.1",0.0832413891436213
"AC007569.1",0.0832275724804774
"AL365361.1",0.0831142168185415
"SLC4A1AP",0.0825292892162364
"AC098484.4",0.0824016218144709
"ICA1L",0.0818549709269549
"AC007448.4",0.0817557423617471
"LRGUK",0.0817527362077023
"ACAD11",0.0816485718061715
"ATP2A2",0.0815189748895981
"PSMB1",0.081456074425105
"KLRD1",0.0814533333220595
"PIM1",0.0813859969288729
"MAK",0.0812308012123931
"TENM1",0.08116627551013
"ZEB2-AS1",0.0809448386915022
"FAM184B",0.0808428606407973
"AL589765.4",0.0804423604892752
"CBLN3",0.0803258452718145
"AC005523.2",0.0802782957238685
"AC021752.1",0.080211394554033
"AC096667.1",0.0801656174635125
"MVK",0.0801639202869803
"AF131215.2",0.0800826640658968
"PRKCA",0.0799189195202858
"RFC2",0.0799067370501728
"GPR89A",0.0798776701693876
"B3GNT4",0.0797897288335704
"WDR61",0.0796905782367678
"FZD9",0.0796059553509789
"RABGEF1",0.0792298120340099
"AL592435.1",0.0789163220585249
"AC139720.1",0.0788994085219431
"CMTM4",0.0787717456032299
"METTL26",0.0787467626458868
"PTMA",0.0787328915601602
"LTBP1",0.0784799917774391
"SMC1B",0.0784525643495199
"NBDY",0.0783791488987905
"ZC3H10",0.077972702800588
"BX664615.2",0.0779441927729701
"RPL41",0.0778795837645656
"GPRACR",0.0776563487853261
"HIST1H2BH",0.0776209695059932
"USP31",0.0775778213409074
"CD80",0.0775312417362398
"ZNF90",0.0767777179855042
"PPP2R3C",0.076723150683006
"APOA2",0.0765955731117712
"NOD2",0.0759199004981942
"SLC30A5",0.0758459982635469
"ANKRD13C",0.0755791157990763
"MCM5",0.0755499260889571
"AC011446.2",0.0755103658631661
"HSPA5",0.0754398843413687
"CDC14A",0.0752942760662401
"ARMT1",0.0752927777286654
"TMEM202-AS1",0.0752735651770991
"TSPYL5",0.0751882133129422
"EFHC1",0.0749677429220659
"AC002306.1",0.0746349462252838
"PRICKLE3",0.0744867843413222
"FAM131B",0.0742104984972327
"AL136320.1",0.074205177302691
"CERCAM",0.0736768284755589
"YPEL4",0.0736664009741245
"FAM220A",0.0735777108454973
"FAM49B",0.0734031421034738
"AP001033.1",0.0731138996740199
"DBI",0.0730754903540917
"USP36",0.0730165442144379
"LNPK",0.0729911034772419
"TMEM231",0.0729185699476871
"IFIT3",0.0724622295972923
"ARPC2",0.0723652480496205
"PIGV",0.072219793153657
"KIAA0895",0.0721801627345878
"AL354743.2",0.0720814987258992
"ARHGAP29",0.0720108488502456
"YTHDC2",0.071870797513351
"SEC22B",0.0715358185857488
"QRICH2",0.0714391827008755
"IER3-AS1",0.0713836800777307
"BAALC",0.0713426847031871
"AC012368.1",0.0713283522763175
"PPFIA3",0.0712123383403457
"AC097634.1",0.0711782506444147
"ACBD6",0.0711639624482858
"PLD6",0.0710703456003025
"CEPT1",0.0706312580774504
"ZNF57",0.0705516653715217
"ADIPOR1",0.0705038492942988
"NEK7",0.0701370819744389
"IFFO1",0.0695453352224811
"TSR1",0.069452766143028
"MGAM",0.0693546164885372
"FBXL12",0.0692050489779561
"TRIM36",0.069014348310101
"MORN3",0.0689296785053714
"ADAT1",0.0687604600457905
"CYB5R1",0.0686443033777544
"SLC16A3",0.0685971807356513
"LHFPL6",0.068563291827694
"AL133245.1",0.0684404354246549
"VTN",0.0684389808490082
"SIRT3",0.0683123898676823
"RNF2",0.0682770637889247
"ZNF441",0.0681427802452191
"ASDURF",0.0681390091546652
"PITPNM2",0.0679410040621905
"VTI1A",0.0678583934797642
"AC003102.1",0.067804357281303
"ANKRD18A",0.0677913818856978
"NKD2",0.0677358961290401
"RASSF2",0.0675911785096541
"NUP43",0.067392055841806
"GNG8",0.067293351030981
"DESI2",0.0670314831155582
"ZNF565",0.0669538827476213
"BYSL",0.0668286649129837
"KIFC2",0.066787576882888
"TYW1",0.0667711870978864
"IL1B",0.0667506300079714
"HERC4",0.0665983793485644
"MTMR1",0.066506506255231
"PDIA5",0.0664397477439979
"TMSB4Y",0.0660860628720964
"AC002091.1",0.0657903352873445
"DDTL",0.0654839308141813
"XRCC3",0.0651832343846195
"ZNF433",0.0650899014504581
"DAZAP2",0.0649976657099527
"ZNF561-AS1",0.0647614463802387
"PPME1",0.0647462714640374
"NTRK1",0.0646345244653721
"STAG3",0.0645342763270553
"AC068888.2",0.0639528760273221
"KCNMB3",0.0637685617628545
"SEC63",0.0637227020404749
"LARGE2",0.0636372281392694
"DIS3L",0.0633669980837673
"RHOH",0.0633501162024155
"SUSD6",0.0631680640376699
"CBWD3",0.063121991246198
"PAOX",0.0628119655311571
"COPZ1",0.0627814434610417
"ACOXL",0.0627537950242007
"KDM4A-AS1",0.062149399621927
"GLI4",0.0619358369408724
"CDKN2C",0.0619341915465755
"ATN1",0.0618815660917766
"IGLV2-23",0.0617902284570742
"PHLDA1",0.0617546807829525
"VPS54",0.0616359404789851
"CEP68",0.0615211554937554
"GPX4",0.0611041806950397
"FANCG",0.0609887492568895
"SIDT1",0.0608583648024084
"LSR",0.0607615004217229
"TMEM80",0.0606530029364574
"HMGA1",0.060363648306436
"AL355999.1",0.0603297128695069
"METTL9",0.0602872148041062
"RTN3",0.0602330939418953
"PRPS2",0.0600843182997455
"CFAP44",0.0600692742423845
"SOBP",0.059793501875931
"FAM86C1",0.0596600100805199
"FDFT1",0.0595974755203602
"AC009113.1",0.0591952505039349
"EVA1C",0.0591934399535618
"AL158071.3",0.0591376049897853
"USP51",0.0591129863376676
"CAPRIN2",0.0590215887867784
"ABI3",0.0589405745761072
"FKTN",0.0589169243287118
"PARP10",0.0588831878571363
"CCDC138",0.0588068018775775
"CD151",0.0586927717969202
"AC068205.2",0.0585702471837345
"ALKBH5",0.0583515940401526
"WNT10A",0.0577009512648212
"RPTOR",0.057631567209488
"PTTG1IP",0.0568827220529869
"RBP1",0.0565388667775392
"TMEM260",0.0565068460933986
"SYNGAP1-AS1",0.0564389475314431
"MSL3",0.0564094522208619
"URB1",0.0563984176459737
"NEO1",0.056099057267628
"PELI3",0.0559941173195447
"ANAPC15",0.0558821948744263
"ZNF593",0.0558300297262014
"SNHG1",0.055397080014177
"PRR7",0.0551051039425582
"MMACHC",0.0550578111937369
"NFIA",0.0542710250312324
"AC021087.1",0.0541012050378607
"AP4B1",0.0539242543711896
"RNF114",0.0539039830718684
"CEP120",0.0539015693018967
"FAM104B",0.053381499505846
"DNM3",0.0532224128871104
"RIMS3",0.0531359209298778
"TMEM171",0.052827150355279
"HDAC2-AS2",0.0527288455143598
"AC010186.1",0.0523289110019368
"BTLA",0.0521616032902159
"POMP",0.0521586513250626
"DDIT3",0.0520730870790616
"SCN9A",0.0519690186957203
"TOX",0.0518169664167389
"ANKHD1",0.0517762680317533
"PAX8-AS1",0.0517501072691909
"RBAK",0.0515502922713699
"FAM222A",0.0514853003879739
"TRIOBP",0.0513906424714485
"PLEKHO1",0.0510526575938904
"PAF1",0.0505705007693858
"TDRD3",0.0504244906812398
"MRPS28",0.0503266371297662
"RRP9",0.0502750425284276
"TECPR1",0.0502203802356796
"TFB2M",0.0501688305499543
"MIB1",0.0500186176881563
"TSC22D1-AS1",0.0489410787102005
"ACOX1",0.048828306615379
"SAMM50",0.0487311676453187
"RECK",0.0482264213895202
"ABL1",0.0482048617889306
"HDDC3",0.047827420482646
"AC005962.2",0.0477049465155207
"AC025165.2",0.0475810333696472
"SLC25A3",0.04755169463741
"TMEM97",0.0474838364974303
"ERO1B",0.0473287472963386
"KIR3DL2",0.047264926835495
"RASGRP3",0.0471668194502211
"MIR762HG",0.0471535380739185
"ALS2",0.0469018554277622
"CLEC16A",0.0468203975204139
"CA8",0.0467851358649116
"ANAPC11",0.0466644379659614
"USP44",0.0466204335060624
"AC026341.1",0.045501570369623
"LINC00886",0.044543574118893
"AC116407.2",0.0442322821176375
"ZNF611",0.0439157565342631
"PSMD4",0.043910800049379
"AC026748.3",0.0439022898905744
"MAGOHB",0.0437632643069974
"DAB2IP",0.0436924769092124
"FALEC",0.0436744792715563
"AACS",0.0434181231939064
"LIPT2",0.0433259184779145
"USP18",0.0430127515342143
"SH3BGRL3",0.0429796973224822
"WDR37",0.0428820355786801
"PLCH2",0.0428612312095521
"CYTH4",0.042801567351385
"CGAS",0.042800727206739
"HOMER2",0.0427854236846116
"MIR22HG",0.0425191844283977
"MAPRE1",0.0424849301429792
"LINC01409",0.0424364119273493
"AC005306.1",0.0424046787492169
"COCH",0.0421475166038785
"FAM49A",0.0419434725818835
"COL1A1",0.0419235821698174
"SERPINB9P1",0.0417147372903421
"OCLN",0.0413993319954848
"LRRC59",0.0413515160902564
"PTDSS2",0.0412493996657452
"EEA1",0.0408088396070624
"CARD11",0.0406129824614009
"DPYS",0.0404258451027787
"ANKEF1",0.0403532323428633
"PHF14",0.0402798670083888
"OAT",0.0400834046877972
"ERN1",0.0399727838062652
"EHMT2",0.0395742307878319
"RNF152",0.0394984749702499
"SAMD8",0.0394663720766173
"U2AF2",0.0394040450978786
"AC078846.1",0.0393420480546003
"SCNN1B",0.0389760171636017
"AC010503.1",0.038963149062871
"AC004906.1",0.0387295665871072
"AC011893.1",0.038614407602457
"EML5",0.0385289198157179
"GRAMD1A",0.0383682057682803
"SNIP1",0.0381689814950349
"LINC01684",0.0381205788366437
"CD46",0.0380496603854689
"HAUS6",0.0379428382132746
"RBM15",0.0377211196456863
"PLCE1",0.0373165329690987
"AF127936.2",0.0372334923614696
"HPX",0.0371742616137559
"FAAH2",0.0371293747808473
"CFHR2",0.03707175899656
"CSNK2B",0.0370701817402279
"CNBP",0.0367531462373137
"LARP7",0.0366641182124789
"POLR2G",0.0363787756196641
"LINC00920",0.0362049232349405
"RASA2-IT1",0.0361130047375953
"TIMP1",0.0359953093535976
"PTCH2",0.0359672437464269
"YLPM1",0.0358992414396593
"AC021739.2",0.0357746203084754
"H1FX-AS1",0.03576876874253
"AC253572.2",0.0357065424939269
"RBM38",0.035474134569489
"CDK16",0.0353059603125536
"ZNF774",0.0351944854504458
"RCSD1",0.0349636597165803
"HEXIM2",0.0349363640408035
"DECR2",0.034614298530501
"MFSD4B",0.0338608241694444
"LRRC37A3",0.0337529945896395
"AC011476.3",0.0337293076479025
"UBE2Q1",0.0336594584659391
"PLS1",0.0331884461290652
"AL356804.1",0.0330841467378985
"PIR",0.0329483482117637
"WDYHV1",0.0326831861905271
"CCDC32",0.0324476356646941
"FBXL13",0.0322348100116913
"NUP42",0.0319819651328233
"IFI35",0.0319753917412283
"TMEM135",0.0317935822814532
"WDR77",0.0317907909230719
"NUMB",0.031725321975346
"DXO",0.0316370203677571
"SLFN12",0.0315144081594801
"TGOLN2",0.0314744327812512
"SOX8",0.0308507131285418
"MLH3",0.0308413707174908
"USP34",0.030661182109715
"MUC1",0.0306068781135857
"S100A13",0.0306008601304784
"HRG",0.030506323628485
"AC092718.6",0.0304957624130186
"DLK2",0.0302760631079509
"AC015912.1",0.0300455418395988
"DMPK",0.0298901794759702
"CCT7",0.0298594133065794
"DND1",0.0298009411365831
"SRSF6",0.0297882818093022
"SSX2IP",0.0294427754027976
"HNRNPH2",0.0289491072059213
"WDR63",0.028909148265082
"SMU1",0.0288417463699947
"SUCLG1",0.0287528878974061
"RLIM",0.0285454520607039
"RAB11FIP1",0.0285102547616003
"ITGB4",0.0279843905026957
"SNAI3-AS1",0.0279710513622532
"POMGNT1",0.0278828127514318
"AL358333.3",0.0273069058010701
"DIP2C",0.0272949649642184
"DENND2C",0.0271718210896118
"TMEM167A",0.0270450063209586
"ARAF",0.026861418013343
"FBXO30",0.0265577094518425
"IGKV2D-28",0.0264937807254206
"ARHGAP21",0.0264441068986332
"RPLP0",0.0264241773362514
"CXCL1",0.0263954562087679
"C12orf4",0.0263212469817097
"AC005520.2",0.0262090321070163
"RPS15A",0.0260741642374974
"RNF11",0.0258028622829773
"CASS4",0.0256582749904908
"MT-ND2",0.0250529396691833
"AGPAT3",0.0249332981025735
"TUBA4A",0.0248447031312827
"MBTD1",0.0247539240596136
"LCAT",0.0246564290920321
"TOM1",0.0244941492214116
"UNC13D",0.0244238224035305
"PVR",0.0243902370316658
"CARNMT1",0.0243046012510809
"SAMD15",0.0242074499136606
"AL139246.3",0.0237561454817833
"C6orf52",0.0236003723720426
"SOX4",0.023586797136366
"WDR7",0.0231899395178787
"ITPRIPL2",0.0231020966194127
"EFEMP2",0.0224511334703978
"SRSF1",0.0222721152694367
"ATP5F1B",0.0220066207715555
"AL353708.3",0.0218887313111899
"TP53I11",0.0218303515072106
"ALKBH3",0.0218257103847451
"BTF3L4",0.0212561557803193
"WBP1",0.0210937702245811
"TENT4A",0.0210082359361573
"TRGV3",0.0207123448679439
"WDR26",0.020484992443747
"MASTL",0.020335470151584
"HDAC10",0.0203215787912294
"CMC4",0.0201880589746868
"CYHR1",0.0200335068926926
"NSMF",0.0199032949160741
"ARFGEF2",0.0198285799823823
"IGFBP6",0.0196216536197366
"DVL2",0.0195246428692909
"CDK19",0.0194719267787831
"NAIF1",0.0190460572387628
"MXD3",0.0190005377045457
"DNMT1",0.0189631318668649
"DSCR9",0.018823723782133
"AL451165.2",0.0184957402606526
"KPNA4",0.0184301502760311
"KCNN3",0.0184248762733128
"TRIM41",0.0183515071406227
"LINC02265",0.0180736128209544
"HS3ST3B1",0.0179457558253727
"AL121832.2",0.0178532283683972
"AADAC",0.0178390377669614
"PEX11A",0.0178337405525021
"CNOT6L",0.017632886977244
"TGFBR3",0.0175737187654193
"ZNF813",0.0172370921157332
"SFXN5",0.0170893060628848
"MTERF4",0.0169975535212181
"TARSL2",0.0168514202270937
"LIN52",0.0168484623681411
"UTP23",0.0165053767395378
"LINC00957",0.0163184182621421
"JHY",0.0162472957432102
"UBXN1",0.0160724937933607
"LTK",0.0159532377667441
"TMEM258",0.0153804388068442
"MBD3",0.0153574431971113
"MALT1",0.0144739217615818
"AL391684.1",0.0140811603030635
"AC004837.4",0.0135030984001606
"UBFD1",0.0131497053346958
"SWI5",0.0130878889931244
"AFG1L",0.0128245766220327
"ERC1",0.0126525304734759
"ZNF582",0.0125622166377051
"IFNG",0.012552580797163
"TULP4",0.0124939759485514
"RPS12",0.0123983604805377
"RFWD3",0.0121878316981892
"BORCS5",0.0120618154590806
"MSL1",0.0118829083724213
"PIK3IP1",0.0118384302049367
"ZNF574",0.0117013681693836
"LYAR",0.0116994369217202
"AC007163.1",0.0110604381701826
"MGLL",0.0109350835098153
"ZNF407",0.0109194101512033
"PHYHD1",0.0108287363261947
"NOSIP",0.0107775685452826
"CCDC96",0.0105814054551662
"SYS1",0.0105203236108974
"C11orf54",0.0101934236284943
"EXT1",0.0101165891713388
"AL355001.2",0.0101110291640629
"TMEM87B",0.00951713528137936
"RNF20",0.00890966930729315
"RPL23A",0.00884988811679494
"ZNF436",0.00856300786512892
"ZSWIM1",0.00844096360759868
"AARS2",0.00842132192016463
"RGPD1",0.00816427784166891
"RAMP1",0.0081309470398649
"FOXN2",0.00791703221508755
"UGCG",0.00779882541865848
"RASAL1",0.00779491565752463
"CDC25B",0.00742060786573899
"C17orf75",0.00719218639470504
"THEM4",0.00718248023770451
"TBC1D15",0.00687176265024864
"EIF5A2",0.00668948121011306
"TBC1D22A",0.00661889397601593
"COBLL1",0.0063444366024868
"PTGR1",0.00624188174973417
"FAM50A",0.00600011489562023
"PBLD",0.00573701788914811
"GPR155",0.00569295329284379
"SOWAHC",0.00565135002733126
"AC053513.1",0.0056361785187776
"RPL36",0.0053301418957348
"RBM6",0.0049925956635601
"ARL17B",0.00457089098669365
"ORM1",0.00442278630670217
"MAFIP",0.00428713527675283
"SEMA7A",0.00411676685287119
"AC093249.6",0.00410296950618316
"AC097534.2",0.00398808287269947
"AC012063.1",0.0039001673827439
"CAMKMT",0.00371649289169982
"AC099522.2",0.00293566721759199
"YIPF1",0.00198013860119633
"MAN2B2",0.00177614897260938
"CRLF3",0.00159211195852252
"ZDHHC23",0.00144145422540995
"COX6B1",0.00136931779107689
"CDC20B",0.00128784859294655
"ZDHHC8",0.00125550224762393
"BROX",0.00123922318242268
"ARPC5",0.000918349089673731
"HNRNPAB",0.000826923404087656
"VARS2",0.000742916480510809
"AC009163.7",0.000646758553866122
"ENAH",0.000615991396508403
"COPS2",0.000423049868687973
"MCM2",0.000152037428634791
"CTNNB1",6.6066985009202e-05
"CD3EAP",4.27053831802198e-05
"NME3",-0.00011518808000343
"AP005329.1",-0.000241634395721269
"SMARCA2",-0.0003302874239174
"CT69",-0.000486731674934898
"PLEKHA7",-0.000865825263525447
"AL353135.2",-0.000889520025018923
"INPP5D",-0.00100094730692055
"AC006116.10",-0.00117169751007861
"MCEE",-0.00120475265903474
"MMP9",-0.00125026990167122
"RPS27A",-0.00142239650877751
"GNPNAT1",-0.00151056135595619
"AC023424.3",-0.00165290600641631
"PTPN9",-0.00199702496017205
"ATP5MC1",-0.00199948107103665
"TERF2",-0.00228640582845833
"HMGCR",-0.00258184576948547
"MYDGF",-0.00260410650403581
"PIK3CD-AS1",-0.00279618130859622
"EID2",-0.00288619637959477
"AC025449.2",-0.0029439807749965
"AC008438.1",-0.00301990266333688
"KDM4B",-0.00309569084303481
"AC084026.2",-0.0031443330474044
"UBA5",-0.00331384293876635
"RABL2B",-0.00352478805881454
"LBX2",-0.00422985207086178
"PRSS12",-0.00430752438940735
"SLC35C2",-0.00434913082619621
"B4GAT1",-0.00449803226128479
"MAGI2",-0.00458795041758821
"CCDC163",-0.00472155406733211
"EEF1AKMT3",-0.00472867934197082
"SERINC4",-0.00475792521784147
"AC012557.2",-0.00501474624712906
"UBL7-AS1",-0.00506985251264275
"PIDD1",-0.00529577508527052
"SNN",-0.0053709432878097
"IRAK4",-0.00538906903478183
"DOCK8",-0.00554481042360881
"TENT2",-0.00554551434623034
"AL590399.1",-0.00556903016562305
"PHF23",-0.00605620213459069
"ARG1",-0.00608370471724225
"ETV2",-0.00618558703367259
"AL109628.2",-0.00621649381916931
"COQ10B",-0.00632877295636288
"ADGRF3",-0.00660627460071924
"PCSK7",-0.00680124707050687
"ACSL3",-0.00696379608398013
"AC124016.2",-0.00704249608048552
"CLDN7",-0.00708383680926126
"CCDC173",-0.0071378053524201
"ATP5F1E",-0.00728523530190396
"FO393401.1",-0.00729346044279131
"DNAJB2",-0.00758211357462339
"AC159540.2",-0.00766460597134511
"ISM1",-0.00781295148497848
"EHD3",-0.00804713318560365
"PLGLB2",-0.00816037563561884
"AC012615.5",-0.00833220766319155
"PGK1",-0.008362041530044
"ARHGEF10L",-0.00848878960033701
"TTTY10",-0.00897770421177981
"FAM110C",-0.00925122538957807
"AC012360.3",-0.00947381179458179
"RNF123",-0.00962214324430052
"PIK3C2B",-0.00965850117241378
"LARP4",-0.0100620059866351
"ABCE1",-0.010173348922823
"ANKRD44",-0.0105179984672215
"SLC25A42",-0.010534059447062
"PRCD",-0.0106329209750124
"CNR1",-0.0108973131470968
"OTOF",-0.0110318442729762
"BTG3-AS1",-0.011208301680683
"AIP",-0.0112848068283517
"RWDD2B",-0.0114352209143861
"COMMD6",-0.0116956510167951
"SLC13A5",-0.0117017107389125
"PIP4P1",-0.0117399475820589
"GDA",-0.0120189801317163
"PCNX1",-0.0120242933451595
"THRIL",-0.0120486043078559
"PRKCZ",-0.0120873783824749
"MYLPF",-0.0121248790037861
"RPL37A",-0.0121251085895192
"AC005856.1",-0.0122480081310235
"URB2",-0.0123167203977579
"ZNF658",-0.0126054900717811
"MRTFB",-0.0126501860777637
"GDI1",-0.0126961594920355
"AL365203.2",-0.0127328977735663
"AF131215.6",-0.0130375664321143
"AC079305.1",-0.0133654105536837
"AC092115.2",-0.0134045143134905
"CCDC57",-0.013456980706782
"PSMD6-AS2",-0.0136386441573531
"AC079848.1",-0.0136517185728327
"ENOPH1",-0.0136580592542341
"PDLIM5",-0.013663985737504
"ARAP3",-0.0136925253056623
"KIAA0355",-0.0137880195809225
"SWT1",-0.0140590252798816
"CTBP1-AS",-0.0141210487090083
"CCNE2",-0.0145176033050199
"CREBBP",-0.0146451402919028
"SLC38A4",-0.0146564484521769
"DTNA",-0.0147832905595691
"PDS5A",-0.0147856025155527
"AP001033.2",-0.0148374430238901
"SELENOW",-0.0149947641709939
"STIL",-0.0152473099788625
"IGHV3-74",-0.0153111501265656
"SAMD1",-0.0153269034538709
"TMEM273",-0.0153908726666704
"MYNN",-0.015608317307403
"NR1H4",-0.0156295288316311
"AC007285.1",-0.0157572596846653
"MYADM",-0.0159384275307541
"CCNYL1",-0.0163414262678138
"DPY19L3",-0.0165799373209787
"PIWIL4",-0.0166299691823837
"VPS13B",-0.0167340049127071
"PLGLB1",-0.0169687607981708
"SLC2A4RG",-0.0169838457907426
"SPPL2B",-0.0177625190656975
"TMED2-DT",-0.018264294864615
"SLC10A1",-0.0183456155621264
"CD248",-0.0185967391765447
"PHF1",-0.0186740019477782
"CHN2",-0.0187200341343873
"SERF1B",-0.0189924947504617
"AC023794.3",-0.0190494863011477
"ZNF521",-0.0195268721412505
"TTC21A",-0.0195793952232789
"DEF6",-0.0198276197050264
"RTL8C",-0.0198309707029992
"ARHGAP10",-0.0198418863131827
"BZW1",-0.0200435815512511
"RAB5A",-0.0204200750159541
"DYRK2",-0.0205756912099555
"PITPNA-AS1",-0.0206744487726424
"ERCC4",-0.0207603092770977
"AL138724.1",-0.0208264958292502
"ETFBKMT",-0.0208471197705811
"HUS1",-0.0209900984905333
"PRPF38B",-0.0210109618766383
"CREB3L2",-0.0211819249876134
"SNX15",-0.0214147067733111
"SOCS7",-0.0214252257097429
"SHISA5",-0.0215343566992022
"PIAS3",-0.0216109716447349
"AC092279.1",-0.022088310198433
"RNGTT",-0.0221332104450153
"LIPE-AS1",-0.0221907861796132
"ARHGAP26",-0.022493456837236
"LINC02649",-0.0225426660674025
"IL27RA",-0.0225572607443359
"UAP1L1",-0.0226639181990701
"ZNF853",-0.0229489735912859
"SPIRE1",-0.0230365395565048
"SNX18",-0.0231843006480309
"AC011379.1",-0.0233311397200117
"MPLKIP",-0.0233453588895966
"LINC01730",-0.02353851423641
"GTPBP6",-0.0236819602147963
"AC025580.2",-0.0237600471627159
"AC010359.3",-0.0238108138954922
"FNDC3A",-0.023826444187371
"AC114811.2",-0.0238674887083284
"NANS",-0.0240258591308864
"ST18",-0.0243841329618078
"USP30",-0.0244776896424615
"WDR41",-0.0245484194436174
"GOLT1A",-0.024602139804201
"COQ8A",-0.0246767216615582
"LINC02608",-0.0248621037714112
"RPS3A",-0.0249164034788075
"ZSCAN31",-0.0249906741584195
"UBAP1L",-0.0250556480022541
"MRPL1",-0.0254161644606662
"PRKD3",-0.0254483578377259
"NUDT11",-0.0255825152956711
"VPS9D1-AS1",-0.0259879057209913
"C15orf41",-0.0262987471674088
"PLCG2",-0.0264544160130869
"TRMT12",-0.0268611224786356
"ILVBL",-0.026878152139529
"FLYWCH2",-0.0269791257682449
"CRTC3-AS1",-0.0270977262484635
"AC022413.2",-0.027118037384332
"YTHDF3-AS1",-0.027204317802245
"CEMIP",-0.0276029864282144
"TRAV35",-0.0276791105518884
"AC009950.1",-0.0282800626494068
"MARCH8",-0.0282970658189343
"GNL3L",-0.0284063150700927
"AL365272.1",-0.0285467648599051
"AL683807.1",-0.0288971155155679
"AC073863.1",-0.0289024015962072
"TRAV8-2",-0.0293413143752637
"DPM2",-0.0293660644241292
"CHRNA1",-0.0293695226638614
"IGSF9B",-0.0294109217266723
"AC145207.3",-0.0297892405703218
"HOXB3",-0.0299860953680437
"CRY2",-0.0303556490105395
"RNF185",-0.0303976007565178
"AC008440.1",-0.0307673626906454
"ZNF792",-0.0312857909716534
"SCAF4",-0.0318274018611085
"FOXB1",-0.0318491193235177
"AC005224.2",-0.0320150343255439
"CBLL1",-0.0320290900560482
"NCR1",-0.0320816697132884
"MIR497HG",-0.0323146348654695
"KIDINS220",-0.0323261282348611
"RFXAP",-0.0323504230475254
"COX7C",-0.0325417368700622
"SERPINC1",-0.0325501758053199
"VWCE",-0.0326494608771156
"SOS1",-0.0327732338747492
"SLFN13",-0.0328099568596522
"BMPR2",-0.0328974216626529
"EEF1D",-0.0329036458809238
"SRC",-0.0329510225271154
"PCGF3",-0.0331504924270039
"PM20D1",-0.0335803957895752
"UCKL1-AS1",-0.0337666338116073
"AUNIP",-0.034043766891443
"IGKV2D-29",-0.034137373865504
"SENP5",-0.0343597038252149
"LINC00893",-0.0344102009434194
"IQGAP3",-0.0345515482429039
"MED22",-0.0347020800404254
"HPRT1",-0.0347186747823077
"PRRC2B",-0.034999361622907
"ZNF514",-0.0350311901325721
"AC097359.2",-0.0351681130294727
"TMEM147",-0.0351802620903347
"AC016831.5",-0.035242098732853
"PLEKHM3",-0.0360081241187952
"TIMELESS",-0.0360197854378782
"TCAF1",-0.036028392018553
"AC016074.2",-0.0361956781249454
"STX12",-0.0362914947843121
"MOGAT1",-0.0364497061615723
"COX10-AS1",-0.0365179994982145
"EIF4EBP2",-0.0368982445859999
"CHD1",-0.0371133870294356
"HSF1",-0.0372004145203069
"LRFN4",-0.0372273932381259
"CCDC78",-0.0376044393174398
"SEMA6B",-0.0377635698104095
"SPTLC2",-0.0378885383005293
"FAF1",-0.0379920138046881
"ULK3",-0.0382804121460408
"LINC02062",-0.0383269815224355
"ARMC6",-0.0386706345467271
"KRT8",-0.0388390231071826
"ARV1",-0.038956053979327
"TRAV26-2",-0.039005162826335
"HIST2H2AA4",-0.0392417239170174
"SGCE",-0.0394019629614634
"HAMP",-0.0395821477720747
"JARID2-AS1",-0.0396891849940094
"TRAV36DV7",-0.0397139904879728
"AXIN1",-0.04001322845759
"FBXO44",-0.0401765520092187
"AC114980.1",-0.0404361538204784
"AL049796.1",-0.0406507540280192
"VPS45",-0.0408425389935252
"LHFPL2",-0.0412459151124603
"GOLGA7B",-0.0413643603912872
"CALCB",-0.0414395904584878
"SULT2A1",-0.0416128922936111
"ZKSCAN7",-0.0417331448045256
"GPR183",-0.0418432369563757
"FAM200B",-0.0424498612997973
"BRI3",-0.0428410015641989
"CCDC103",-0.0431559353265892
"TM2D3",-0.0434300938426481
"SNHG30",-0.0436248776147312
"BMP6",-0.0438267726234329
"ACTRT3",-0.0438309106938401
"FECH",-0.0440185553347411
"GRK5-IT1",-0.0440250857606081
"PM20D2",-0.044159764153737
"AC138627.1",-0.0443279465073112
"MDN1",-0.0445037227984528
"TNFRSF11A",-0.0446708142808091
"NGFR",-0.045085411487241
"ALOX12-AS1",-0.0454110798585812
"ERP27",-0.0455473478278444
"Z98752.4",-0.0459536240812592
"AL357093.2",-0.046085199762912
"TECPR2",-0.0461357649660128
"LRRIQ3",-0.0461830102412095
"DEPDC7",-0.0463614306443936
"NNAT",-0.0466293829832216
"TXNDC12",-0.0468473197121597
"AL022323.4",-0.0469516569090802
"STARD3",-0.0472192213209874
"QPCT",-0.0480222015109555
"MYLK-AS1",-0.0480488321462103
"AL590666.5",-0.04815464203162
"AC006064.5",-0.0484755919085915
"PDK1",-0.0485493191567514
"AC245140.2",-0.0486732372714696
"AL662884.3",-0.0487353029574587
"BMP2",-0.0488922940087549
"LPGAT1",-0.0492630811834968
"FGL1",-0.0494898098618416
"BOK",-0.0496379407113945
"AL031985.3",-0.0496935931419775
"USP28",-0.0499340873424349
"DNAJC27-AS1",-0.050095877212047
"AP001107.9",-0.0500984629596125
"NUCKS1",-0.0501538567312344
"AL139099.1",-0.0502860767448894
"AL162231.1",-0.050522738867394
"SNHG14",-0.0505940326121726
"ODC1",-0.0506164457737669
"DCTN1",-0.050833905137894
"FAM86B1",-0.0509295896365197
"MOCS3",-0.0509635930741177
"MBNL2",-0.0510119406372775
"C5orf17",-0.0511676169057498
"MAD1L1",-0.0514258117419364
"PI4K2A",-0.0514822106010215
"AL033527.4",-0.0515507550595893
"GALR2",-0.0516829797290701
"POPDC2",-0.0519222443434695
"NQO2",-0.0519711189099755
"LINC02273",-0.0520536215323498
"RBM39",-0.0521336015712085
"ESM1",-0.0524100931105145
"COL9A2",-0.0527884104943782
"ENTPD7",-0.0528065039063443
"FP565260.6",-0.0528267878938913
"KMT5C",-0.0531539049188785
"ALDOA",-0.0532991442006594
"POLH",-0.0534538625864933
"GPR63",-0.0536802686869129
"TVP23C",-0.0537031039162378
"MTHFD2",-0.0538234539189877
"MEIS2",-0.0538298575458722
"ELOA-AS1",-0.0538850003872119
"DCAF13",-0.053910202749884
"AL049557.1",-0.0541797005238435
"EPN1",-0.0541952939023431
"MAP3K21",-0.0547937168656794
"ZNF490",-0.0548429061626857
"SLC25A25-AS1",-0.0551369409113767
"AC015967.1",-0.0552183011726157
"LOR",-0.0559673182041153
"NSMCE2",-0.0560933282935341
"ADD2",-0.056209822085869
"APPL1",-0.0566480413355036
"AL162493.1",-0.0567085292099758
"TIGD2",-0.0569501887943055
"HYAL3",-0.0569527449517038
"HMG20B",-0.0570350800003576
"MICOS13",-0.0573570401131665
"TRIM39",-0.0574111079037768
"ATL3",-0.0574475916904967
"AC005540.1",-0.0578069401503063
"PCTP",-0.0583854720868398
"FCER1A",-0.0586375845894488
"KLF8",-0.0590924454398601
"LRRC46",-0.0592093345703023
"SMYD4",-0.0592351891497841
"MORC2",-0.0594385192952601
"MRPS30",-0.0595456144035283
"ETFRF1",-0.0596584392926484
"SLC6A20",-0.0599871052087556
"GPAA1",-0.06023433118345
"BBS4",-0.0602636685913151
"TAF5L",-0.0602975250173254
"FUT11",-0.060395252214614
"AC134772.1",-0.060396962744224
"ZNF320",-0.0604694860033487
"RPL39",-0.0605257345367612
"AHSG",-0.0610739727753992
"AC012184.3",-0.0611842524687708
"CCNJ",-0.0611970949489421
"LNP1",-0.061323029735611
"ADCY9",-0.0614752361665363
"GALNT6",-0.0615517608816542
"AC000068.1",-0.0617064263214228
"AK2",-0.0618220010759582
"POGZ",-0.0618346771106756
"TMEM123",-0.0618522245549169
"RPUSD4",-0.0619091496975576
"JMJD6",-0.0619799205720003
"RAB5C",-0.062008520699904
"PYCR2",-0.0623428863604837
"ZKSCAN3",-0.0626034058865442
"TIGD6",-0.0629339715335692
"ATP6AP2",-0.0630893945746826
"MEG3",-0.0631520904045435
"AP000757.1",-0.0633470570193082
"LINC00909",-0.0634736469447944
"RXRA",-0.0637032180744491
"IGHG2",-0.0642007745049115
"PHOSPHO2",-0.064218713112134
"SRP54",-0.0642970974701438
"CYB5R4",-0.0644366730293701
"LRRC3",-0.0646879047194095
"MRPS21",-0.0647622132775412
"DENND4C",-0.0650495620746016
"CTBS",-0.0656887535087401
"HECTD4",-0.0658034209397335
"TMEM204",-0.0658625236686196
"DDX51",-0.0660032856748171
"SLAMF6",-0.0660043777698936
"SERBP1",-0.0660207399416207
"WDR5B",-0.0660336757110092
"C16orf71",-0.0662354884603111
"EXOC3-AS1",-0.0662596512723691
"DARS",-0.0662887480738584
"COX4I1",-0.0666916891196928
"EIF4E",-0.0672371695240181
"WDR45",-0.0673438674958374
"GDPD1",-0.0673785222384167
"ZNF473",-0.0675004464326987
"TACC1",-0.0675019481461352
"IKBKG",-0.0675245647089159
"DRAP1",-0.0677206772912129
"STYX",-0.0680962431395102
"ZNF528",-0.0684986985233205
"ACBD4",-0.0686063907002155
"NRBP2",-0.0688377979550916
"CELSR1",-0.0689286502871541
"GALNT3",-0.069172053250542
"HSD17B2",-0.0692645548022322
"AC025171.1",-0.0692725187924455
"AC136475.2",-0.0693151292088951
"AC009133.1",-0.0695889138322466
"AC087500.1",-0.0704047957814532
"AL391832.3",-0.0706512259593163
"AC015911.3",-0.0710275531348801
"ZBTB20-AS4",-0.0710830762428822
"ITIH2",-0.0713156497816423
"CDC42-IT1",-0.0718040586920888
"MOSMO",-0.0718670894334905
"TRIP6",-0.0718916568779115
"G0S2",-0.0725303146638646
"CD84",-0.0727138556854954
"AP003392.5",-0.0731028080215299
"CLASP2",-0.0732478185375424
"TAB1",-0.0732644912644329
"NKIRAS2",-0.0740470058147737
"ICOS",-0.0742708108045613
"CENPP",-0.0742832165324664
"HOTAIRM1",-0.0746026642386186
"RMND5B",-0.0747487394754855
"MMP7",-0.0748332083470877
"DNAJC22",-0.074912487787965
"SMIM1",-0.0749742552462506
"SNX17",-0.0750628605031254
"PLCB1",-0.0753899015395102
"ESPL1",-0.0756288191170028
"NF2",-0.0756738263673611
"AL133415.1",-0.07619694066117
"TAZ",-0.0762072080903216
"PAPOLA",-0.0764506952012708
"AL096678.1",-0.0764735535847085
"AL021155.5",-0.0767114291113374
"HIST2H2AA3",-0.0769081811411282
"LINC01792",-0.0769772424425635
"SIMC1",-0.0770047171029501
"RAB4A",-0.0774848522262337
"WWP2",-0.0774982212793449
"BBS10",-0.0775843589656119
"SLCO4A1",-0.0779384926470966
"N6AMT1",-0.0783438917709828
"HUWE1",-0.0786249525930095
"AC034236.2",-0.0789105240454293
"ZBED1",-0.0791141693385195
"ABHD17B",-0.0791921371757436
"AC103703.1",-0.0793483929824806
"TIGD7",-0.0793684537590982
"SEPTIN10",-0.080447985412831
"AC016405.1",-0.0804682351045472
"SNED1",-0.0805227090543572
"SERGEF",-0.0806867798594921
"TAX1BP3",-0.0808927200373724
"NBR1",-0.0809667828424309
"ISG15",-0.0813923120811288
"AL109615.3",-0.0814680907887929
"ARSJ",-0.0819924232569864
"AC087286.3",-0.0824637478787752
"TMEM158",-0.0825227434855315
"IGLV1-44",-0.0826873740082971
"CCDC159",-0.0827559165726993
"ARHGEF12",-0.083161189158942
"METTL1",-0.0832491204325597
"AC009041.1",-0.083468481078104
"FASTKD5",-0.0835051431352463
"OIP5-AS1",-0.0835532567469509
"SHISAL2A",-0.0835935177846599
"USP2-AS1",-0.0837947370984643
"LINC01772",-0.083871733903362
"ZNF713",-0.0839777713081425
"RSBN1",-0.0839811499480915
"VPS53",-0.0839864043899884
"MAPK1",-0.0840467348724983
"STRADA",-0.0842807743600177
"C4orf3",-0.0848384551006027
"UNG",-0.0848555645063925
"ARSB",-0.084890873451323
"DISP3",-0.0854250889070766
"CCNL1",-0.0856915710392937
"ZMYND10",-0.0857085299221129
"MAGEF1",-0.0857893471676347
"AC123768.3",-0.0858139932452756
"SREBF1",-0.0862009758038007
"ATP6V1H",-0.0862053000729764
"SGSM3",-0.086557472108349
"C16orf54",-0.0871178816055267
"OXR1",-0.0871371256808291
"RPLP2",-0.0871493344497116
"LAYN",-0.0871511184883478
"NBPF15",-0.0871982132233165
"CCDC180",-0.0874080128223749
"ZNF674-AS1",-0.0875151432424321
"IRAK1",-0.0875752310327195
"C7orf31",-0.087587661081711
"FTCD",-0.0876746058376254
"NPTX1",-0.0877155850761201
"AL162377.1",-0.0881920946941603
"CXCL10",-0.0883460117503855
"ZSCAN5A",-0.0883695524452905
"AC092755.2",-0.0886295054022603
"SLC39A9",-0.0888366203478021
"PHTF2",-0.0893522581583221
"NEMP1",-0.0896497048308373
"GJC2",-0.0898840919207772
"C17orf100",-0.0900966308086227
"ANKRD55",-0.0902977111894173
"VSIG10",-0.0905202555624694
"FAM30A",-0.0905602552327368
"CHMP2B",-0.0908526720855413
"AC008040.1",-0.091362340813179
"CFL1",-0.0913654190606771
"HELLPAR",-0.0914647765958709
"AGBL2",-0.0915011315039483
"C2CD5",-0.0915026643499994
"KLHL11",-0.0915890458560508
"MOCS2",-0.0917579993196667
"STXBP1",-0.0917739233610444
"TSNAXIP1",-0.0920105852686786
"PCNA",-0.0928458804704606
"SYP",-0.0933618720130506
"ATP5MC3",-0.0934051561482448
"FRMD4B",-0.0934399398843853
"DNAJC10",-0.0935404337703945
"FAM161B",-0.093626562362205
"SP140L",-0.0940268640802777
"SLC9A3R1",-0.0940725462726201
"AC104506.1",-0.0942039078217496
"STK11IP",-0.0943036736633226
"PHF20L1",-0.0945861995695875
"LCMT2",-0.0948153800596369
"FAIM2",-0.0950735680658873
"GNGT2",-0.0951369050450108
"BCKDHA",-0.0953880562299858
"GIMAP8",-0.0955206357740395
"TNK1",-0.0955607845424246
"NEK11",-0.0959669261779493
"C8orf31",-0.0960822159298785
"IL1RN",-0.0963268300002408
"AC048341.2",-0.0963479270776332
"TFCP2",-0.0964173603865891
"COL11A2",-0.0964769095754309
"MYOF",-0.0967035531916433
"GLS2",-0.0967394648414263
"PDE7A",-0.0967846774331729
"TRPC3",-0.0969284856657478
"BNIP2",-0.0970099151315928
"LRIG2-DT",-0.0971023965731049
"ZFYVE16",-0.0974536022664929
"RIOK2",-0.0975505826129871
"AC107081.2",-0.0978308515650727
"AC015971.1",-0.0979908237516083
"ZNF213-AS1",-0.0980822139611682
"CCDC85C",-0.0981608881966448
"LINC01814",-0.0981953759206811
"PRSS53",-0.0985188130669043
"IFITM1",-0.0985267509074552
"NPIPB11",-0.0985372714299061
"IQCD",-0.0988519811154734
"ACADVL",-0.0988942554220524
"TRIM7",-0.0990121928461298
"STRAP",-0.0992453108829526
"AC104596.1",-0.0992876803633404
"AC002467.1",-0.0993587016235095
"ISY1",-0.0996941927043901
"TMEM45A",-0.0997921877285659
"PQBP1",-0.100518758021549
"CALR",-0.10053305193192
"NLRP1",-0.100585757993726
"CSAD",-0.100783387073178
"DNAAF4",-0.100847148653404
"IQCE",-0.101063923392753
"YRDC",-0.101171272577441
"RNF24",-0.101229698261505
"CCDC61",-0.101507737315323
"AL049840.4",-0.101557542482218
"SLC39A8",-0.101689843501605
"QSER1",-0.102093221552294
"PROS1",-0.102136975333454
"PLA2G7",-0.102497716120648
"CHML",-0.103035173993757
"AL135925.1",-0.103628384492331
"CPSF3",-0.103673357355575
"IL10RB-DT",-0.103814781001822
"C20orf194",-0.104036727191865
"MYPOP",-0.10441117967607
"TMEM262",-0.104630924783945
"FRAT2",-0.10486118921999
"FA2H",-0.105023521331435
"PROB1",-0.10545179215794
"EXOSC4",-0.105555763742943
"RUSC2",-0.105562692494931
"PTP4A3",-0.105718093784499
"OGFOD3",-0.106417376635212
"NORAD",-0.106461464444754
"XIRP1",-0.106589204827869
"SLC43A1",-0.10691909904238
"PKP4",-0.106946782123646
"AC025031.3",-0.107192443716701
"XPNPEP2",-0.107200252234121
"FGF14-AS2",-0.107241538353603
"LINC00900",-0.107245675952517
"KIAA0895L",-0.107931380870164
"PSMA8",-0.108098839594646
"MTHFD1",-0.108387265938114
"ZNF35",-0.108498182910139
"MMS22L",-0.108640713400124
"HK1",-0.108740083492049
"LAMP1",-0.108940365384011
"CPT1A",-0.109116462604511
"ACAD10",-0.109614876240068
"FAM228B",-0.109687424432806
"SDC4",-0.109871438575485
"QTRT1",-0.109977672745766
"MRE11",-0.109989595947151
"MLX",-0.110021095344251
"FAM126A",-0.110032440351707
"AC008771.1",-0.110130046938815
"PHF6",-0.110206632704036
"MT1X",-0.110379802797552
"ZNF485",-0.110475405139171
"PPRC1",-0.110585854759618
"C6orf62",-0.110611821691801
"HOOK1",-0.110732197340198
"LEMD3",-0.110813705339523
"MMP14",-0.111354723561154
"MPV17L",-0.111542386907166
"GNAI3",-0.11186650086799
"SUSD4",-0.11247754828996
"HNRNPA0",-0.112634910355272
"HDAC11-AS1",-0.11269494118666
"EEF1AKMT4",-0.112763316171542
"CDRT4",-0.112877029842385
"SLC9A3-AS1",-0.113030530264757
"CCND2",-0.113123299917506
"MAPK8IP1",-0.113205893404701
"CCNY",-0.113242047695831
"UBR1",-0.11328041167895
"NDUFA4L2",-0.113520442888842
"NFIX",-0.113992374102752
"MAP4K1",-0.114117850943823
"TSC22D1",-0.114190664754806
"TCFL5",-0.114509088671751
"CREBRF",-0.114706724702473
"AC013400.1",-0.114851624751165
"AP001062.1",-0.114948186027577
"RBM22",-0.115239428512892
"KYAT1",-0.116110070817027
"CKMT2-AS1",-0.116123868928768
"MAGOH",-0.116220668913041
"NPPC",-0.116247161185756
"COX5A",-0.116746493789662
"AC091153.2",-0.116867425097126
"CCR8",-0.116908079313245
"IGKV1-39",-0.116968325338744
"AC093635.1",-0.117341671473691
"ENTPD3-AS1",-0.117365047662094
"ZNF616",-0.117545193174887
"CLCC1",-0.117576972951138
"XPNPEP3",-0.117786729060197
"AC124798.1",-0.117979019141808
"MARCKS",-0.118572965029215
"ERVMER61-1",-0.118816011942067
"ZNF248",-0.118819597459335
"HIST1H2BO",-0.119227305057329
"AKR1E2",-0.119436827477475
"BX842570.1",-0.119470348744884
"AC026202.3",-0.119682467244731
"LINC02076",-0.119822214990001
"RLF",-0.119909561797235
"TFE3",-0.120076227868508
"MEMO1",-0.120090855070237
"TPT1",-0.120325810225132
"ZNHIT1",-0.120476057027654
"PTGER3",-0.120539102334417
"ATP5F1C",-0.120565402299257
"NUP50-DT",-0.120673632839684
"RXYLT1",-0.121249809373354
"CAPS",-0.121354130236453
"NEFH",-0.121524624450749
"AC006033.2",-0.121555014893529
"ZNF517",-0.121699799490377
"CSRP1",-0.121821970465734
"IPPK",-0.121938862704977
"OR2A1-AS1",-0.121943579366602
"LMNB1",-0.122250595896447
"ZCRB1",-0.122331885389675
"RREB1",-0.122450418203594
"STXBP5",-0.122487754010735
"ZBTB11",-0.122688507022497
"PPIA",-0.122930172799122
"FAM13A-AS1",-0.122952082299384
"ADCY3",-0.124000746273134
"LRRC27",-0.124063018773344
"PIKFYVE",-0.124071717979299
"NDUFAF1",-0.124244210104082
"AC022150.4",-0.1243264487815
"CCDC85B",-0.124360230632245
"AGT",-0.124450708987773
"TSPAN31",-0.12477547325413
"PPP1R2",-0.12484448177301
"TES",-0.125285482426719
"DNAJB12",-0.125437064021721
"AC100778.3",-0.125575010502643
"AL390957.1",-0.125729113507108
"FBXO8",-0.125801154270664
"MT-ATP6",-0.126084041020607
"AC112496.1",-0.126125942992548
"BCS1L",-0.126231299703683
"ABRACL",-0.126341013025312
"HLX",-0.12668209045213
"SWSAP1",-0.127380241362842
"HLA-F-AS1",-0.12750003037881
"MRPL40",-0.127589322786041
"LDB1",-0.127739026863797
"AL354733.3",-0.128049476369266
"MFSD2A",-0.128241399328572
"FAM174C",-0.128260607301163
"HOPX",-0.128495560501902
"AL451123.1",-0.128689109793272
"SMCHD1",-0.128767979196339
"CAB39L",-0.128830231100386
"AC100810.1",-0.128901904170681
"FAM229A",-0.128910477785479
"ALDH8A1",-0.128959743294555
"ANKH",-0.12907360491873
"PTGIR",-0.129181278042346
"LAMTOR5-AS1",-0.129259223120412
"ATF7IP2",-0.129296589584852
"ZSCAN18",-0.129304870977436
"CRPPA",-0.129421247625959
"DDIAS",-0.129666622385234
"NPM3",-0.130215510000787
"APOB",-0.130270553709893
"ASGR2",-0.130751239419328
"LINC02709",-0.130751336792839
"TOPORS",-0.131161047344803
"DESI1",-0.131210291110018
"DGKQ",-0.13149610700221
"AC025048.2",-0.131520826115485
"PIK3R1",-0.13152994534915
"TBC1D8B",-0.131691981929215
"SLC22A5",-0.132080960873373
"ZNF366",-0.132297884045575
"LINC01003",-0.132404731427115
"PSPN",-0.132527318467404
"AAMDC",-0.132541381968997
"ANKRD20A4",-0.132650161628039
"ELMOD2",-0.132759259694934
"TPRKB",-0.132807988882495
"POLR3G",-0.13291978267598
"GTF3C3",-0.133043294445891
"DOCK10",-0.133232498531282
"ANKRD28",-0.133260099391942
"CEP44",-0.133345450182654
"ATP5PB",-0.133874804055246
"ZFP57",-0.134820932419062
"PLEKHH2",-0.135310695123846
"LACTB",-0.135358305106977
"SPAG7",-0.135691926376626
"DERPC",-0.135763229546789
"SMARCA5",-0.135833989977366
"ACOT9",-0.135839817730148
"UBE4B",-0.136045480387183
"RNF149",-0.136064682138791
"ITGB3",-0.136476698788694
"PTDSS1",-0.136576686180143
"CCDC22",-0.136619062000193
"SYMPK",-0.13678010103235
"GABARAPL2",-0.137045159617807
"TYW3",-0.137070487222966
"EXOC3",-0.137097210293581
"ZNF682",-0.137316061338062
"OAS2",-0.13737585469244
"MARVELD2",-0.137444807169611
"TM4SF4",-0.137879247460223
"FAM149B1",-0.137906693930319
"IGFL2",-0.138396387217124
"SLC1A2",-0.138798299136235
"CDK14",-0.138913654011624
"ALDH4A1",-0.138974526812013
"CA5B",-0.138996703230536
"AL031733.2",-0.139082821158294
"BUD23",-0.139460200218022
"FUNDC2",-0.140500400254921
"GMPR",-0.140577838043444
"COPG2",-0.140722515484783
"NRSN2",-0.141142408516858
"ICE2",-0.141697594301248
"AC073611.1",-0.141711111380621
"AC073254.1",-0.14176265834858
"KLRB1",-0.141873886683583
"AC023024.1",-0.141967041272707
"HCG27",-0.142079754234962
"LEAP2",-0.142181423919217
"TRIM25",-0.142291912643173
"SLC35B3",-0.142363731918941
"AC092683.1",-0.142377889068245
"NUDT7",-0.142503173680188
"NARF",-0.142638430704635
"COQ2",-0.142797496347392
"ELP4",-0.142909599751843
"C11orf24",-0.143158909007427
"LSS",-0.143569032045761
"COMMD1",-0.143693909377691
"KLHL26",-0.143735479563168
"TMEM33",-0.143768662447202
"SLC35G1",-0.143922176127837
"AC004241.1",-0.143955101653311
"SPAST",-0.144298547630213
"BCL3",-0.144580606272627
"STMP1",-0.144596597542551
"SMIM26",-0.144704466128942
"SOX13",-0.144807012118931
"BMP1",-0.144873082977656
"RAD9A",-0.144887826739961
"SMARCAL1",-0.144944128519402
"STT3A",-0.144990434162004
"OTUD3",-0.145104554309261
"AC011912.1",-0.145612780173485
"CDC37L1-DT",-0.145976489862456
"AKAP17A",-0.146157489354799
"AL390066.1",-0.146177036675113
"SERPINH1",-0.146253150328468
"EFCAB2",-0.146473785672205
"TMPO-AS1",-0.146500954109477
"MYO18A",-0.146718763655133
"EIF4H",-0.147043699746069
"ARHGEF4",-0.147149222704665
"CENPU",-0.147306719977975
"UBE2E1",-0.147430947334062
"CIZ1",-0.14755532224488
"PPP2CA",-0.147580600302655
"ZSWIM3",-0.147674381648302
"FP671120.7",-0.147712471044722
"CWC27",-0.147716003675709
"AP005717.2",-0.147886611670152
"ARL2",-0.147909022435957
"HSH2D",-0.148070871798002
"MIR29B2CHG",-0.148313492076612
"RPS17",-0.148799304204898
"SETD9",-0.149045438859783
"TMEM268",-0.149062532660662
"NDRG1",-0.149070125576621
"EFNA5",-0.149075142672972
"SLC38A10",-0.149123667422695
"NUDT4",-0.14914979763189
"ZNF23",-0.1491996135701
"NECAB3",-0.149311073318885
"ANTKMT",-0.149740418754357
"TMA16",-0.150273128172584
"MS4A2",-0.150468678133204
"LAPTM5",-0.150486077925078
"CHD3",-0.150944668005364
"TP63",-0.150955109901888
"AP001269.4",-0.15101183304938
"KDM4D",-0.15105765875747
"SLC38A3",-0.151068195669518
"SLC35A1",-0.151329368776231
"TSBP1-AS1",-0.151903193629136
"HPN",-0.151918922495333
"KCNK13",-0.152246640824348
"ITFG1",-0.152331813075904
"AC007566.1",-0.15246102431245
"DDR1",-0.152640894707054
"DBNDD1",-0.152841422159482
"ANPEP",-0.153157388065028
"LINC00963",-0.153285810484122
"POU5F2",-0.153312165884912
"AL160408.2",-0.153314309884714
"LCORL",-0.153390215176559
"MTMR2",-0.153715711781901
"CALHM2",-0.153905698328182
"ORC1",-0.153986186784661
"SNHG7",-0.154204309653465
"AC106791.1",-0.154283285898176
"AL358852.1",-0.154611840896703
"UNC13B",-0.154701684603347
"RFX5",-0.154785268141753
"CEP63",-0.154804583308714
"AL138756.1",-0.154879057080153
"NEURL4",-0.155064351048884
"PLSCR3",-0.155150584005335
"AC092069.1",-0.155387963584417
"U91328.2",-0.155544386676425
"OSGIN1",-0.155547118770416
"MEIOC",-0.155680586694209
"AP006621.3",-0.155718712642594
"AL162458.1",-0.15602782169101
"THAP2",-0.156221503413968
"FAM111A-DT",-0.156464789767761
"LLGL1",-0.156466741593218
"SLC45A4",-0.156656155200121
"DEF8",-0.156704238139883
"NEK2",-0.156835540216775
"HYAL2",-0.156854411786141
"AC137695.3",-0.156950232291021
"AC091982.3",-0.157032265890542
"AC017028.1",-0.157322903124614
"TMC3-AS1",-0.157373806041754
"RPL27",-0.157534486344116
"Z99774.1",-0.157567337987377
"CAD",-0.157620951081919
"AP000442.1",-0.157850162164315
"TACC3",-0.157923213723514
"WARS2",-0.157943631718995
"LINC01011",-0.158004070218455
"RPL35A",-0.158450728209835
"POGLUT3",-0.158624296834627
"TMEM254",-0.158707689665075
"GRPEL2",-0.15877562674334
"ARCN1",-0.158839699589418
"SNX21",-0.15936822511332
"CELF2",-0.159482423117536
"E2F5",-0.159531144484306
"LPP-AS2",-0.159580661928082
"RSRC1",-0.159737039203406
"PECAM1",-0.159866313077067
"VNN2",-0.159873111203749
"AC009996.1",-0.159873666509259
"DYRK3",-0.159982388043889
"RABL3",-0.160066787300832
"EVA1B",-0.16026213760361
"PDHX",-0.160526503403599
"SHC1",-0.160609351822466
"GRHL1",-0.160792854705485
"LINC01771",-0.16084138033686
"PTPN20",-0.161107197328172
"ZNF529",-0.161327881677285
"KANTR",-0.161490461368347
"RPS10-NUDT3",-0.161506996957749
"SMIM2-AS1",-0.161630058371223
"RPS25",-0.161750844858972
"CAMLG",-0.161806861281857
"TTC3",-0.161957257607038
"NEDD8",-0.162091751211373
"ZNF300",-0.162323099448715
"TMEM192",-0.162337528725714
"CPE",-0.162507146607755
"FAM53A",-0.162586937683249
"AL627171.1",-0.162593101623747
"C3orf67",-0.162652023697205
"MED6",-0.162958494929147
"EBF1",-0.163452273859574
"ZFP41",-0.163477644628729
"MAP3K2-DT",-0.163697233803364
"POLE",-0.163743219553537
"TPSB2",-0.163848837158243
"NRP1",-0.163916972895614
"TOMM22",-0.163937836750638
"ATP13A3",-0.163939916325967
"CTSL",-0.163995509940909
"ACAP1",-0.164095984355218
"TMCO3",-0.164243737694182
"OLR1",-0.164298161319359
"ELK1",-0.164316162155772
"AL691432.2",-0.164390911458196
"MIIP",-0.164552412528354
"PIGA",-0.164754783865971
"TG",-0.164806286088227
"EDRF1-AS1",-0.164916202879782
"CHMP4C",-0.164938869965517
"FAM135A",-0.164974469845509
"RASSF1-AS1",-0.16519318583078
"POMK",-0.165217027128165
"IQCK",-0.165385712482664
"RBFOX2",-0.165519637012545
"AL391832.2",-0.165520382515998
"AL158163.2",-0.165557035742716
"AC015912.3",-0.165821431012616
"SLX4",-0.165855509571955
"GPC2",-0.16586118422602
"AL390760.1",-0.165921999421055
"ACAT1",-0.166127625202656
"AC013403.2",-0.166202351634896
"UBA1",-0.16629390897971
"RUNX1",-0.166365368642504
"SLC23A3",-0.166453603636859
"NDUFV3",-0.166646602996687
"CDK5RAP3",-0.166767386040915
"AC021016.2",-0.1667674104849
"LMBR1",-0.166922337620579
"CSF1",-0.167037734576543
"TNFSF9",-0.167045000528997
"ZNF316",-0.167145404697252
"GAB2",-0.167173101864933
"DPP3",-0.167349921525308
"ZNF823",-0.167357624857191
"TRMT112",-0.16742228993252
"TTC27",-0.167615824910057
"RPL31",-0.167800024025863
"F11R",-0.167868065804082
"ANTXR1",-0.167990360230639
"ENTR1",-0.168190657133554
"TGFBRAP1",-0.168394673879481
"DGLUCY",-0.168423365968411
"GPATCH3",-0.169421230822092
"RPL26L1",-0.169500189028574
"MAN1C1",-0.169573620789899
"AC048341.1",-0.169677978907081
"LRRC41",-0.169964615265226
"NOS1AP",-0.170380078632771
"FBLN2",-0.170511389043036
"ESYT2",-0.170534683791572
"SYAP1",-0.170577470010333
"TRMT61B",-0.170907852848264
"SLC25A43",-0.171100679266228
"BAIAP3",-0.171112840982515
"BX640514.2",-0.171951430272495
"HAUS8",-0.172051948333249
"AC023449.2",-0.172072219240196
"PTGS2",-0.172196001598538
"AL360012.1",-0.172268316024427
"AL135978.2",-0.172599361861406
"ABCA7",-0.172680444322757
"SLC10A7",-0.172815257984859
"CFH",-0.172879413163832
"MSL2",-0.17357747728654
"RPL35",-0.174435133160325
"AC068888.1",-0.174443556858742
"AC104162.2",-0.174663066511134
"EAF1-AS1",-0.17484440271189
"LINC00892",-0.175165554343596
"MPP5",-0.175180014753131
"CNNM4",-0.175339090711421
"KDM8",-0.175352836486173
"PLOD3",-0.17540339346749
"ZNF367",-0.175632260462629
"AC007620.2",-0.175727534383423
"DPEP1",-0.175745302815061
"RPS20",-0.175891941288432
"AC106707.1",-0.175953701668867
"HDAC4",-0.175954494513647
"TAF1",-0.17632958383629
"ARHGAP19",-0.177557712915407
"TRIM65",-0.177822463695173
"FGB",-0.177835467408774
"ID3",-0.177907323474856
"SLC35E3",-0.177939176135733
"IRS1",-0.178298780494704
"TMEM184C",-0.178377748934485
"SH3D19",-0.178426887045307
"AMMECR1L",-0.178496617523931
"WSB1",-0.178666106655037
"GALT",-0.179243292144143
"ATP8B3",-0.179555319361709
"DCTN4",-0.179589855621098
"GABPB1-IT1",-0.179599862804906
"CYP51A1-AS1",-0.179904270050989
"RAPGEFL1",-0.180360810678464
"ZNF627",-0.180427841652633
"C9orf85",-0.18061424143678
"FGA",-0.180891191761275
"RHOBTB2",-0.180932164189675
"AC008914.1",-0.180955194871984
"MDH1",-0.181111817942971
"AC092428.1",-0.181226650501945
"SELENOF",-0.181291662623756
"C9orf40",-0.181356120199729
"ZNF599",-0.181532747489308
"LYNX1",-0.181668600019976
"DENND6A",-0.181944151877301
"SDHD",-0.18195061643675
"BRD2",-0.182117480488641
"DACT3",-0.182276494299969
"RPS6KA2",-0.182346137879007
"HMSD",-0.182506615790469
"LINC00324",-0.182613570437278
"AL078587.2",-0.1829036520363
"AC145207.2",-0.183159641897126
"MATN2",-0.183287992764136
"CEP76",-0.183558512736502
"PRKAR2B",-0.183765012865363
"MBOAT4",-0.18392569116656
"PRELID3B",-0.184223163157679
"DOCK7",-0.184292813991068
"XAF1",-0.184370398494663
"LINC02569",-0.184402684801341
"CACNB1",-0.184576115270653
"ZDHHC11",-0.184753434119362
"AC017083.1",-0.18491585345117
"FEZ2",-0.184942535931836
"COA7",-0.185051818973564
"AL157938.2",-0.185075226385402
"ZC2HC1C",-0.18509506132811
"BLNK",-0.185377730298571
"LZTS1",-0.185412378615653
"LY75",-0.185535451972015
"GRAMD4",-0.185673673616103
"SLC20A1",-0.185826427352707
"FAM131A",-0.185850425904926
"PJA2",-0.185875701191128
"LINC01268",-0.186157245495535
"TSKS",-0.186243262441479
"TBC1D12",-0.186291750786516
"CNKSR2",-0.186344466054227
"ST3GAL6",-0.186367923950733
"KDM2A",-0.186414815463737
"NCKIPSD",-0.186518648554916
"SAT2",-0.186671551443561
"SLFN11",-0.187147447516682
"ERP44",-0.18756477631644
"SP6",-0.187602567356347
"CABYR",-0.187630921012123
"SERPINA5",-0.187649528497546
"FPGT",-0.187678283621394
"ACSL5",-0.187693157214565
"EBLN3P",-0.187697117368273
"ZNF821",-0.188168556778814
"RAI2",-0.188592362835829
"GTF2H5",-0.188712551609905
"WASHC5",-0.18900813663913
"CFAP58-DT",-0.189068737056531
"SYBU",-0.18908409195245
"THUMPD3-AS1",-0.189164455357046
"HS6ST1",-0.189292779132127
"TCEAL3",-0.189599754657635
"PDE4B",-0.189792962648668
"HELQ",-0.189847208659192
"PABPC1",-0.190046065537349
"TRAPPC2B",-0.190160547139251
"MYCBP2-AS1",-0.19026009358526
"FGG",-0.190315499305532
"GSTA4",-0.19034733421709
"FNTB",-0.190869706117276
"ALKBH6",-0.191059275213759
"AL133330.1",-0.191230652173465
"PTS",-0.191406886423127
"CDC26",-0.191716537526113
"AC133550.2",-0.191766408883287
"ZDHHC20",-0.19184907625458
"SGK3",-0.192249500366245
"HLA-DQB2",-0.192301248604601
"TXNL4B",-0.192309378537107
"MIR222HG",-0.192743255423025
"DNAH1",-0.192843079257598
"LSP1",-0.193054286453223
"NCSTN",-0.193146293177011
"MIER2",-0.193175574935623
"RPL21",-0.193194229615075
"AL121574.1",-0.193447560557051
"MAP3K7",-0.193531334171381
"LINC00943",-0.193819780614579
"TMEM44-AS1",-0.194046174420161
"TRERF1",-0.194158649454454
"HELZ2",-0.194344555398466
"KCNC4",-0.194485199962019
"LACTB2",-0.194680131018476
"KCP",-0.194804754930049
"DNMT3B",-0.195319737113845
"HAS3",-0.195827960922935
"MAP3K12",-0.195840271751307
"MYCBPAP",-0.196281919757413
"ARHGEF9",-0.196331676298823
"SIGIRR",-0.196605296761626
"CPSF1",-0.196682082554177
"FARS2",-0.196803011184332
"PIEZO1",-0.196869689631397
"U47924.2",-0.196931515833045
"RNASEK",-0.19720839140168
"PNRC1",-0.197464644401872
"RUVBL2",-0.197720807894022
"MX1",-0.197722502828021
"C5orf51",-0.197745956718037
"ATP8B2",-0.197881923043327
"SPNS2",-0.19805144887663
"ALB",-0.198636825065871
"RPL36A",-0.198792496373909
"PNO1",-0.198857509996837
"GSR",-0.199354561140272
"NPAS1",-0.200265584137403
"RCBTB1",-0.200301486883752
"TMEM14A",-0.200331203268941
"SMCR8",-0.200495780204258
"CORO1A",-0.200519001894263
"BDH1",-0.200601380846294
"RFTN2",-0.200671275208363
"PEX7",-0.200673488211027
"HLCS",-0.200711919180074
"NICN1",-0.201045811201384
"AC091729.3",-0.201249212753136
"AL035420.3",-0.201266895779295
"PRSS16",-0.201448665806297
"RNF125",-0.201580595693749
"GM2A",-0.201634238742036
"ZC3H6",-0.201942924122607
"CPNE1",-0.201972972664515
"C8orf88",-0.202094711248208
"IL1RL2",-0.202211381044497
"SH3D21",-0.202436255729812
"PIGH",-0.202838623787068
"ILDR2",-0.203024031959782
"TAPBP",-0.203136357488123
"CLIP2",-0.203205675771606
"AP000944.6",-0.203322145931111
"NADK",-0.203455608117121
"ZNF573",-0.203491221214039
"AC009005.1",-0.203567888874184
"TMEM104",-0.203583704207008
"EZR",-0.203590200879193
"TNK2-AS1",-0.20386547147158
"NEIL2",-0.203976165605099
"ERICH6",-0.204056749269064
"RFK",-0.205215254485501
"C1orf61",-0.206011682992032
"C9",-0.20611334763874
"HIST1H2BI",-0.206127993524368
"PLCG1",-0.206363860533675
"GNL3",-0.206387722944735
"PDZD7",-0.206486352813764
"AC120024.1",-0.206874887973771
"MLF1",-0.207232574748472
"PRPF38A",-0.20724384628423
"SNX25",-0.207359316229351
"EIF2AK3-DT",-0.207459103707553
"ENPP4",-0.207527836858769
"STBD1",-0.207600478830377
"UCHL3",-0.207641687862957
"LINC00571",-0.207974275456234
"AC004847.1",-0.208503323234221
"SH3PXD2A",-0.208635875796129
"RND3",-0.208744284357885
"NAPA-AS1",-0.208912970073796
"MCM3AP",-0.209364292865955
"ARRDC4",-0.209467903567273
"NUDCD1",-0.209535656752018
"DCP1A",-0.209688323057446
"TSPYL4",-0.209705139684063
"COA4",-0.20983701221859
"C2orf42",-0.21007871150561
"AC007066.2",-0.210347184674576
"MPZL3",-0.210549138239181
"BCL7B",-0.210995082994148
"BID",-0.211041760763324
"STAT1",-0.211070715761436
"LINC00630",-0.211363170470702
"MKRN1",-0.211591389382195
"AC079753.2",-0.211706459603974
"PNKD",-0.212336486202504
"CAPN1",-0.212612902312275
"NDFIP1",-0.212632779124151
"SIPA1L2",-0.212918135009775
"HYPK",-0.213284549118952
"CTHRC1",-0.213314959659359
"CADM4",-0.213434700627648
"PTTG1",-0.213713553928285
"CEP57L1",-0.214084381672722
"KIFC1",-0.214151232888791
"PLA2G4A",-0.214176795669264
"NCF1",-0.214233959037901
"ZNF799",-0.214601189433396
"DOCK1",-0.214864135622107
"VWA8",-0.214884661375036
"AL355916.2",-0.215054421354733
"AC005280.2",-0.215620085149496
"KIAA1217",-0.215652425619853
"ERBIN",-0.215683468175888
"WDFY2",-0.21570043300226
"GABRR2",-0.215786873661598
"LMBRD2",-0.215842859335064
"MBD6",-0.216075215629141
"RPS6KL1",-0.216253566144481
"CIC",-0.216359517954952
"PRAG1",-0.216369110879406
"CELSR3",-0.21652623258958
"CDC42EP3",-0.216810118931879
"AC139019.1",-0.216837745551666
"LINC00513",-0.216843839351732
"S100A4",-0.217250337923757
"HIBADH",-0.217372613534305
"GOPC",-0.217452316917558
"TLCD4",-0.21761218326303
"IFT172",-0.218008798774829
"ARID3A",-0.218265700876108
"RAC3",-0.218355662260791
"RHEB",-0.218425172864552
"EDEM2",-0.21852870349821
"ATP6V0C",-0.218725934425018
"MAPK6",-0.218954540163815
"AF064858.1",-0.219226186015467
"BNIP3",-0.219618897145731
"GLI1",-0.219674762871743
"RTL5",-0.219688788004618
"CHKB-DT",-0.219726583401862
"TINCR",-0.219783021837634
"AL136040.1",-0.220275792414752
"DNAJC15",-0.220415613680084
"RGPD6",-0.22049136454253
"ZBTB25",-0.220568208321689
"C8G",-0.220812593602255
"GARS-DT",-0.220926012607759
"NFAT5",-0.22096071133635
"NAP1L1",-0.221227434706433
"ATP10A",-0.221299079509844
"LINC00881",-0.22151158215648
"MAN2C1",-0.221559368885744
"TRIM38",-0.221640666195682
"AC242426.2",-0.22180377479797
"MT1E",-0.221877372507119
"PPP1R3B",-0.222394161314623
"AC068389.3",-0.222567854753216
"GAS5",-0.222608421678477
"KLHL23",-0.222672356997283
"PSTK",-0.222715745095317
"TM4SF19",-0.222766545174578
"FAM91A1",-0.222988166311537
"ENC1",-0.222994857012151
"MT-CO2",-0.223296270324547
"MINK1",-0.22355458545108
"KPNA2",-0.223584703466897
"SHE",-0.223606587591085
"ZNF250",-0.223965837063661
"DOCK11",-0.224175465848536
"SNHG11",-0.224212838307291
"DDIT4L",-0.22430058334315
"GNA11",-0.224324167928322
"TMEM101",-0.224490037891114
"PRDX5",-0.224574068314112
"AL021707.3",-0.224962781639741
"PSRC1",-0.225081923280116
"MT-ND3",-0.225158337112049
"FOXO3",-0.225231032711452
"ZNRF3",-0.225300329326794
"RAP2C",-0.22580163878551
"OS9",-0.225920568185644
"AL596325.2",-0.225989111868076
"AP000769.2",-0.226191610089731
"ALG6",-0.22619167543776
"FAM169A",-0.226431922988456
"IL11",-0.226526497264727
"POT1",-0.226668646569911
"RPL30",-0.226864062795347
"PHF20",-0.226972944594925
"THAP6",-0.227050075396232
"LCA5L",-0.227129881776043
"AC074032.1",-0.227162069611114
"CARD16",-0.227206530836912
"TLR6",-0.227338244764089
"LASP1",-0.227414629018685
"CARMIL1",-0.227689005548881
"Z83847.1",-0.22791532250233
"ME2",-0.228172107668698
"NR1D2",-0.228516375855644
"NASP",-0.228657942215756
"AC127070.1",-0.228995178471106
"JMJD1C-AS1",-0.229078055559695
"SLC43A3",-0.229128193574442
"RNF212",-0.229181315357939
"AC068620.1",-0.229442997644777
"AL355816.2",-0.229460885440365
"MRPS27",-0.229801289197776
"MESP1",-0.230366211630924
"PLA2G4B",-0.230553166700137
"LRRC8A",-0.23069381331315
"TTLL1",-0.230704326421424
"SEPTIN6",-0.230861272628211
"AL354892.2",-0.231054710793097
"ITPKB",-0.231219315093413
"HM13",-0.231242760442577
"AC005614.1",-0.231367814516613
"PHLPP1",-0.232240409616791
"AC008937.2",-0.232336186503141
"AL592295.4",-0.232755501495611
"BNIP3L",-0.232839738498348
"KIAA1109",-0.232916403070109
"ADGRV1",-0.232975248501141
"GCSH",-0.23304080530122
"AC007032.1",-0.233311021712537
"AL161756.1",-0.233433312324064
"NFYA",-0.233585486835175
"MAATS1",-0.233647597498514
"PDE12",-0.233821006343594
"SLC26A11",-0.233822960741033
"RP2",-0.233979701574897
"BEX4",-0.234224415490681
"ZDHHC21",-0.23440353136453
"BHLHE40",-0.234458595805338
"ZNF763",-0.234472455016544
"MPDU1",-0.234517183508602
"NUP58",-0.234819296383872
"ITPRIP",-0.235381591775399
"LGALS8-AS1",-0.235597501751466
"AC096734.1",-0.235744148726929
"DHCR24",-0.235787051745004
"PTP4A1",-0.236343270239132
"CFAP53",-0.236353858776916
"PDE6D",-0.236585328083986
"AC138150.1",-0.2369399350593
"BCKDK",-0.236992429372355
"U73166.1",-0.237169649352119
"AC012615.6",-0.237364018808887
"C12orf10",-0.237425936274618
"GPR89B",-0.238211670707335
"RBIS",-0.238418002273059
"AC243547.2",-0.238438764057483
"DNAJC14",-0.23862417916472
"SMAP2",-0.238731310378507
"CARM1",-0.238861048751178
"SOD1",-0.238965944482079
"PLEKHA2",-0.238988990559342
"AC005632.3",-0.239183088910204
"RPA1",-0.23919804241361
"MCTP2",-0.239234794459488
"AL020996.1",-0.239238908116173
"LINC01002",-0.239432532566152
"AP003419.2",-0.239512110048383
"ELOVL5",-0.239567132445606
"AL590064.1",-0.239776102519424
"ARSG",-0.240026708308951
"ARF5",-0.240119181945294
"ZNF394",-0.240239504571043
"PGPEP1",-0.240254181010646
"KCNJ14",-0.240336148347638
"ITIH1",-0.240602931248627
"SFXN4",-0.240740148290533
"LBP",-0.241151727114422
"FSIP1",-0.241171473760486
"HIPK1-AS1",-0.241232921372796
"TDRD9",-0.241297135966724
"APLF",-0.241361919367321
"COQ5",-0.242466881708742
"OTUD6B-AS1",-0.242673945126043
"SPHK2",-0.242773783618466
"CPA3",-0.242834002332013
"APPL2",-0.242968259068612
"CD164",-0.243079920908836
"DHTKD1",-0.243362061606628
"OCIAD1",-0.243450362661
"STK17B",-0.243471895842306
"CATIP-AS1",-0.243596375241459
"SNX19",-0.244050012041045
"ACADM",-0.244285135731268
"VPREB3",-0.244306227026839
"HNRNPF",-0.244350047291623
"NONO",-0.244415383187864
"STS",-0.244559369446514
"AURKA",-0.244733893135893
"EPS15",-0.244734002820871
"KDM6A",-0.244792453238872
"TUG1",-0.244919640191791
"AGAP9",-0.244948250827182
"SLC12A8",-0.245091281115744
"AVIL",-0.245254781975533
"IGHV1-24",-0.245311890750499
"MED13L",-0.245457123306409
"RIPOR1",-0.245731497295146
"CKS1B",-0.245979418388135
"YPEL5",-0.246255549900683
"FZD4",-0.246292698519861
"AC127526.4",-0.246318061854838
"VPS13C",-0.246437449679495
"TTC30A",-0.246488986068875
"AP001107.2",-0.246593832578434
"CD99L2",-0.246700960614612
"TMEM39B",-0.246757585803247
"MTHFD2L",-0.246900923571121
"AC012443.2",-0.247108764481084
"THADA",-0.24732018612369
"FBXW5",-0.247461466073924
"GYS1",-0.247727942593301
"DENND3",-0.247875301282902
"B4GALT7",-0.247937111454477
"LINC02693",-0.247996522184816
"TEX28",-0.2481634023604
"C12orf60",-0.248273488563493
"C1orf52",-0.248313491486543
"TNFRSF12A",-0.248735014142876
"AC093849.4",-0.248896703705724
"AC034231.1",-0.249186015200746
"MTTP",-0.249341596304527
"MAP4K3-DT",-0.249575101323586
"TUBGCP2",-0.24986579956519
"AC007608.3",-0.249989740134939
"GHDC",-0.250030700299434
"SMIM35",-0.250046044280608
"SIAH2",-0.25043871786236
"DISP1",-0.250625140281702
"UBA52",-0.250740763940944
"TRMT1L",-0.250768092475283
"FNIP2",-0.250791181147842
"GADD45G",-0.25130211577413
"AMY2B",-0.251323359163011
"AC019205.1",-0.25135539545729
"SSTR3",-0.251456801531483
"TMEM69",-0.251519455828525
"NKIRAS1",-0.251612118101361
"VASH1",-0.251871129939404
"SLC39A6",-0.252227309872131
"AL022157.1",-0.252299378632825
"NHP2",-0.252502270422719
"PGBD2",-0.252782571414239
"CD40",-0.252825064461742
"DUSP10",-0.253459533946357
"ZNF582-AS1",-0.253513076002897
"QSOX1",-0.253549869984473
"ARHGEF1",-0.253761710816508
"BRWD3",-0.25389770336538
"TRBV11-3",-0.253914172979591
"ZNF830",-0.254296191511927
"SHROOM1",-0.254445111382708
"LINC00174",-0.254728070138698
"TMX1",-0.254814065588158
"ALG10B",-0.254933351732054
"STK40",-0.254950440370242
"EEF1AKMT1",-0.254977025576736
"EHMT1",-0.255299616061819
"ADORA2A",-0.255308550280109
"INPP5B",-0.255473750402176
"ASPH",-0.255499385907618
"ZFHX2-AS1",-0.255746125332281
"STK19",-0.256143586085727
"SAMD12",-0.256291290848767
"CASP10",-0.256669499943093
"ZRANB3",-0.256818023464554
"KRTCAP3",-0.257019510198348
"ARF3",-0.257032243122369
"CCDC171",-0.257477838396138
"RMDN1",-0.257517802753859
"KHSRP",-0.257520865813854
"PWWP3A",-0.257531765542468
"AL139035.1",-0.257536529632834
"CXorf56",-0.257877671342039
"AL135905.1",-0.258104956502875
"NFS1",-0.258226938262058
"MNS1",-0.258627935564371
"MEF2A",-0.258719006278973
"FADS1",-0.258727490484333
"ZDHHC2",-0.258942414839097
"ZNF628",-0.259031773817166
"ELF3",-0.259269361585815
"CLCN2",-0.259384718650388
"AP001350.1",-0.259506009159833
"ARMH4",-0.259834352301866
"PACERR",-0.259890733456926
"RPL12",-0.25993920357677
"GNE",-0.260328027155878
"NAA16",-0.260406612956297
"CSRNP2",-0.260585992903516
"AL138899.1",-0.260690701503435
"CUTA",-0.260747311742977
"IFNG-AS1",-0.260846641394073
"MSH5",-0.261216486061807
"PEX12",-0.261842427546569
"AL008729.2",-0.261848345755486
"TGFB3",-0.261990191327887
"HS1BP3",-0.262058117373842
"MAP3K10",-0.26231943665008
"AC008752.2",-0.262894921654709
"RUFY4",-0.262899211284239
"LINC00852",-0.263102885919985
"YTHDC1",-0.263265596957597
"RASL10A",-0.263360751622507
"ZNF605",-0.263467685204886
"TTBK2",-0.263524010037111
"GDPGP1",-0.263798519030099
"AC092329.4",-0.263803969915837
"TRBV6-2",-0.263823453221594
"AC092120.3",-0.263913036421202
"BCL2L2",-0.263942724580024
"ANGPTL3",-0.263953852474467
"ELMO1",-0.264024964144875
"RNF213-AS1",-0.264117646598943
"GPR65",-0.264361147905383
"ARHGAP45",-0.264382397404638
"AL121603.2",-0.2645955902133
"GCNT4",-0.264710761188627
"TFEC",-0.264803517499026
"DDT",-0.264856199385745
"ATP1B2",-0.264866890438991
"PCSK4",-0.26496013431813
"FXR1",-0.265054770171336
"CUL4B",-0.265096729690012
"TOMM7",-0.26520191842731
"AC144831.1",-0.265561186537803
"TNIK",-0.265853432384953
"RTN4IP1",-0.266339271919895
"YES1",-0.266611296448542
"ENTPD1-AS1",-0.266646062878883
"PFAS",-0.266737821984007
"GAS7",-0.267011517671706
"PRXL2B",-0.267197713706897
"PPIL6",-0.267238641197089
"TMEM54",-0.267258545814797
"AKIRIN2",-0.267262833086121
"CHRM3-AS2",-0.267383587136998
"FMNL3",-0.267918182362201
"AMBP",-0.267958217191927
"SPRYD7",-0.268245543511096
"CASTOR1",-0.268491701343902
"MAP3K2",-0.268762031123177
"IL22",-0.26894940509634
"AL359232.1",-0.268950448855864
"PRH1",-0.268951829272313
"DMTN",-0.268952980026731
"CSF2RA",-0.269118509098668
"AC013264.1",-0.269191405350113
"TP53INP2",-0.269476554439945
"KCTD3",-0.269619950566197
"CD24",-0.270035217729392
"ZNF252P-AS1",-0.271155447301335
"PPARG",-0.271189930344757
"AC027020.2",-0.271228573158531
"TMEM126A",-0.271414126485119
"NUP214",-0.271509784820525
"AC005842.1",-0.27161625185887
"CTNNBL1",-0.27172883523215
"AL450322.2",-0.272152729746281
"MTRF1",-0.272192133988081
"MICAL2",-0.272341956543703
"ATP8A1",-0.272465716273883
"AL133243.2",-0.272552232766315
"ABCG2",-0.272698647192985
"DHDH",-0.272742075822472
"DPM1",-0.272933045407672
"CASC4",-0.273041392992069
"TRMT10A",-0.27311327446223
"AL158152.1",-0.273155988059659
"AC006059.1",-0.273427559171758
"PSKH1",-0.273459286697687
"NEURL3",-0.273500278451024
"SRGAP2",-0.273879109701994
"CR2",-0.27389064612573
"FKBP1B",-0.273900396997534
"IFT46",-0.273924979757319
"GOT1",-0.273928828470947
"AC037198.1",-0.274334756647534
"CNNM2",-0.274458656824644
"NIN",-0.274464311045679
"LGR6",-0.274679948228514
"CCDC194",-0.275162133581471
"CCDC91",-0.275208042130003
"AL360270.2",-0.275282154203416
"IL5RA",-0.275491600138977
"NINJ1",-0.275598307651223
"AL354696.2",-0.275640553683124
"POLD2",-0.275665923605651
"SNHG17",-0.275984045281085
"PRDX2",-0.276694858814736
"MPP7-DT",-0.276743907082436
"L3MBTL4-AS1",-0.277188033420235
"MIR99AHG",-0.277709827463209
"PORCN",-0.277830673487597
"DUSP23",-0.278090572392788
"ITIH4",-0.278102685185824
"FARSB",-0.278212350717151
"C19orf33",-0.278258112523476
"F8",-0.278286744314275
"RTN4RL1",-0.278316496672314
"SLC37A1",-0.278545453650968
"LIX1L-AS1",-0.278580569841648
"DHFR",-0.278629247156863
"HECW2",-0.278888952310096
"CATSPERB",-0.279091502031449
"IGFBP1",-0.279141576092432
"ZNF558",-0.279500245699786
"CDKN2AIP",-0.279703143561873
"MTSS1",-0.279761218374374
"HPSE",-0.279772466202592
"AL031772.1",-0.279879532938111
"BAIAP2",-0.280078171233719
"CEP131",-0.280893861649473
"FNDC3B",-0.28110037776133
"CLP1",-0.281215297609208
"TOLLIP-AS1",-0.28124165390378
"BLOC1S3",-0.281456513243021
"MYCBP2",-0.281912119809497
"C19orf73",-0.282091516528618
"RAB8A",-0.282150847497663
"CHST15",-0.282419573012475
"RFXANK",-0.282753136921704
"FBXL3",-0.282759816923263
"TRAF3IP2",-0.283000793313564
"CYP27B1",-0.283052301055688
"NMD3",-0.283106173446851
"SDS",-0.283341509140036
"RBMS1",-0.283612309056398
"TRO",-0.283660928246035
"MYO5A",-0.283833877105219
"ELF1",-0.283855730751914
"LPAR6",-0.284080661382404
"TMEM99",-0.284362385063832
"CLTA",-0.284592179430566
"AC020659.1",-0.284905711788899
"AC005785.1",-0.284964250272729
"ANP32E",-0.285303250428062
"NTHL1",-0.28539030259298
"AP002495.1",-0.285791277903816
"SGPP1",-0.285798440859822
"TMEM175",-0.286004340021173
"HS3ST1",-0.286215740481689
"TNFSF11",-0.286233394371236
"CLEC4F",-0.28626044530227
"AC093495.1",-0.286279605133622
"LINC00278",-0.286468634356867
"AMOTL1",-0.286476912390282
"LINC02776",-0.286577861719174
"ANO8",-0.286819407443182
"CXorf65",-0.287142089973305
"ENDOV",-0.28726423601974
"MLXIP",-0.287318800453994
"PHOSPHO1",-0.287442031518498
"FP236383.3",-0.287481751306105
"TMEM251",-0.287821311653208
"USP37",-0.288052239496146
"FAM53C",-0.288072366708061
"SLC35E1",-0.2882419661404
"PCOLCE",-0.288420715212725
"LYRM4",-0.288756710032551
"SPATA24",-0.288766093232322
"UPP1",-0.289224808774982
"PHF8",-0.289593191852246
"GPX3",-0.289851605762916
"ADAM9",-0.289888049834588
"KLHL21",-0.290036628842475
"AC058791.1",-0.290185993141044
"ZNF433-AS1",-0.290197274296134
"IGKV1-16",-0.290278020475151
"SSR1",-0.290384342108746
"ZFAND3",-0.290525249667121
"NCOA2",-0.290599358229461
"TOR3A",-0.290645023432678
"MICOS10",-0.291304917984885
"ATP6V0B",-0.291330816922955
"FRG1-DT",-0.291666186793824
"RBBP5",-0.291966390907269
"TET3",-0.291967959749138
"NLGN2",-0.292071027570106
"AC007686.3",-0.292145240236983
"LRRC8C-DT",-0.292206875349382
"FAM111A",-0.29223044977969
"COPS3",-0.292462295958739
"HPCAL1",-0.292465120377853
"SLC35B2",-0.292654702192874
"AGTPBP1",-0.293049257931465
"RAB3A",-0.293161345626712
"HIST1H2BK",-0.293977916062526
"CCDC17",-0.294104465736058
"AC072054.1",-0.294507258842951
"IQSEC3",-0.294544605771768
"LIME1",-0.294789758392531
"MB21D2",-0.294821263033073
"BISPR",-0.294844896163762
"ZNF630",-0.295163039712619
"CMYA5",-0.295716278952006
"ETS2",-0.295900169915457
"TF",-0.296069926366205
"AP005329.3",-0.296199487789269
"CREB5",-0.29633752726827
"SHF",-0.296450873615853
"AASDH",-0.296484496704794
"NEXMIF",-0.296559015244647
"ZNF496",-0.296639597927734
"MORN4",-0.296688467685039
"CAPZA2",-0.296942572737226
"LYPD3",-0.297058831572673
"GLRX",-0.297154049656486
"AZIN1",-0.298074453898691
"ST5",-0.298162343629023
"ARHGAP12",-0.29842569309791
"AC090912.1",-0.298638587398307
"AL353135.1",-0.298642012019452
"C16orf70",-0.298653128772989
"BEND6",-0.298802200973751
"CRACR2A",-0.299130965883569
"AC010198.1",-0.299142765225262
"ONECUT2",-0.299285221953373
"AL445248.1",-0.299441646770521
"AL139274.2",-0.299731140584423
"FTSJ3",-0.299758157279276
"AL732509.1",-0.29978452547125
"FAM110A",-0.299855722923962
"FAU",-0.300645025347342
"CCL2",-0.300781407820524
"RNASEH2B",-0.301028367554748
"SRRM2-AS1",-0.301103750315825
"STK39",-0.301240647776462
"LINC02019",-0.30132189976261
"CEBPD",-0.301379921182267
"CCL23",-0.301385545936462
"STN1",-0.301533463329507
"AC007038.2",-0.301863740556818
"ACCS",-0.302173401098695
"AP001437.1",-0.302457269066111
"CCL4",-0.303116674253913
"LINC01126",-0.303372755435842
"AC090587.2",-0.303658647132793
"TSNARE1",-0.303746521458848
"CLDN12",-0.30380813893926
"ARHGEF2",-0.303827858110577
"PCID2",-0.303923052795443
"NGDN",-0.303941651250733
"AC139795.2",-0.304161678660431
"GUCD1",-0.30419800203171
"ATXN2L",-0.304251720225404
"GPT2",-0.304331110072883
"AL391839.3",-0.304733455668464
"LINC00891",-0.304874152779064
"DYNLL1",-0.305049587061644
"TSPYL1",-0.305244294855459
"AC011611.3",-0.305414734226545
"RRAGB",-0.305519142069315
"ADAM17",-0.30561728755118
"INPP5A",-0.305859064390762
"USO1",-0.306233751514685
"RBBP8",-0.306365462648196
"RCC1",-0.306367577766742
"MTMR7",-0.30645768485391
"SP110",-0.306521333029152
"S1PR2",-0.306675400744971
"LRP5L",-0.306684762703762
"ZNF865",-0.306808264405108
"PTPRN2",-0.306841045537587
"NDEL1",-0.307171967022435
"CSTF2T",-0.30732492988427
"SCAMP1-AS1",-0.307530630370403
"AC135050.6",-0.308032529008127
"AL358472.5",-0.308185735543855
"SULT1A3",-0.308236265327839
"ZBTB37",-0.308248895166996
"DAP",-0.308493945017343
"UBE2S",-0.308837084966749
"SF3A1",-0.308910055966938
"DCSTAMP",-0.309100906808681
"KIAA2013",-0.309151700654071
"AC026979.4",-0.309271764734155
"AL353759.1",-0.309534373682308
"C8orf82",-0.309972095362236
"KCNK6",-0.310585549937478
"ABCB9",-0.310586395397846
"SNHG20",-0.310966097413843
"NFATC3",-0.310980251310522
"KIR2DL3",-0.310993685056866
"AC034193.1",-0.311263970275262
"MORF4L2-AS1",-0.311359483907019
"IFNGR2",-0.311371479578065
"WDR24",-0.311382649236223
"NEDD9",-0.311388768088792
"AL590068.4",-0.311538225812308
"CDC42BPA",-0.311809117842036
"CDIP1",-0.311976212639388
"TBC1D17",-0.312279085429497
"MED12L",-0.312492078025752
"CDC20",-0.312574718394211
"CSGALNACT1",-0.312647332398237
"RAP1A",-0.312728475223059
"ST20-AS1",-0.312810401366846
"AC106779.1",-0.312826043124286
"ATP6V1B2",-0.312827761267616
"AC019163.1",-0.312949458308969
"CFHR5",-0.313057629895907
"CYB5D2",-0.313105730510503
"RNF157",-0.313114768469369
"EXOC4",-0.313316705458972
"FAM157C",-0.31350412726156
"ASCC2",-0.313720146040514
"ERBB3",-0.31379097063305
"CC2D2A",-0.314080075277584
"F8A2",-0.314141022541076
"PPP3CB-AS1",-0.314200938174128
"SERF2",-0.314395447873497
"NDUFA10",-0.314480079834842
"SLC25A34",-0.314844508708703
"IGHV3-66",-0.315270847388047
"SUCLG2-AS1",-0.315296440986337
"BTBD2",-0.31532943723561
"SYN1",-0.315401366816133
"INF2",-0.315633079364085
"CBX3",-0.315675112265749
"AC239799.2",-0.315972377097796
"MTIF2",-0.316031610453254
"AC124016.1",-0.3163081506781
"NDUFAF4",-0.316554330381257
"PLEKHA6",-0.316679961038607
"LARP1B",-0.31715093595593
"TPST2",-0.318083752670823
"C16orf95",-0.318149357653898
"PRKD2",-0.319243198210733
"CRAT",-0.319255583233834
"DCAKD",-0.31927817188435
"AC072061.1",-0.320124976242531
"ZMYM1",-0.320630171177473
"GRHPR",-0.320642995913381
"ZNF646",-0.320777232857101
"COX6B2",-0.320855643034647
"ANKRD10",-0.320884203399398
"PWWP2B",-0.321059282782574
"ZSCAN9",-0.321079489353348
"LRATD2",-0.321098204387612
"STAC",-0.321198917771614
"SRA1",-0.321202443940706
"LINC01063",-0.321266600388365
"SIK2",-0.321286542300547
"GNL1",-0.321942482182807
"TRAV1-2",-0.322330141738747
"MCM3AP-AS1",-0.322695678039008
"NCL",-0.322891298587189
"ZNF581",-0.322933223093485
"SNHG29",-0.323105161767623
"VAV1",-0.32353115272894
"PPP1R3F",-0.323753792778463
"IPO9-AS1",-0.324814718792914
"LSM3",-0.325214397622924
"CBFB",-0.325475109759311
"CYCS",-0.32555401465017
"JAZF1",-0.325818996696402
"SESTD1",-0.325906324195161
"SPG11",-0.326199657365036
"NT5M",-0.326295626239271
"AC091180.2",-0.326628671435813
"PARP16",-0.326751219843605
"ZBTB1",-0.327215742975121
"COA5",-0.327603143216397
"ALDH1B1",-0.328020745681719
"AC245052.4",-0.328389909552447
"ATP6V0E2-AS1",-0.328580852095477
"AC024560.5",-0.328952578084926
"PPP1R26",-0.328973621400002
"MTPN",-0.329077095795204
"ZNF609",-0.329122360691784
"VAPA",-0.3293694877612
"RPS7",-0.329390321758909
"MAGT1",-0.329727521895286
"SGPL1",-0.329773146686047
"HSBP1",-0.329810666846783
"PDZD8",-0.329825727524354
"MTSS2",-0.330041266013504
"AC026124.2",-0.330438285827881
"RILP",-0.330734186315759
"AC009951.6",-0.331274932090019
"KCNQ5",-0.331492277822047
"IGFLR1",-0.331614261478282
"IGSF21",-0.331628644234148
"OBSCN",-0.331724953005333
"GPR101",-0.332199275308477
"NEU1",-0.332267940233283
"RNF6",-0.332612038643785
"PRR7-AS1",-0.332821875975049
"LINC00402",-0.333470346587498
"PLOD2",-0.333546282071579
"SRRM2",-0.333600039992698
"RPS4X",-0.334037184467092
"ZNF295-AS1",-0.334048996712359
"AC010889.2",-0.334231510570887
"AC243965.1",-0.334381929915477
"LINC02325",-0.334616276716903
"MAFK",-0.335202545310924
"STX17",-0.335435198125686
"AC027373.1",-0.335751563476075
"FBXO11",-0.335918021527499
"FAM172A",-0.336028891273829
"WNT16",-0.336184118113868
"AL390728.5",-0.33626243996756
"OAS3",-0.336707337222674
"LINC00944",-0.33684524413438
"RPL34",-0.337054991182469
"PDCD1LG2",-0.337136926250298
"NUP153",-0.337444858521782
"PTPA",-0.337565460189767
"HDAC1",-0.337778177855163
"ASIP",-0.337787276279166
"PLIN3",-0.337893927531566
"RHEX",-0.338247538423196
"SYNGR2",-0.338336136325395
"LINC00167",-0.339079854896803
"HMGCL",-0.339258043995363
"IRF6",-0.339512218979938
"ZMYM3",-0.339589945240509
"TRAV12-1",-0.339650015973223
"PPP4R4",-0.33967911685594
"RPS5",-0.339781782756731
"AC027682.1",-0.339929736220126
"TSPOAP1",-0.340146067009287
"CETN3",-0.340398059567539
"EIF4A2",-0.340409533654928
"CCDC6",-0.340420336477239
"PIK3R4",-0.340460780518567
"AL121992.1",-0.340679924750729
"ZNF7",-0.340699123850948
"AL353593.1",-0.340823142147455
"AC211476.2",-0.340857630157138
"VPS52",-0.340904468208437
"AC022098.1",-0.340987373064632
"C6orf120",-0.341115018716584
"CD28",-0.341178808093654
"AC134312.5",-0.341203649625594
"CISD1",-0.341221794276705
"CACNA1C",-0.341254217597715
"IGHV1-46",-0.341317585396809
"AC007364.1",-0.341421979375156
"ILRUN",-0.341473163771117
"ADIPOR2",-0.342079834026452
"SNHG8",-0.342171215614134
"TMEM150A",-0.342174305050747
"ICK",-0.342644005315214
"HDAC11",-0.342755414319034
"TIGD4",-0.342767835123326
"GCH1",-0.342868306115151
"IL7",-0.342916706205594
"DDN",-0.342941953824088
"RBPMS",-0.343096114801533
"LINC00484",-0.343277160681266
"C4A",-0.343615787185669
"SLC66A1",-0.343786639018703
"BACE2",-0.34415935986103
"LPAR1",-0.344563574105511
"FBXW8",-0.34463313581057
"TMEM8B",-0.344661267830331
"ABL2",-0.345550530235284
"CLN6",-0.345684622743212
"BCL2L11",-0.345852753382972
"TMEM35B",-0.346044041102625
"CES4A",-0.346173731728824
"AC114956.3",-0.346343804935626
"ZKSCAN2",-0.346460631299653
"ZNF395",-0.346513414659931
"TSC22D3",-0.34659233383596
"PTGFRN",-0.346917279728723
"LRFN1",-0.347023859876081
"CCHCR1",-0.347138637377504
"RRAGD",-0.347145153412598
"CD44-AS1",-0.347563373565
"PIP4K2B",-0.347576034376113
"SPRED2",-0.347840249668984
"AC126283.1",-0.347922997911863
"RECQL5",-0.348578005603292
"LRCH4",-0.348866378510612
"DTD1",-0.348926958212364
"AC100849.1",-0.349395901638193
"PRPF40B",-0.350356137469934
"TTC30B",-0.350721446677722
"SLC1A5",-0.350726991842342
"TBCK",-0.350815016224126
"DNAH6",-0.350882784378487
"RBM47",-0.350897526912576
"MT-ND4L",-0.350932632667072
"RAB37",-0.351050139875323
"TRADD",-0.351257272585086
"PPP3CA",-0.351402589474442
"NFKBIE",-0.351536555761153
"RBKS",-0.351612312672137
"TPBG",-0.351823310957848
"ZNF552",-0.352132110314455
"AP001885.3",-0.352132250325391
"PLAGL1",-0.352583442552702
"AL078604.2",-0.352906662220069
"FAM174B",-0.353860952101553
"RPS28",-0.354062645200768
"AC008966.1",-0.354070099149624
"HAGHL",-0.354097601479663
"F12",-0.354110205517012
"TMEM19",-0.354267042045844
"AL136295.17",-0.354270785012712
"CRK",-0.354513901129142
"AC126614.1",-0.354885760185604
"AL355075.3",-0.355235225980855
"PXYLP1",-0.355370638193286
"USP38",-0.355620885359058
"PROSER2",-0.355638506511263
"FAM149A",-0.355950311836582
"VAV3",-0.355979557059449
"AL096870.8",-0.356196550575336
"SLC4A5",-0.356926710116339
"AC133065.1",-0.357022816140811
"ZDHHC14",-0.357288944130176
"AC123595.2",-0.357556762760026
"BAIAP2-DT",-0.357592455115145
"FIS1",-0.358003683300173
"MDK",-0.358010500389605
"HDHD5",-0.358106232422108
"AC092645.2",-0.358434756091472
"AL117335.1",-0.358444310017842
"COL6A2",-0.35862405581515
"IGHV4-31",-0.358694895958464
"RPS3",-0.358706842527504
"ZBTB4",-0.35893534064323
"STX17-AS1",-0.359190261308435
"PAFAH1B3",-0.359983413826156
"ZNF215",-0.360219462979347
"TXNRD2",-0.36051105624565
"ZCCHC7",-0.36065344658843
"HMGN2",-0.360874901739124
"HPS1",-0.360915666723441
"AL132656.3",-0.361271638385839
"ARHGAP31",-0.36129226303467
"THG1L",-0.36150221214393
"SH3RF3",-0.361675688552655
"ANKMY2",-0.361680150024951
"FLVCR2",-0.362375488774916
"NBPF1",-0.362405699785456
"TAS2R30",-0.36245545482902
"AC107214.1",-0.362488271125452
"YOD1",-0.362706917466918
"AL512625.3",-0.363370085132895
"IQCC",-0.363579597514535
"REC8",-0.363812457219132
"PTPN2",-0.363955725155249
"TMEM86B",-0.363994752724991
"FGF9",-0.364005863459145
"PRICKLE4",-0.3642319810848
"DCTD",-0.364350997238824
"DNAJB6",-0.36449413544949
"TMEM41B",-0.364585030780341
"DUBR",-0.364726540020247
"AL139289.2",-0.364905494928898
"NBN",-0.364970654508851
"GRAP",-0.365104183988409
"AC104134.1",-0.365176754523157
"GABPB1-AS1",-0.365396005872648
"AC126696.3",-0.365656109947337
"WASHC2C",-0.365775478684078
"JAML",-0.365845643023635
"AC097382.2",-0.365932966159993
"TTLL3",-0.366005124371774
"CRAMP1",-0.366095660577537
"FAM227A",-0.36617477085018
"APOL4",-0.366229332685096
"VPS28",-0.366466228587824
"FAM13A",-0.3665975686065
"AC010624.3",-0.366627113402337
"STPG4",-0.36690655792412
"C1RL",-0.367133727795193
"IRAK2",-0.367134253185991
"MTX2",-0.368310684353533
"AC019080.1",-0.368379035395976
"KCTD5",-0.368400890986361
"NAGK",-0.368507906426845
"C12orf45",-0.368577113006091
"AC078795.1",-0.369504474820853
"PKD2L2",-0.369628321320563
"SMS",-0.369784909779947
"XKR6",-0.370225368368485
"DOCK3",-0.370563972757694
"FAM199X",-0.370749374303275
"DRAXIN",-0.371084307782982
"SSH3",-0.371779039713397
"DROSHA",-0.371814952260246
"DDR2",-0.371891184921003
"SNHG26",-0.372248095676867
"AL162253.2",-0.37259036021405
"WDR11",-0.37265439138994
"PCK2",-0.372802777782535
"FXN",-0.37280477458431
"AC004687.1",-0.372958948584127
"RADX",-0.373457127789316
"SETDB2",-0.373504994340679
"BCL2L13",-0.373541039832189
"SOCS2",-0.373577262893447
"AKR1C3",-0.373631529111082
"IGKV2-29",-0.37375345140366
"POU6F1",-0.373983016166855
"DEDD2",-0.374181592065189
"CNST",-0.374260357369033
"NAPA",-0.374262832914286
"CLHC1",-0.374478736346922
"GLYCTK",-0.374819934303319
"JMJD7",-0.374853756554465
"IGKV1D-39",-0.374864633468361
"TMEM64",-0.374977495598846
"OSTF1",-0.376002403948461
"TRIM14",-0.376260214549706
"MRRF",-0.376281221276047
"AKR1C4",-0.376296061122041
"AP002381.2",-0.376348425976839
"SLC25A44",-0.376647441482177
"AL137857.1",-0.376661741785982
"TMEM255A",-0.376670101551075
"TSPAN13",-0.377124245746848
"PLCL2",-0.377176248168109
"FAM153CP",-0.377207326794689
"APTX",-0.377237982689028
"CFI",-0.377252330650679
"AL136038.5",-0.377940896655571
"RBM14",-0.378124234898067
"MAN1B1-DT",-0.378300327008524
"STAB1",-0.37839686323619
"ASL",-0.378579416321232
"CALCRL",-0.378945379949488
"PAX8",-0.379023543531116
"ZNF622",-0.379256643771795
"N4BP2L2-IT2",-0.379513991082217
"AKAP12",-0.379830524328465
"ELF4",-0.379899369781279
"B3GNT8",-0.379985282977011
"AMN1",-0.380251722881341
"ECD",-0.380409165468492
"AL160171.1",-0.380773380401305
"MBOAT1",-0.380895975293234
"CHMP4A",-0.381003507244628
"TTC37",-0.381254805737802
"MOB1A",-0.381273482819257
"LINC01560",-0.381618546121305
"AC010491.1",-0.381634295781091
"SLC12A2",-0.381674184546827
"AL590705.1",-0.381829197427741
"ARIH1",-0.381932290657527
"AL121985.1",-0.382051057519532
"GPN1",-0.382184469387632
"PPIP5K2",-0.38250397682895
"AL133551.1",-0.382540899754997
"CALCOCO2",-0.382779937992287
"TNFRSF11B",-0.382869564211428
"ATP6V1F",-0.382970791043388
"ZNF76",-0.383134720683405
"RCHY1",-0.383526268499901
"SAP18",-0.383544187006198
"REX1BD",-0.383631565318817
"MIR4422HG",-0.383839503137969
"TRBV7-6",-0.384076965270691
"COP1",-0.38408289792
"MOB1B",-0.384107227534887
"GTF2H3",-0.384317896126317
"MAP3K8",-0.384473231926296
"PLEKHM2",-0.384921252444649
"RMDN2",-0.3851307731563
"GVQW2",-0.385322241623892
"SLAIN2",-0.385660044998999
"KANSL1-AS1",-0.385741868456137
"G3BP2",-0.385940025360786
"SLC16A10",-0.386148429623447
"RTN4",-0.386343101043569
"PPP1R16A",-0.38639052272872
"CACNB2",-0.386391351311589
"XRRA1",-0.386484525068726
"ST3GAL3",-0.386485380989718
"AL133230.1",-0.386519671562365
"AL442067.3",-0.386897475567145
"SACS",-0.387104182961651
"UBXN10-AS1",-0.387637192759719
"SNHG4",-0.38771270810376
"CFB",-0.387799831096027
"BCL2L1",-0.387858554500116
"TMEM116",-0.388042980190607
"AC097460.1",-0.388510185998882
"FAM227B",-0.388568970532207
"AC010642.2",-0.388599594178811
"MAP1LC3B",-0.388614453834914
"AC012291.3",-0.388929833672532
"TOB2",-0.388984006976069
"AC008894.2",-0.389001577279793
"LINC02018",-0.389033735898362
"NCLN",-0.389304584443598
"SERHL2",-0.389404744853953
"USP43",-0.389548677591868
"GYPC",-0.389586912162577
"FABP1",-0.389604313115753
"NDUFV2-AS1",-0.389653072105143
"LINC00205",-0.389653123806222
"PLS3",-0.389674048473911
"AL355574.1",-0.389785308070265
"INSIG1",-0.390052473625934
"ANP32A",-0.390228433314566
"EIF3CL",-0.390407919180272
"ZNF681",-0.390495958889112
"AP000926.2",-0.390502921926385
"VDAC2",-0.390594040576515
"NHSL2",-0.390798789478718
"IGHV7-4-1",-0.391107619354305
"ZNF486",-0.391345321022099
"ATG101",-0.391438452159674
"USP46",-0.391806943327501
"CASD1",-0.392045658350721
"SLC25A39",-0.39221914236759
"FAM114A2",-0.392317137154585
"PYCR1",-0.392468112429131
"PPP1R9B",-0.392555419123314
"YBX1",-0.392748538560174
"ANGEL1",-0.392830814009802
"TCIRG1",-0.393431735538734
"DTNBP1",-0.393536443812561
"CCNT1",-0.393866355978299
"ZNF14",-0.394188809319842
"CHAF1A",-0.39422388423105
"AC009961.1",-0.394267694303975
"SMCO4",-0.394277915027075
"PADI2",-0.39433293167172
"EIF5A",-0.39446855811614
"AC007728.1",-0.394548137537614
"PRKCSH",-0.39464924019465
"ADARB2",-0.394868684207836
"OVOL1",-0.394982092046915
"HELB",-0.395950702247977
"RBM3",-0.396063801110549
"POF1B",-0.396181682055626
"YBX3",-0.396216717117614
"ZCCHC12",-0.396222534373691
"DYNLL2",-0.396370436447361
"LINC00589",-0.396784831536662
"JCHAIN",-0.396848889730955
"IGLV3-25",-0.397070495131913
"FBXO41",-0.397221646397261
"GCOM1",-0.397760344446003
"AC018653.3",-0.397803666602855
"OSGEPL1-AS1",-0.398136050414706
"UBAP1",-0.398404541542985
"DENND2D",-0.39850401525856
"HIST2H4B",-0.398722273062292
"MT-CYB",-0.39891452178149
"FANCC",-0.399018729921306
"CUBN",-0.399266141720673
"DSCC1",-0.399616865055291
"LIN7C",-0.399851373061304
"AC011825.4",-0.399921504870856
"SPNS3",-0.400129379894145
"SLC27A5",-0.400262738627226
"ZBED6",-0.400410865804148
"SLC44A1",-0.400556128132991
"AC145285.6",-0.400686323065439
"COL4A3",-0.400779335287503
"SH3GL1",-0.400807230882487
"AP000787.1",-0.400858693589335
"AC009093.2",-0.401381338887674
"ATP5F1A",-0.401457022465513
"SLC25A40",-0.401487787246799
"SRR",-0.401757662966423
"RHOD",-0.401957400907334
"TMED10",-0.402027133487876
"GSTCD",-0.402125395083335
"PVALB",-0.402349735848701
"C2CD2L",-0.402387043280128
"AC005523.1",-0.402400322992155
"RHBDD1",-0.402538283350473
"HEIH",-0.402576824550483
"AC008764.7",-0.40263856843941
"MYLIP",-0.402905051901762
"UBE2L6",-0.403259394092194
"LIAS",-0.403389266170676
"MGARP",-0.403560326662228
"SIPA1",-0.403736752769602
"AL627171.2",-0.403967026564691
"ARMC5",-0.404122080401528
"MINPP1",-0.404510392284408
"ATP5PD",-0.404729209306613
"H3F3A",-0.404980719416096
"AC010247.1",-0.405686277981342
"AC012313.1",-0.405745895789293
"TGFB1I1",-0.405761901358105
"PRKAG1",-0.405765404736148
"SYNJ2BP",-0.405768964899322
"ABCA1",-0.405806267724957
"MEX3C",-0.405870388796552
"KLF3-AS1",-0.406098266233444
"AP003717.4",-0.406166234066598
"ASS1",-0.406202999632342
"PCAT6",-0.406420882562669
"FBXL17",-0.406551434082808
"AL355353.1",-0.406554390756824
"STAT2",-0.40661138416336
"ZNF548",-0.406962920716676
"NCALD",-0.407022279944622
"APOA1",-0.407185421062326
"MCOLN3",-0.407226806708951
"ZNF575",-0.40794339864331
"CEMIP2",-0.40810481449601
"PILRB",-0.408527742144087
"NFIL3",-0.408741062253766
"TEX2",-0.409080122627863
"FMR1-AS1",-0.409095240049924
"CDNF",-0.409242361361944
"NAA10",-0.409307604594477
"AC107959.1",-0.409369715280149
"ABTB1",-0.409599640398592
"MCF2L",-0.409644388893541
"AC008735.2",-0.409860268740949
"HIC2",-0.409970253124101
"ZBTB18",-0.410047872931655
"ERGIC3",-0.410529835887031
"FAHD1",-0.410564434513619
"TFEB",-0.410584117847752
"LMAN2L",-0.410706454613124
"EIF3C",-0.410925284149786
"NIPBL-DT",-0.411517219806525
"LYRM7",-0.411570741900762
"STK32C",-0.411713967527803
"NEU3",-0.41191264867053
"AC233723.1",-0.411987351909507
"SDCCAG8",-0.411998818704078
"TBC1D30",-0.412198045893885
"GLCE",-0.412655594637932
"LINC00847",-0.412778851829878
"MYO15A",-0.412793924151339
"AL360270.3",-0.412947062305006
"HES4",-0.413023619849918
"GBA",-0.413341756101356
"FOLR2",-0.41339430230106
"MIR181A1HG",-0.413534596180854
"LTA",-0.413780021255011
"HMGN3-AS1",-0.413889775124615
"CDK2AP1",-0.413986790357079
"NOLC1",-0.414224395591758
"SOX15",-0.414308815646095
"AC112907.3",-0.414505876826033
"HCG11",-0.414647988081099
"UROS",-0.414833772743635
"CCNT2-AS1",-0.415079244081752
"AC087645.2",-0.415149322917098
"AMZ2",-0.415200903976806
"SCOC-AS1",-0.415914886785448
"BLK",-0.415969144770038
"SH2D3A",-0.416080869569083
"LINC00467",-0.416248128602399
"GTF2H2C",-0.416746906906559
"FEM1C",-0.417166135809725
"VMA21",-0.417393127366875
"NTN1",-0.417781011123235
"GPS1",-0.418282931054417
"UBE2R2",-0.418313235620104
"NANOS1",-0.418429063039322
"TMCO4",-0.418867229013627
"SSC5D",-0.419214155577629
"SLC6A19",-0.419495109922659
"HSD11B1L",-0.419654103480107
"LRRC61",-0.419662433150137
"TIPIN",-0.419912139886579
"CNRIP1",-0.42001708660679
"URB1-AS1",-0.420086384894518
"MFAP1",-0.42011397065847
"PARN",-0.42022351965631
"RPP38-DT",-0.420979372364982
"NCR3",-0.421119085539891
"LINC02614",-0.421236954925513
"EIF1",-0.421386986286165
"SFPQ",-0.421387245823512
"ENO1",-0.421490667001067
"SLC9B1",-0.42168019765002
"RCAN1",-0.422401581247052
"AC116913.1",-0.42254690021056
"EGFL7",-0.423226627526974
"AL390728.6",-0.423616018311599
"CCDC30",-0.423649730404496
"DDX39B",-0.423774288227938
"AC093827.4",-0.423979296408681
"HHLA3",-0.424034151979847
"AFF1",-0.42430545914763
"KLLN",-0.424581693594876
"PLEKHB2",-0.424716541632018
"ODC1-DT",-0.424757394827067
"HYI",-0.42484030779476
"CPB2-AS1",-0.425083612357576
"LSM4",-0.425413212247812
"ZNF620",-0.425649718903697
"IDH1-AS1",-0.425714963117876
"FGF22",-0.425729295600769
"PLEKHA5",-0.426146166671215
"FBXO6",-0.426156532231206
"TONSL",-0.426532025146559
"ESYT1",-0.427136885892565
"SUMO3",-0.427269459176523
"ROPN1L",-0.42744692536447
"SEH1L",-0.42753296517899
"PUS10",-0.427738907295656
"TENT5C",-0.428071431426587
"ANO5",-0.428566664933187
"CR1L",-0.428694132020596
"CISH",-0.42878114195887
"PRSS57",-0.428906646165139
"C7orf61",-0.429131315296923
"VRK2",-0.429522249508268
"CFAP298",-0.430034881221152
"XPR1",-0.430181790529599
"ZNF493",-0.430225319266561
"PATJ",-0.430481304931409
"RTN4RL2",-0.430823640234465
"SLC25A45",-0.430907342683281
"AL356417.1",-0.430974516013705
"AL117332.1",-0.431464410174201
"LTBP4",-0.431591873076545
"RAC2",-0.431936317621789
"IRF1",-0.432168690955978
"SAP25",-0.432420832544146
"C10orf143",-0.432588083592389
"SPTY2D1",-0.432592320098736
"ZNF267",-0.432651320283669
"HNRNPA1P48",-0.432812139342538
"TBCCD1",-0.433055702719385
"PLXNA1",-0.4330884302476
"PDLIM2",-0.433158117528203
"PLAT",-0.43326786601841
"CXADR",-0.433597573463903
"BBS5",-0.434055015486864
"AQP9",-0.434076306528776
"FEM1A",-0.434108453618277
"AL359643.3",-0.434143937561232
"FARP1",-0.434394284118057
"GSTM1",-0.434466255180474
"SLC25A25",-0.43449338790993
"CCDC146",-0.434502957229694
"AL133338.1",-0.434513264818039
"AC125437.1",-0.434735581236333
"CRYAB",-0.43528907997781
"AGAP3",-0.435313180491412
"SMIM8",-0.435489494433398
"APOC2",-0.435520067161541
"SLX4IP",-0.435632396670463
"AC037198.2",-0.435882090997084
"TESMIN",-0.435949771883243
"AP003327.2",-0.436036533623492
"PCED1A",-0.43646098500833
"DIPK2A",-0.436486809211235
"CAGE1",-0.436528398777248
"PCBP2",-0.436614011355791
"AC012313.7",-0.436775631598413
"SLC24A1",-0.436949725158322
"PDLIM1",-0.436993148468566
"SHMT2",-0.437152970317531
"HES7",-0.437483342500518
"MGA",-0.437697706182724
"AL591368.1",-0.437704715291425
"ADAP1",-0.437743430892751
"AC010615.2",-0.43800349266697
"GC",-0.438122424111116
"RCL1",-0.438794739505532
"TPT1-AS1",-0.439241208295814
"MDC1",-0.439684064386539
"MDGA1",-0.439716004947253
"TCEA2",-0.439732061454862
"NSUN4",-0.439801899810417
"CHST2",-0.440370949827715
"LIM2",-0.440910579367971
"DSP",-0.44093685065324
"DNAJC28",-0.441200691017423
"AP002807.1",-0.441531475718707
"C16orf58",-0.441570170275225
"LAMA3",-0.441996600681641
"GNAZ",-0.442414160912952
"AL031590.1",-0.442552759555438
"ITPRID2",-0.443079009213493
"C2orf66",-0.44351731228826
"ITGB3BP",-0.443672673858973
"AL451050.2",-0.443732357162443
"TMEM51",-0.443823263791923
"SLC18A2",-0.444159870151992
"NR0B2",-0.444345585435604
"TRMT6",-0.444388058364749
"GNAI1",-0.444584934801323
"KMT2C",-0.444664580116459
"RASA3",-0.444950922512116
"MPZ",-0.444987974811238
"AC012640.1",-0.44538775145268
"SCNN1A",-0.445549939206831
"ZMYM4-AS1",-0.445864468877363
"TCEAL4",-0.446332246465787
"GEMIN4",-0.446470028790353
"LMLN",-0.446869949912169
"JMY",-0.447242958917292
"CXCR5",-0.447254482150186
"KCNAB3",-0.447932298700931
"AL591623.1",-0.447956090669777
"RPIA",-0.448200246761951
"ELMSAN1",-0.44834919763479
"BTNL9",-0.449195059140875
"ACAD9",-0.44973713435994
"SLC39A4",-0.449752237934795
"SPAG9",-0.449918319360017
"LRRCC1",-0.449977904114196
"AL355304.1",-0.450170436875128
"KRTAP16-1",-0.450314630287686
"SMIM24",-0.450504293579691
"CACNA2D2",-0.450521329489087
"HOXA10",-0.450549466615747
"EME1",-0.450658745322006
"MDC1-AS1",-0.450872274574675
"SNHG22",-0.451425885869
"EPHA2",-0.451474000458816
"EPHB3",-0.451557997094299
"AL121839.2",-0.451569061542228
"MCCC1",-0.451670887872133
"DNMBP",-0.451775974241775
"AC099778.1",-0.451801991625855
"MZF1",-0.452101910604363
"ZNF425",-0.452228158441473
"ERO1A",-0.452307510787105
"TNFRSF10C",-0.453061497298055
"CLBA1",-0.453331858707987
"ZNF831",-0.453716740040137
"AC016168.2",-0.4539089522996
"AL137077.2",-0.453929668331893
"ATP2C1",-0.454053416689839
"AC044849.1",-0.45424530805627
"C12orf66",-0.454253746243595
"ADAM28",-0.454301116849491
"NUFIP2",-0.454611982098638
"RAD51C",-0.454759401537725
"COL4A4",-0.45478764296615
"AL021978.1",-0.454819946928355
"ASCC1",-0.454941885044084
"AL441883.1",-0.455207065989473
"SPIRE2",-0.455490923422831
"RPL13A",-0.455723304696006
"FAM78A",-0.455810477109666
"GLIPR2",-0.455875960774484
"SPTSSA",-0.455993795457562
"AL355512.1",-0.456308959396074
"BEND5",-0.456431129808126
"TGIF2",-0.456474173571218
"RAB33A",-0.456558243455358
"CD9",-0.456591903365828
"ZCCHC14",-0.456687222450884
"MECR",-0.456851752747434
"METTL24",-0.456919453450399
"LINC02576",-0.457124068951931
"RARA",-0.457343713355341
"AC027644.3",-0.45737845865801
"PNPLA7",-0.457430758911595
"C3orf52",-0.457732132474138
"BRCC3",-0.457799065418248
"MAP3K1",-0.45789275287611
"FGF18",-0.458164430274383
"SDC2",-0.458227811997319
"GALC",-0.458435294083638
"AC114271.1",-0.458499841217165
"TUBB2A",-0.458620296917209
"BCAS2",-0.458686176280226
"MAP3K20",-0.45973455608385
"ABHD3",-0.459981686987099
"WDR45B",-0.460149476480019
"EIF5",-0.460940029223994
"FXYD6",-0.461271342702449
"PDXK",-0.461643621337964
"NKILA",-0.46171938937113
"DNPH1",-0.46203487620094
"AC010654.1",-0.462879956418698
"TOP1MT",-0.463152997385778
"AC020765.2",-0.463698926427083
"CD163L1",-0.463703432596843
"AC104530.1",-0.463710563389993
"TUBB4A",-0.463851332526125
"ACOT8",-0.463903448406872
"ZNF687-AS1",-0.463949697469368
"GLIS1",-0.464075116401574
"TRNP1",-0.464100374770691
"AIFM1",-0.464161778648546
"DLGAP4",-0.464165644415616
"ABR",-0.464272640512871
"FCGR2A",-0.464975297700988
"CDC42SE1",-0.465016840847054
"SQSTM1",-0.465083466872446
"JUN",-0.465538730837332
"RPF2",-0.465671693175554
"CMPK2",-0.465883794015885
"TMEM106B",-0.465930718528429
"AL731577.2",-0.46643490556748
"MAL2",-0.466671321636918
"ZG16B",-0.466956167832697
"BCORL1",-0.467222464350006
"ARPC1B",-0.467341352843713
"FBL",-0.467360306266931
"RGMA",-0.467377617414452
"LINC01366",-0.467415394254625
"TMEM263",-0.467469157585765
"SCGB3A1",-0.467737000381372
"NRSN2-AS1",-0.468066754566813
"EDNRB",-0.468361844041
"PLPPR2",-0.468410109154277
"RPL32",-0.468629154987299
"ADCY7",-0.468656555411869
"PIMREG",-0.468698054734088
"IL12RB2",-0.469171263489393
"BCL2A1",-0.469176904197792
"C18orf32",-0.469210133233559
"RGPD8",-0.469464978822252
"AL450326.1",-0.469723417154689
"STK36",-0.46972959541085
"KCTD16",-0.469870890149971
"RASSF3",-0.47012914649392
"RALGAPA1",-0.470219097657974
"IFNL1",-0.470520859124056
"NOA1",-0.470900836723674
"PMS1",-0.470956209605257
"AC011933.2",-0.471060632350052
"OBSCN-AS1",-0.471231502113216
"CTSK",-0.47155366125471
"SPEN",-0.471649069433885
"AC011939.2",-0.471673669776701
"HSPA4",-0.471728048073653
"AC116366.2",-0.471734720110598
"CDC42BPB",-0.471745956665423
"GATAD1",-0.472164567239069
"AC105105.1",-0.472459809465837
"Z99127.4",-0.472482673868098
"AC005944.1",-0.472550057198294
"SYTL1",-0.472558636391587
"CD63",-0.472945170463961
"AC079209.1",-0.473069421085795
"TLN1",-0.473117807067465
"TMEM52B",-0.473317341207097
"FAM120C",-0.473398674387904
"AL132639.2",-0.473552778288737
"EAF1",-0.473689457146442
"SS18L1",-0.473926810160271
"TMEM109",-0.474531661314875
"ACOT11",-0.474606826608484
"HIST1H4L",-0.474607226836698
"NEAT1",-0.474840152827165
"LINC02470",-0.474955352621325
"TMEM161A",-0.476008829128495
"CRHBP",-0.476022477342101
"AC009486.2",-0.476489903044553
"RPL10",-0.476700698771162
"UBE2V2",-0.477130287241408
"ACAT2",-0.477338482766015
"TAPT1",-0.477439594006348
"HAR1A",-0.47761005630354
"ALS2CL",-0.477853837069944
"ZBTB47",-0.477915178549412
"ZNF839",-0.478171757719809
"DHRS1",-0.478296814644247
"ZNF132",-0.478625695786458
"AC087239.1",-0.478651989695416
"MAFA",-0.478682125391605
"RAB21",-0.478760096280278
"TCF12",-0.479775527805773
"HAUS7",-0.480064050398983
"EDN1",-0.480779941632325
"KHK",-0.480783537796503
"TYK2",-0.480869724272407
"TMEM241",-0.48101011239663
"SMDT1",-0.481015294443089
"LCMT1-AS1",-0.481125404157925
"AC008764.6",-0.481133679840417
"TGFBR1",-0.481236223661172
"JAK2",-0.481297503601291
"GANC",-0.481433487105748
"THEGL",-0.481540488137349
"CD79B",-0.481687508624029
"PHKG1",-0.4817435283509
"ATXN10",-0.481984716521765
"BTF3",-0.482054400714727
"R3HDM2",-0.482406156879156
"GNL2",-0.48251427514053
"RAB33B",-0.482665711044125
"FLNB",-0.483098773670785
"LINC02323",-0.48338212174969
"FPR3",-0.483591210538874
"DNAH14",-0.484011248918256
"ITGA5",-0.484217226458078
"AC008906.2",-0.484274283203864
"ZXDA",-0.48442380885802
"KLHL35",-0.484825937407166
"DNAJC3-DT",-0.484879183842204
"RNF139",-0.484886926181146
"MTCH1",-0.48531937325492
"PIK3R2",-0.485408604590731
"CMTM3",-0.485679340606016
"PPP5D1",-0.485744805444868
"IFT81",-0.485838244718814
"AC109630.1",-0.485888979569573
"TRBV14",-0.48602743447446
"TAF10",-0.486233954727723
"GON7",-0.486446977488797
"U2AF1",-0.486474193716529
"DAP3",-0.486681957805961
"POLG2",-0.486784033966981
"SAMD4A",-0.486794507709054
"AL596214.1",-0.486859482451698
"Z98742.4",-0.487038768073135
"PPP2R3B",-0.487071831568843
"CGA",-0.487268587574563
"SSH2",-0.487335085520327
"AP002026.1",-0.487435242231528
"RILPL1",-0.487498965052051
"TAF13",-0.488136675997855
"AC124242.1",-0.48849184179964
"AC083843.3",-0.488823755675519
"LINC01137",-0.489200942474084
"C10orf91",-0.4893764003653
"AL683813.1",-0.489467863589353
"AC108471.2",-0.489479370235295
"SDCBP2-AS1",-0.489512624182776
"TCTE3",-0.489549232220387
"SLC25A35",-0.490492189673294
"CRELD1",-0.490870971693647
"CTTNBP2",-0.490882378924289
"WDR47",-0.490907098233402
"USPL1",-0.491092592989165
"AC092617.1",-0.491651580703599
"RPS6",-0.492285008853507
"MRPS25",-0.493003741209043
"SESN2",-0.493253485708585
"PPP1R7",-0.493273121015074
"PANO1",-0.493751992855638
"PKHD1L1",-0.494098032184508
"UPB1",-0.494166135884342
"LYPLAL1",-0.494206710839294
"NPEPL1",-0.494222550102862
"LRRC45",-0.494248589825103
"HHAT",-0.494555715828006
"AC018754.1",-0.494910964074825
"AC090825.1",-0.495306955389609
"NME9",-0.495315499956833
"FAAP20",-0.496002978978601
"SPIN4",-0.496091643311619
"ZNF25",-0.496165060058543
"DLL3",-0.496900635349563
"CIAO2A",-0.49691939130746
"ZNF333",-0.496960834006595
"JOSD2",-0.497029732889662
"C4B",-0.497338622049617
"ESD",-0.49736601484061
"CD53",-0.497383414550876
"AC020922.4",-0.497445151558613
"AC061992.2",-0.497504679741052
"UXT",-0.497903623572174
"CD93",-0.498042614159689
"PIM2",-0.498244431483735
"RTKN2",-0.498551288786356
"DTD2",-0.498614784491979
"RNASE4",-0.498632246702251
"AC069185.1",-0.498766494021711
"AC019129.2",-0.498936798459996
"SERTAD2",-0.499084555347037
"IFI27",-0.499113167895234
"AL592295.5",-0.499159068862041
"CIRBP",-0.499369715381069
"AC022154.1",-0.499666079383091
"FP565260.3",-0.499856385519672
"CSK",-0.499879433547832
"RAB29",-0.500038249158687
"AC007326.5",-0.500067405726304
"AC110769.2",-0.500408602519284
"MLLT6",-0.50054284042746
"BTBD8",-0.500846978260643
"LINC01547",-0.500877585159011
"DLEC1",-0.501008611116094
"SNHG32",-0.501329125305819
"PCMTD2",-0.501349393504186
"LACC1",-0.50143706843524
"LINC01852",-0.501448433812014
"UQCRHL",-0.501559963731321
"AC074351.1",-0.502340621568525
"CD207",-0.502428584856153
"EML3",-0.502717637879646
"SIRPA",-0.502873736060207
"NEK1",-0.502938967469763
"CEP170",-0.503583587913689
"MACROD1",-0.503643386163449
"CPEB2",-0.503732848666567
"MPI",-0.503983886396256
"KRTAP4-11",-0.504186132080188
"DNAJB5",-0.504205328930455
"TMC6",-0.504351794062863
"RSL24D1",-0.504357436917767
"IL16",-0.504440378775368
"ZYG11A",-0.504570409989635
"NUDC",-0.505260842218512
"SPRED1",-0.505336434783383
"AL606760.3",-0.505458598504795
"SLC38A7",-0.505549873523695
"ERBB2",-0.505648275646886
"TMEM205",-0.505813014962145
"PRELID2",-0.505897592097807
"ZNF80",-0.506178737633359
"LACTB2-AS1",-0.506472938939549
"SNX31",-0.506818971447533
"AC093690.1",-0.507145383466788
"ZMAT5",-0.507334986127913
"ZNF626",-0.507340115068127
"IGHV5-51",-0.507663473705105
"BCKDHB",-0.507696291932452
"SLC2A13",-0.508184611077994
"NEFL",-0.508498863850807
"LINC00663",-0.508758893395752
"EIF4G3",-0.508788734766797
"TMTC2",-0.509476902371004
"AHDC1",-0.509607533188779
"CA3-AS1",-0.510426854844117
"FAN1",-0.510599171709049
"UNC119",-0.510833969324732
"FHL1",-0.510917688427407
"AC096992.2",-0.511033606639096
"CAP1",-0.511418715960028
"ASAH2B",-0.511442414382885
"LTBP2",-0.511644898648891
"TP53TG1",-0.511826994659975
"TMED5",-0.51186244954354
"RNF168",-0.512170789488915
"FAM177B",-0.51227906215273
"ZNF843",-0.512548338201191
"DENND1C",-0.513163310316768
"LDLRAP1",-0.513228041255383
"FNBP1L",-0.513806464661242
"DCLRE1B",-0.513902446276992
"TPSD1",-0.513906229749553
"PDE4A",-0.514025885696318
"TLE4",-0.514380288708334
"UAP1",-0.514456374718589
"PRKACB",-0.5147290918864
"TNFRSF10A",-0.514815652126725
"RBM7",-0.514851980867945
"TNFRSF6B",-0.514909587312796
"ACTR2",-0.515402939902453
"C2orf74",-0.515531270565792
"RAB6B",-0.515717832312404
"TIPARP-AS1",-0.515839458170416
"DGCR6",-0.515891623975602
"MLH1",-0.516237317260218
"IGHV1-2",-0.51631722516242
"RUVBL1",-0.516330312922317
"AL512625.2",-0.516499752496751
"EHBP1L1",-0.516541495121346
"AC007637.1",-0.516832869971905
"MUC20",-0.516921060995857
"HIST1H4B",-0.516970383265991
"VEGFA",-0.517546265008613
"LONRF1",-0.517765962446096
"GANAB",-0.517964451176501
"ZBTB7B",-0.517965749364198
"FNIP1",-0.518204135004556
"MAST1",-0.518295266490611
"CFL2",-0.518676710686286
"FST",-0.518795021738755
"XPNPEP1",-0.51880508866319
"NRIP3",-0.518885884888014
"EFNB2",-0.519186333429266
"ZNF304",-0.519210432053604
"PNMA1",-0.519233101039359
"CREBL2",-0.519492764755979
"PAICS",-0.520247010311976
"AC107375.1",-0.520494348104329
"SBNO1-AS1",-0.520546028632855
"PPIF",-0.521060203638092
"SAP30L-AS1",-0.521076948224478
"RORA-AS1",-0.521113654615739
"DIP2A",-0.521445911004185
"LINC02202",-0.521595218026179
"TTC13",-0.521793751775563
"POLR1D",-0.522339494216685
"RNF122",-0.522751864793169
"JAG1",-0.522810876361229
"AMOT",-0.522871174951961
"SUFU",-0.522894142556621
"ALG13",-0.523029852135107
"FHAD1",-0.523383477510733
"FAM66A",-0.523448335983194
"CD79A",-0.523632194692699
"CHI3L2",-0.524126463182557
"LINC00106",-0.524200533566446
"PXN-AS1",-0.524659700404875
"RHOU",-0.524814044603744
"SLC12A9",-0.525132964382839
"AP005019.1",-0.525379486368937
"LINC02828",-0.525428961217682
"IPO11",-0.525527739963427
"LINC01359",-0.525746882451196
"AC242988.2",-0.525785801985327
"GLB1L3",-0.526051061727939
"IGF1",-0.526146791852666
"AL133351.1",-0.526837111156436
"FXYD5",-0.52683867881975
"HDAC6",-0.527337914389485
"UQCRC2",-0.527492323876269
"AL121899.4",-0.52750693397808
"STKLD1",-0.527564031662399
"AC007406.5",-0.527593689196753
"PROX1",-0.527626143743762
"AL031666.3",-0.527628743730528
"PARD6B",-0.52812387173094
"NSMCE1",-0.528171378405682
"AC007780.1",-0.52831929894896
"FAM120A",-0.528334785278162
"SPATA7",-0.52835770276335
"VPS51",-0.528396471599062
"TELO2",-0.528624569790855
"PLTP",-0.528784741132037
"AP000640.2",-0.528929046626193
"SPIN2B",-0.52899618247905
"COPS7A",-0.52914497150114
"AC009053.2",-0.529358857305692
"SLC2A11",-0.529453584057723
"ALOX15",-0.529527445429596
"GPD1L",-0.52983259762633
"AC004865.2",-0.530061806184767
"SESN1",-0.530274231044366
"PRKDC",-0.530376727668838
"PPP1R9A",-0.530667045500167
"CORO6",-0.530759825079132
"ARHGEF10",-0.530822873312032
"AC008522.1",-0.530864313982502
"ZNF10",-0.531294025129219
"CTSV",-0.531516039709317
"TXNRD3",-0.531666370166606
"AL136295.7",-0.531697777381285
"AL118516.1",-0.53170811129782
"PPIH",-0.531996104226283
"DELE1",-0.532106798611314
"MGME1",-0.532205628562246
"ITPR2",-0.532254580282075
"DSC2",-0.532392358514256
"AC012459.1",-0.532501841560627
"EEFSEC",-0.5325182641486
"ANKRD26",-0.532782383519534
"EPOR",-0.532832088888902
"H2AFY2",-0.532922682785267
"CCDC59",-0.532930383587175
"FER",-0.53296774618079
"POM121",-0.53336715722078
"AL627309.5",-0.533459300287446
"ATPAF1",-0.533461902831701
"AL096677.1",-0.533503534356406
"SEC23A-AS1",-0.533754978872274
"QPRT",-0.533789138401715
"RBCK1",-0.533974936356306
"PRRT2",-0.534241505910092
"ZNF787",-0.534307193767342
"RBM11",-0.534773678388679
"TEAD2",-0.535196366062622
"IFT74-AS1",-0.535528060964557
"AL157400.3",-0.535596418643979
"ABCB7",-0.536228700686592
"SH3BGRL2",-0.53656044569888
"FRMD3",-0.537599310000059
"ARRDC2",-0.537618498320502
"AC005261.2",-0.537807383245274
"FGD6",-0.538084066800402
"H2AFX",-0.538201744012032
"AC079915.1",-0.538330515806868
"ZDHHC4",-0.538594295686097
"AC092718.1",-0.538605766216444
"SNX27",-0.538680816960655
"TMEM26",-0.539448137323402
"RSAD2",-0.540486376105827
"FBXL19-AS1",-0.541028369945743
"TFRC",-0.541400411876817
"CBARP",-0.541465207113749
"DHRSX",-0.54148453282672
"CARD9",-0.54152707278988
"A2M",-0.541572317200589
"AC021683.5",-0.541678617056637
"TMED7",-0.542361965170738
"RPS14",-0.542555289835917
"NECTIN2",-0.542682420414174
"GORASP1",-0.542785541691742
"PHF13",-0.542928929800421
"UMAD1",-0.543167103458653
"RHOA",-0.543180663895794
"ANK3",-0.543254429925786
"UBE2G2",-0.543559340823603
"PRRT3",-0.544080772677691
"STYXL1",-0.544325915149153
"ALPK2",-0.544356515803561
"FEZ1",-0.54497492033143
"FIG4",-0.545162927465985
"ESYT3",-0.545263841515329
"AP001816.1",-0.545357231215075
"ZNF410",-0.545614075075296
"ARMCX6",-0.54608193408632
"CHCHD3",-0.546161536010733
"AL135999.1",-0.546448521965188
"AC018946.1",-0.547094830218775
"FOSL1",-0.547165491995621
"FXYD7",-0.547277502687975
"AC068338.2",-0.547328122371138
"DDIT4",-0.547595134142436
"CDK17",-0.547760521038647
"SEMA4F",-0.548045617928515
"TMEM41A",-0.548218794147384
"AP4S1",-0.548295540944227
"KCNH4",-0.548542308636802
"AL591115.1",-0.548777222375364
"LRRC32",-0.549028719480355
"RHPN1",-0.549125203243652
"AC104590.1",-0.549206377557774
"NBR2",-0.549389828684972
"PIPOX",-0.549647194516688
"SATB1-AS1",-0.549785920037362
"STX3",-0.550101084585583
"TRAPPC8",-0.550217457686331
"HNRNPH3",-0.550481402444962
"AL021707.6",-0.550619090513463
"AC004938.2",-0.550836101637125
"QDPR",-0.551062730748876
"LSM6",-0.551232675053389
"AF230666.1",-0.55129354792028
"AC245452.1",-0.551762570439528
"TGFA",-0.551892523094743
"SMAGP",-0.552054424744268
"AL356488.2",-0.552103352195339
"FP671120.6",-0.552135085558001
"STX18-AS1",-0.552404433388439
"DDX21",-0.552504902494161
"AC091045.1",-0.552714958610445
"ABHD14A",-0.553060842925536
"MX2",-0.553415451704623
"BAG6",-0.553530066133912
"MPPED2",-0.553735323583021
"ABALON",-0.553745701916417
"HINT2",-0.553876545063076
"FAM160A1",-0.553893571199062
"LTC4S",-0.554155536898036
"LINC01176",-0.554609766382317
"GABPB2",-0.554645240192202
"MED29",-0.554668239955728
"PTRH2",-0.554786482062949
"ZNF641",-0.555126757084539
"ADGRA3",-0.555130951368458
"ADIRF-AS1",-0.555633314099468
"RAD50",-0.556193125660532
"AP002954.1",-0.556357015322952
"VPS16",-0.556387541966782
"KIR2DL1",-0.556420091547993
"HS2ST1",-0.556482542282379
"RPL13",-0.556627189263956
"CCT4",-0.556769837394553
"CCT6B",-0.556864199708088
"LINC01136",-0.556972191509724
"SLC30A4",-0.557036203162703
"RELT",-0.557049019418307
"DAB1",-0.557302552997218
"PRIMPOL",-0.55771245028477
"DAGLA",-0.557744603962968
"APEH",-0.558043092988322
"LINC02132",-0.558339094738284
"SLC30A9",-0.558365135490856
"RPL8",-0.558535477292752
"CRB3",-0.558553595280333
"TAF1A-AS1",-0.558801057358385
"TRAV1-1",-0.559066379452532
"HIST1H2BG",-0.559155065892868
"CS",-0.559210047140656
"AC138649.1",-0.559254811588547
"CCT6A",-0.560019607922887
"RPL28",-0.560444414285713
"YPEL1",-0.561444667612058
"AC011450.1",-0.561545779255367
"WNT2B",-0.561742326749141
"AF274853.1",-0.561838993137628
"AC025171.2",-0.561931780741603
"RPS24",-0.562493056280495
"NRG2",-0.562763458541124
"RABEPK",-0.563297030718579
"TEAD3",-0.563469750728459
"AC021269.3",-0.563497563543686
"LINC01353",-0.563856611819275
"IL18RAP",-0.564070075181361
"GSDMD",-0.564567299776829
"BLOC1S6",-0.564686205714004
"TMEM191B",-0.565105663953102
"PNPLA8",-0.56520013563033
"IDE",-0.565218281964702
"SPACA9",-0.565458645888622
"TBCA",-0.565756669889088
"NMNAT1",-0.565865869086207
"SLC44A4",-0.565997854104747
"VMP1",-0.566515076527308
"UBA7",-0.566627811671174
"IER3",-0.566638233738878
"SPATA2",-0.566914069844448
"NME4",-0.567072244446238
"UBAC2",-0.567104849950974
"TSPYL2",-0.56728166996999
"FSBP",-0.567560769670908
"AC036176.1",-0.567916806367015
"ATF1",-0.568553947836616
"LMOD3",-0.568569883006429
"PGM2",-0.56857812835956
"MITF",-0.56879075413712
"AL358933.1",-0.568899036130658
"STXBP5-AS1",-0.568942166438003
"TYSND1",-0.569247250291451
"DUSP28",-0.569292848498185
"AL136038.2",-0.569368851535203
"TAB3-AS2",-0.569507389234703
"GMPR2",-0.56958873066424
"ZNF596",-0.570139211310325
"DUSP7",-0.570280077068341
"LINC00926",-0.570476536390935
"MALAT1",-0.570568726451833
"AL731553.1",-0.570853146026564
"CLCN5",-0.571129740710529
"PCNX4",-0.57130542725132
"REPIN1",-0.571515261022879
"SURF1",-0.571759242545065
"CAPN10-DT",-0.571813735329364
"SPATC1",-0.571862306815237
"PEAK1",-0.572150011914034
"RPS15",-0.572410611290007
"AC026356.2",-0.572810703104529
"AL162586.1",-0.572821947436529
"NMRK1",-0.572825355997251
"ARSA",-0.572961887471968
"AC132938.3",-0.573711754389926
"EEF1A1",-0.574020756931171
"NFKBIB",-0.574072242179103
"EFCAB13",-0.574172575822844
"CLINT1",-0.574736356668256
"METTL25",-0.574780600135001
"EBI3",-0.574793488353439
"AC232271.3",-0.574802107740652
"SLC50A1",-0.575195413023876
"ADAMDEC1",-0.575438458039669
"AC012485.3",-0.575587158524119
"PDSS2",-0.575848655005895
"IMPDH2",-0.57591427428607
"GGT7",-0.575956875204087
"DMD",-0.57607466312367
"GAS2",-0.576151450224896
"AL133477.2",-0.57630080563384
"PDP1",-0.576723141286466
"ITGB1-DT",-0.576883290035459
"AC069209.1",-0.577198588857078
"LINC01725",-0.577356425299895
"PIGO",-0.577360476396494
"INTS3",-0.577706585956723
"HPDL",-0.57925575216226
"CYP4F22",-0.579333510208879
"THBS3",-0.579383296823437
"SOCS5",-0.579407218749172
"SOCS6",-0.579455969743171
"HNRNPK",-0.579462131193867
"C1orf43",-0.579830449248922
"TCHH",-0.580194054681852
"ACVR2A",-0.580254365124428
"GRPEL1",-0.580301385409396
"XYLB",-0.580575620225041
"SELENOP",-0.58061845031604
"AL157392.3",-0.580909149618362
"UST",-0.58103251380083
"ATP1A4",-0.5817636586841
"TNFRSF13C",-0.581915169469227
"TFDP2",-0.582002615697993
"SLC5A10",-0.582491572922582
"LETM2",-0.582894044369716
"PIH1D2",-0.583332082904493
"MORC2-AS1",-0.583462143654221
"PPM1D",-0.583645513747178
"ZNF652",-0.583910551475181
"C11orf21",-0.583943382161152
"GTF2IRD1",-0.583952479694645
"PHF7",-0.584086030267904
"FCGR2B",-0.584291506891398
"AJM1",-0.584327289730346
"RCN1",-0.584621012763733
"CFAP97",-0.584853351463165
"RBM15-AS1",-0.584899602302391
"RGCC",-0.585478755906301
"ITPA",-0.585510203101634
"AL139260.1",-0.585648321581253
"PLEKHO2",-0.585703527039493
"FP236383.5",-0.585998320115672
"LINC02211",-0.586459672155426
"AHCYL2",-0.58652799312482
"RPL39L",-0.586623238772184
"PHACTR2",-0.586885629929441
"SPAG8",-0.587204002606212
"BBX",-0.587211932126053
"WDR86",-0.587363818053743
"HYMAI",-0.587426054966546
"KCNK17",-0.587518021645048
"GPR15",-0.588182414153943
"CNN2",-0.588383322318257
"ARHGAP22",-0.588409602431758
"AC090198.1",-0.588693496144869
"AC103724.4",-0.589388455669123
"LINC02422",-0.589754144072315
"AL589843.1",-0.590158845445568
"EHD4",-0.590339411612253
"AL391422.4",-0.590443272985678
"C2CD2",-0.590611625636695
"CHKB",-0.590730051993409
"PTPN12",-0.591023045327427
"AL049869.3",-0.591066130388083
"GKAP1",-0.591106992521552
"AFF4",-0.591176349707139
"AC007950.2",-0.59126012457131
"RPL15",-0.591411959593232
"FAM182B",-0.591441993832579
"C3orf62",-0.5916845429073
"EPS8L1",-0.592243852655096
"TRIM72",-0.592283299142744
"OMA1",-0.592505591736781
"CSDE1",-0.592653316195165
"DLC1",-0.59287451495672
"AP001885.2",-0.593185535845335
"NFE2L3",-0.593278341336358
"CELSR2",-0.594196636180929
"KIF19",-0.594440092021062
"SH3BP2",-0.595310579495137
"SLC30A1",-0.595337880380099
"AC010542.4",-0.595338033499594
"ZNF717",-0.596449504875942
"MYO9A",-0.596588667347078
"ZBTB11-AS1",-0.596724519989681
"ARMCX3",-0.596985098610856
"USP32",-0.59705178211135
"MDH2",-0.597105535260847
"AC108066.2",-0.59746006029626
"AF165147.1",-0.597584696778006
"AC010894.2",-0.598259475669133
"PAX5",-0.598442532126175
"RASGRP2",-0.598590480018912
"ATRAID",-0.598725083760194
"BSCL2",-0.598762079317162
"DOK2",-0.59912817217689
"SSSCA1-AS1",-0.599188273639654
"AL049828.1",-0.599343257562617
"WASF2",-0.599647110518504
"NT5E",-0.60017178580544
"IDNK",-0.600200183384729
"CLYBL",-0.600439788628694
"HULC",-0.600773512388295
"VSIG10L",-0.600837497194638
"SMIM19",-0.600983769963397
"UQCRH",-0.601395892458269
"TLR3",-0.601616629927612
"GAS1",-0.602018391505466
"RGPD5",-0.602624808274604
"AC007613.1",-0.602700472350762
"RBMX",-0.602720043947536
"UTS2",-0.602887575813762
"AL445524.1",-0.60345642631721
"CLU",-0.603466507995311
"NEDD4",-0.60350804606798
"GLO1",-0.603692197398568
"LIMD1-AS1",-0.60393609022981
"ERAP2",-0.604033305219418
"RIMKLB",-0.604398053639376
"AGO3",-0.604524995251054
"AC027307.3",-0.604576691876145
"TMEM254-AS1",-0.604711602403456
"EPM2A",-0.60492273915732
"RPL26",-0.60516840736193
"SGO1-AS1",-0.605178662745526
"HBP1",-0.605276375357269
"FN3K",-0.605508651291378
"GAS5-AS1",-0.605548900905257
"AC087623.2",-0.605666678772397
"FAAH",-0.605762141722771
"AL031728.1",-0.606350823754143
"PAK3",-0.606540944837479
"SMG7-AS1",-0.606808820499689
"WASHC2A",-0.60692580216634
"SELL",-0.607002740294383
"SERPINE2",-0.607126174668657
"LINC01232",-0.607627447942286
"HNRNPC",-0.608025575407331
"TK1",-0.60803318474082
"ACSL1",-0.609024956333876
"DDAH1",-0.609439701739469
"XPO1",-0.611084760170925
"AC011468.5",-0.611257825556903
"PECR",-0.61157799675382
"ULK2",-0.612468313577187
"DIRAS1",-0.612485408151349
"ZNF835",-0.61262511006629
"S100A2",-0.6129512510268
"ZMIZ2",-0.613261891846855
"CBWD6",-0.613369908195571
"AC069213.1",-0.613772284175423
"L2HGDH",-0.614176063616045
"AC048382.5",-0.614374947511093
"AP000779.1",-0.614381164959661
"CDC42BPG",-0.614414744485288
"CD300C",-0.614464172659817
"Z94721.1",-0.615076637673009
"SNTB1",-0.61514230880003
"TTC12",-0.615172621042835
"ALKBH2",-0.61528767631104
"LINC00685",-0.615294281712628
"VPS37C",-0.615299430468193
"FIRRE",-0.615510268595077
"AL356776.2",-0.615638916266243
"ZPR1",-0.615778694192761
"CYP4V2",-0.615962080556014
"AL358781.1",-0.616065613146657
"AC068193.1",-0.616286515256402
"AC005759.1",-0.616717464798326
"TMEM131",-0.616726354960649
"LCA5",-0.616972301570803
"AC245164.2",-0.61715070552931
"EFNB1",-0.617341304634234
"SLC1A7",-0.617601152901668
"EPDR1",-0.618035484795274
"AC005899.8",-0.618123284845317
"BST2",-0.618275634776553
"RNF214",-0.61893812026591
"NRDC",-0.61904986600121
"AC067945.4",-0.619052278201795
"AC005726.1",-0.619231168797272
"GK",-0.619481601077402
"TMPRSS9",-0.619786869951109
"LRP11",-0.620020636461795
"PSMB10",-0.620068387436984
"AC026979.2",-0.62009938031139
"FOXJ2",-0.620866968551276
"RPL9",-0.621057038324079
"ALDH16A1",-0.621353581793199
"CLEC11A",-0.621410343416217
"LTBP3",-0.62150077702352
"RPL22",-0.622361103986338
"SCN1B",-0.622573959127886
"AC004816.1",-0.622710838556278
"FOXRED1",-0.622722773604764
"ARRB2",-0.622794461943531
"SCAPER",-0.622873165057732
"AC115618.1",-0.622912947107005
"MVB12A",-0.622986192025011
"SPATS2L",-0.623888345800909
"RASIP1",-0.624963529971748
"ZNF438",-0.625097156978169
"AC008403.3",-0.625432540385169
"SHMT1",-0.625489635200539
"PTBP3",-0.626078955614102
"RASSF1",-0.626084149248747
"TFAP4",-0.626344191092064
"MAP2K1",-0.626566467628104
"TTC39B",-0.626633441498466
"KLHL24",-0.626968469162641
"THAP8",-0.627175583855019
"LGALS1",-0.62733264162581
"PAK1IP1",-0.627639340112193
"CAPNS1",-0.627819219991259
"GRB2",-0.628072126732618
"NUFIP1",-0.628107001059385
"KARS",-0.628531216623656
"MMD",-0.62853191994619
"PYROXD2",-0.628625120185477
"AGAP1",-0.628875484494145
"Z98257.1",-0.629500857973643
"AC087854.1",-0.629897229558223
"SNX7",-0.630114140258122
"ANKMY1",-0.630182571948944
"SETD3",-0.63026443129659
"H2AFJ",-0.630499641097333
"TP53BP2",-0.630705023143398
"AP003680.1",-0.631039709211771
"TRAPPC5",-0.63115519387516
"MAST3",-0.631542430885509
"HPS3",-0.631847755930886
"FCRLB",-0.631868191476482
"PARTICL",-0.632376872746176
"RNF32",-0.632870300925113
"STAP2",-0.633417507639408
"DUS4L",-0.633576803064409
"LINC01135",-0.633656070821632
"AP000866.1",-0.633837638672379
"USP9X",-0.633952641759981
"HSPBAP1",-0.634230493651693
"AC008267.5",-0.634259936453877
"MICB",-0.634992118710983
"AC012615.1",-0.635173629653229
"SMARCA1",-0.635176515231637
"BANK1",-0.635329851709551
"PMCH",-0.635439089164817
"ANKRD29",-0.636097057202823
"CCT8",-0.636359415923417
"BORCS7",-0.636578929299839
"SLC25A30-AS1",-0.636698856113499
"AC022239.1",-0.637102818176629
"NHEJ1",-0.637492333767731
"RAB9A",-0.637598043189806
"AP1AR",-0.637605222917529
"IPO7",-0.637781597364565
"AL442663.3",-0.63812027185094
"PLCL1",-0.638404894905351
"AC010260.1",-0.638439625673534
"PIGK",-0.638620765549864
"APIP",-0.638721861086858
"AL161421.1",-0.639231884317185
"SUSD1",-0.639411868541102
"CTPS2",-0.639460130470451
"MON1A",-0.64006494485066
"EIF2AK3",-0.640352790727781
"AC132872.1",-0.640438081241018
"PPM1K",-0.640448900975175
"VAC14",-0.640467157783685
"POM121C",-0.640789088582243
"DIRAS3",-0.640918957201663
"WWC2",-0.641073085730557
"ZBTB20",-0.641556703728104
"NXF1",-0.641781772727226
"LINC02035",-0.641852696130752
"PLCG1-AS1",-0.642011356442853
"CHP1",-0.64246017388931
"GPC3",-0.643258460798527
"PROK2",-0.643280124899616
"IRF2BP2",-0.643531623444582
"ZNF66",-0.643585400864483
"AC132192.2",-0.643786029377707
"AL359504.2",-0.643995627966452
"FCHSD2",-0.644148852794831
"AL358473.1",-0.644254465195652
"CCDC152",-0.644309110005002
"TNFAIP2",-0.644389169077521
"ABO",-0.644429784288328
"MFNG",-0.644467002818232
"ESRRA",-0.644556412764198
"TWSG1",-0.644612504345887
"AC100812.1",-0.644913002879857
"SYCE2",-0.645266951115012
"IL7R",-0.645818588009184
"AC024909.1",-0.646140531391041
"ARL15",-0.646148765749529
"PLAU",-0.646175155020824
"AL034550.2",-0.646380621846671
"REM2",-0.646549926068204
"CCDC125",-0.646747102671867
"LINC02762",-0.647017097588689
"TRIM17",-0.647184376915826
"SKI",-0.647387647433616
"MCUR1",-0.647455449010184
"SEC24A",-0.64753857959381
"MPHOSPH6",-0.647564516932884
"SLC4A2",-0.647693692755038
"GSE1",-0.647813524063779
"VAV2",-0.647958393003537
"SSR2",-0.648001930561359
"UTRN",-0.648233396212714
"AC010883.3",-0.64838289992213
"PLPBP",-0.649412802667791
"IGKV5-2",-0.649431655975917
"CYP51A1",-0.649520831276412
"CAPS2",-0.649627442851722
"NCKAP5",-0.650377612903345
"CCDC15-DT",-0.650397236740829
"SENP8",-0.650889157271411
"JADE1",-0.652685687077376
"HILPDA",-0.652895290496295
"AC073957.3",-0.653204056783337
"ZNF138",-0.653316937684292
"ERMAP",-0.653324649722689
"GPR84",-0.653452906108455
"LINC01301",-0.653722032206287
"TMEM151A",-0.653883849668712
"F2",-0.653942897033736
"GTPBP1",-0.654156235016401
"PRPF4",-0.654338346372885
"AC103858.3",-0.655383204800562
"AC117382.2",-0.655637727490654
"FASTKD1",-0.655706785193217
"FOXN3",-0.656129141306941
"RBBP6",-0.65619034652125
"DNAJA4",-0.656291895291026
"SLC9A1",-0.656394625593473
"BAHCC1",-0.656874391816592
"LINC02099",-0.656964364886088
"MRM3",-0.657432620212503
"RPS23",-0.657664249522261
"MOAP1",-0.657956011766804
"NIBAN2",-0.65829664451924
"GAS6-AS1",-0.658596885072126
"TRABD2A",-0.658621375350252
"AC020663.3",-0.65960028386258
"ECSIT",-0.659625213559814
"MEF2D",-0.659826344452403
"NAGPA",-0.660088870827803
"DLEU1",-0.660317559410644
"DOCK2",-0.660447626221944
"ZFYVE19",-0.660616641591991
"AL138963.4",-0.661099969566303
"COL9A3",-0.661269678922957
"ELOVL6",-0.66150086021895
"AC231981.1",-0.661626441857314
"KIFC3",-0.661683432263061
"RAVER2",-0.661706954699804
"LINC01554",-0.661905613312104
"KLF16",-0.662114015119752
"POC1A",-0.662183154215347
"AL022162.1",-0.662217518067073
"SLC6A12",-0.662889419482787
"AC127526.2",-0.663131174198761
"DNAAF2",-0.663141638968393
"RASA4B",-0.663182462368162
"SUGT1",-0.663242069238362
"SDHAF4",-0.663376909281512
"LAMP2",-0.663432761322083
"PER3",-0.663529398702254
"EIF4EBP3",-0.663701608801903
"CHORDC1",-0.663836054837761
"RNF217",-0.663913593924997
"RGS16",-0.664056809287568
"NPRL3",-0.664057902565365
"ZSCAN30",-0.664195437284503
"INTS6",-0.664387954161719
"KAT2B",-0.664510599867369
"CNPY3",-0.665514649184553
"GPR35",-0.666241762799423
"AP000911.1",-0.66666745954209
"DNAJA1",-0.667259950974762
"SYNGR1",-0.667539346145741
"AL121820.1",-0.667659008756555
"ZFHX3",-0.667898239210144
"AL139384.1",-0.667960931927116
"VMO1",-0.668398159508529
"OSBPL6",-0.668436906565579
"IL10RB",-0.668715732371116
"KLHL18",-0.668723127853792
"AC108134.2",-0.668727531898603
"RAPGEF5",-0.668772118528591
"LITAF",-0.668810554943402
"FGD5-AS1",-0.668888971206761
"KPTN",-0.669142063937795
"NIF3L1",-0.669143139879331
"PLEKHG5",-0.669175670938732
"PGAP3",-0.669361480305843
"STK25",-0.669500502059675
"MRC1",-0.669525389080972
"LINC02604",-0.669526855954117
"AC142472.1",-0.669561528441591
"AC008608.2",-0.670018127966008
"CARD8",-0.670190735986078
"MRPS6",-0.67053739824604
"CMTM6",-0.670965070744666
"YBEY",-0.671251288698042
"TSEN34",-0.67128862083165
"RPL24",-0.671384338088781
"DENND4B",-0.671520780090617
"CNN1",-0.671670403120404
"AL662844.4",-0.671704678109009
"FOXK2",-0.671855732213342
"ABHD12",-0.672123375925912
"RBM44",-0.672311158450845
"GPHN",-0.672371045648939
"SOD2-OT1",-0.672521337374167
"ARHGAP5-AS1",-0.672568105220461
"BCL9",-0.672625449989407
"SNHG19",-0.673431467824035
"AL137856.1",-0.673647976356872
"DDOST",-0.673738122172982
"AC090061.1",-0.673796675066798
"SARS2",-0.674114283497939
"LAMP3",-0.674135816507621
"MAPRE2",-0.674136280997432
"FAM216A",-0.674522086924922
"CUX1",-0.674586210947161
"MIRLET7BHG",-0.674623710778648
"IGLV5-48",-0.674966560203641
"CAMK2D",-0.675097792620961
"RPL19",-0.67515791213759
"CDC25C",-0.675269445719275
"KLHL32",-0.675269935565125
"MXI1",-0.675650900648549
"CREB3L4",-0.676515377170853
"B4GALT1",-0.676550909580642
"CENPX",-0.676898424291203
"CD101",-0.677061507244433
"RPL29",-0.677072942509042
"TIMMDC1",-0.677177735519092
"FAM122A",-0.677188843124134
"HERC3",-0.677860523580829
"AL603783.1",-0.678090992019998
"AC006942.1",-0.678748806023786
"NOL4L",-0.679275161785293
"SORCS2",-0.679379984772202
"ARHGAP27",-0.679465049564742
"TRPV3",-0.67963087847452
"ENTPD6",-0.679666850483484
"RPL18A",-0.679937723414376
"ZCWPW2",-0.680953745726884
"TP53",-0.681070001171659
"KLHL22",-0.681127085867768
"EIF4G2",-0.681384080973355
"RPS8",-0.681546919513393
"DLGAP4-AS1",-0.681883748508785
"CLPB",-0.681998815828582
"ZNF428",-0.682781785245362
"FTO",-0.682865834513721
"NRGN",-0.683189734707913
"AL121990.1",-0.683229822668528
"E2F6",-0.683662693416388
"OSBPL3",-0.683883656443385
"AC010210.1",-0.684034256775331
"LINC02798",-0.684251296695912
"HNRNPH1",-0.684479271938262
"ARHGEF3",-0.684728178329363
"ERI2",-0.68494919909633
"CPSF2",-0.685350826157475
"EFCAB5",-0.685519536450825
"HIKESHI",-0.685688126685115
"HCN2",-0.685854199972178
"PLAUR",-0.686398002191759
"CBX8",-0.686519403677625
"RCOR1",-0.686724833375099
"SLC25A27",-0.686773783986631
"MAML2",-0.686868812616537
"BCAP31",-0.686949519009715
"HCRT",-0.686990802006348
"SPACA6",-0.687022054239325
"ABHD1",-0.68727225594221
"PPP1R12A-AS1",-0.687284023112569
"RGS2",-0.687396489864136
"AC084198.2",-0.68746992869328
"ARHGAP15",-0.687558381626329
"STIM2-AS1",-0.687728856266002
"FBXL18",-0.687796468006465
"RPS2",-0.68815070272822
"CTTNBP2NL",-0.68831968241487
"ERF",-0.68842234591348
"C20orf96",-0.688540836808244
"AC134312.1",-0.688658075818526
"ZNF519",-0.688825593098376
"SYDE2",-0.688856449976098
"AC010168.2",-0.689086096451726
"FCN3",-0.689168007704996
"ZNF117",-0.689969374823373
"PIGP",-0.690101319158632
"VAMP8",-0.690156294018988
"PLCD1",-0.690182315582637
"POLI",-0.690650084764307
"PTGES",-0.690796912779314
"ZNF92",-0.690927791283842
"GGACT",-0.691176444450851
"CERNA1",-0.691686610300951
"SDCBP",-0.691761219551416
"KDM4C",-0.692193466776543
"PDGFC",-0.692680575032744
"LAMB2",-0.693004209936961
"PLA1A",-0.693201132782114
"FAM168A",-0.69321675571024
"NCKAP1L",-0.694336622086278
"GTSF1",-0.694345661539398
"BEX2",-0.694658680688426
"OR4D1",-0.695217722594448
"CHID1",-0.695495484884721
"LDLR",-0.695540818889231
"LINC01238",-0.695818289712344
"MYO5C",-0.695854565276115
"SREBF2-AS1",-0.696095563725965
"FKBP8",-0.696235175626739
"CLCN4",-0.696343060389624
"PNP",-0.696476744286031
"TBC1D16",-0.696621260124349
"CHCHD5",-0.696913034923704
"ALG8",-0.697064699923106
"INHBA-AS1",-0.697095520884406
"DHRS9",-0.697404750825886
"KCNE5",-0.697410576735848
"SF1",-0.697754074127841
"AC006333.2",-0.698773451366868
"CREG1",-0.699120080524944
"MAP2K5",-0.699276628756506
"GPCPD1",-0.699550185445671
"C2orf92",-0.699826653187198
"KBTBD11",-0.700312033905741
"NACA",-0.700687053963748
"PAN3-AS1",-0.700865901201669
"NIPSNAP1",-0.701373491146682
"ENOX2",-0.701481352589015
"AC135507.1",-0.701750651232746
"MBNL3",-0.701951753694308
"ZNF491",-0.702011797445004
"DENND4A",-0.702160586988397
"ADSSL1",-0.702335610073948
"SRSF12",-0.702602129353808
"KLKB1",-0.70276097821109
"CSKMT",-0.703066257849954
"C12orf42",-0.70322595964834
"SLC41A3",-0.70332867666423
"ATP1A1-AS1",-0.703550189177678
"HCST",-0.703751717439647
"ZNF257",-0.703963720452982
"DDX5",-0.704124704353446
"RPAP1",-0.704320674949571
"TMEM71",-0.704514663256024
"GOLGA6L9",-0.705081077647973
"ZFAND1",-0.705274270860581
"AL022328.3",-0.705344502619435
"KMT5A",-0.706357790366559
"AC144652.1",-0.706385692542304
"NEK9",-0.70648978387584
"SC5D",-0.706506166439546
"FAM192A",-0.70698973422543
"STARD3NL",-0.707267196843667
"AL353708.1",-0.70774498584137
"PAXBP1-AS1",-0.707805458532808
"IQCH-AS1",-0.708289155985006
"AL354822.1",-0.708860125956668
"TBC1D14",-0.709090813298116
"PINLYP",-0.709210519815899
"CPEB4",-0.709613970873447
"EFR3B",-0.709885120079886
"AP000866.6",-0.709952389991208
"AC011498.1",-0.710054443623846
"ANKS6",-0.710320164860334
"DNASE2",-0.711338751571102
"MPP3",-0.711429082784169
"AL136309.2",-0.711963385888928
"MMAB",-0.712201791644904
"PGBD4",-0.712481196021718
"AP003557.1",-0.712797199846505
"C17orf58",-0.712865312067578
"AC125611.3",-0.712908791966771
"AL512353.1",-0.71329260047078
"DCK",-0.71365287171078
"AL356441.1",-0.714159805745265
"AC009831.1",-0.714351255096757
"PRX",-0.715036475527549
"AC092368.3",-0.715325025074622
"RFLNB",-0.715523749880479
"NHLRC3",-0.715668272291396
"SPRY2",-0.715702767792643
"C12orf76",-0.716390035271035
"AL021707.7",-0.716560695825177
"XXYLT1",-0.716850659949144
"MYL5",-0.716866720810021
"FCRLA",-0.717228422341722
"PPP1CB",-0.717742033747608
"STARD5",-0.717884177192146
"HERPUD1",-0.718007879772105
"ANO10",-0.718079500504329
"RMRP",-0.718208674568068
"BRAF",-0.718491904534449
"PFDN5",-0.718785765607849
"RPSA",-0.719287564380054
"RPL6",-0.719427874811953
"AC025822.2",-0.719552772030634
"TUBB4B",-0.719612320792897
"ING1",-0.719706440000897
"LRRC23",-0.71980453603339
"THRB",-0.720089228535828
"MED14",-0.720215932656015
"SCFD2",-0.720908271265112
"PHLDA2",-0.721030467617032
"TCTN1",-0.721205494085677
"CPLANE2",-0.721550411236693
"AC096677.1",-0.721601677872055
"AC084082.1",-0.721648361550225
"PBX2",-0.722215469385511
"TRIM5",-0.722275197505708
"DHRS3",-0.723195746147214
"CD86",-0.723229515505106
"SSB",-0.723316773042306
"C1QBP",-0.72398538901133
"TTC28",-0.724284717089018
"ZFP36L2",-0.724443388535804
"TMCC1",-0.724902416521044
"LARS",-0.72521659762817
"TBC1D9B",-0.725537199879311
"IL6R",-0.725591293092032
"ATP6V1G2",-0.725604571802089
"MPND",-0.725846095657897
"ZNF860",-0.726057268405988
"ARC",-0.726232503936888
"F3",-0.72631681807993
"TAF7",-0.726993280419541
"VPS13D",-0.727140645104178
"SHQ1",-0.727337850759625
"DCUN1D3",-0.727679746450219
"WASHC3",-0.727740436984863
"TPM4",-0.728500773653537
"LCP1",-0.728622801420971
"TMEM25",-0.729076335807579
"C2orf76",-0.72920139833676
"MSLN",-0.729530176484454
"DHX34",-0.73023997896704
"SERTAD3",-0.730247349074282
"LINC00894",-0.730697760364519
"CCDC24",-0.730720282174477
"TLCD2",-0.730843482281452
"HSD17B12",-0.730863618660094
"KDM2B-DT",-0.731002399693445
"MGMT",-0.731123105393747
"IL17A",-0.731237874464602
"AL049712.1",-0.731351214788277
"CHRNE",-0.731584159627716
"REV3L",-0.731655120774678
"SLAMF9",-0.731757913071341
"ATG10",-0.731800046411783
"STRADB",-0.732178781045413
"TSGA10",-0.733031403709468
"BCL10",-0.733585657855697
"SOCS2-AS1",-0.733620799323229
"AC005674.2",-0.734101880204666
"NPTN",-0.734459401636646
"AC015871.7",-0.734536549526161
"ATRN",-0.734542280698154
"GSK3B",-0.734603594327334
"AL354740.1",-0.734748525966887
"PJVK",-0.734970452253842
"LINC00471",-0.735004639147373
"BBS2",-0.735645903739628
"RIOK1",-0.73583351063308
"SULF2",-0.736157249724877
"FGFBP2",-0.736160687003289
"AC006252.1",-0.736185984034485
"UBXN2B",-0.736372050107058
"RAB27B",-0.736377070383026
"AC022211.2",-0.736602399233591
"IRGQ",-0.737140901245182
"AL591043.2",-0.737384838538841
"XCR1",-0.737467517026379
"NSUN6",-0.737556571623384
"VNN1",-0.738365108878056
"ACAP2",-0.738607717928958
"PRPSAP2",-0.738721419072396
"TMEM70",-0.738891618709401
"ANAPC16",-0.738963839887684
"THTPA",-0.739030392835423
"PCDH1",-0.739310436121686
"AC123595.1",-0.739576224107351
"MSH3",-0.739662451506625
"PPP2R2B",-0.739695073610176
"AC003991.2",-0.739921787905259
"SLC49A4",-0.740672775806505
"HLA-G",-0.741568216657877
"BX323046.1",-0.741647623195092
"LENG8-AS1",-0.742172884721238
"AC104187.1",-0.74221126431745
"MS4A1",-0.742663654528597
"AC108519.1",-0.742694231199717
"TASOR",-0.743411057097724
"PXT1",-0.743555150962186
"AC009041.2",-0.743646139643377
"TMC8",-0.7437096750395
"HDC",-0.744039078232467
"ANO7",-0.744298576229399
"THNSL2",-0.744482344201895
"AC087284.1",-0.744628702965617
"AL163051.1",-0.744804938457962
"MAP2K6",-0.744811429988397
"MTMR10",-0.744985439443447
"TXNIP",-0.745245412864022
"ANKRD50",-0.745277087266038
"KCNA3",-0.745403879365993
"SLC17A5",-0.745561657392547
"NUCB2",-0.745658680453558
"MAP3K11",-0.745688906324669
"SYT5",-0.745858093238161
"SLC25A13",-0.745972482426593
"FAM124B",-0.746032261205947
"PROCR",-0.746301204031791
"AC008440.2",-0.746707504191547
"NCR3LG1",-0.74807363902166
"CUL9",-0.748141986291033
"KDELR1",-0.748311150869214
"AC073934.1",-0.748398508366033
"RIN2",-0.748566276618002
"AL035701.1",-0.748678774210711
"ZNF331",-0.748908686120044
"AC109454.2",-0.748925627180447
"BCL2L15",-0.749184420257088
"SLC9A7",-0.74929148682661
"RAB1A",-0.750187645091897
"GCSAML",-0.750217096727109
"MMP24OS",-0.750406991598408
"GPI",-0.750522600007707
"UPRT",-0.750861529340818
"SPAG5",-0.751059417230275
"ORM2",-0.751256340266641
"TTC9",-0.751289967197346
"AL109955.1",-0.751666410382317
"CU633967.1",-0.75169351658545
"LINC01973",-0.751780746024445
"MCL1",-0.752024760490893
"PSEN2",-0.752494429206845
"AC105046.1",-0.75336908040535
"ZNF761",-0.75353180986802
"PSME1",-0.754382189377881
"AC100786.1",-0.754521223497129
"AC008074.2",-0.75491841116927
"FBXO33",-0.754991626620903
"RPL7A",-0.755059561900572
"GTF2H1",-0.755429915549263
"AC092757.2",-0.75545327860442
"REEP4",-0.755490211886624
"LINC01686",-0.755833383790725
"UCA1",-0.756089669092016
"AC010978.1",-0.756228244227495
"TMEM220",-0.756485655834646
"AC018362.1",-0.756755289170298
"AL163973.2",-0.756901420492067
"AP005329.2",-0.75704600791642
"CHM",-0.757625940525889
"HIST1H2BD",-0.758518917866494
"SUOX",-0.758628624494869
"COTL1",-0.758658150773991
"DENND11",-0.758745901249734
"EEF1B2",-0.758914851275457
"TMSB10",-0.759422077955307
"ZNF426-DT",-0.759687589539169
"FKBP9",-0.759894640689278
"HOMER3",-0.760126330450106
"EMP1",-0.760164888520455
"SH2D4A",-0.760404155719801
"TMEM187",-0.760469384843247
"AC092910.3",-0.760715182917942
"SERP1",-0.760986746684606
"MYBL1",-0.761256834196896
"MARCO",-0.761716342857809
"CROT",-0.761846738207122
"NARS2",-0.761890999451958
"DDN-AS1",-0.762153070928398
"NSMCE1-DT",-0.76253987874267
"PRSS36",-0.762742226653314
"PDE5A",-0.762837597113455
"CHD9",-0.762843960627808
"MMP24",-0.762853175507105
"LRP6",-0.762863640755518
"RBL2",-0.763232030878782
"PPIL3",-0.763751527420234
"PRKCB",-0.763836301556636
"AC027682.2",-0.763884959685998
"NUDT17",-0.764085757928398
"UNC5B",-0.764255318274445
"ZNF200",-0.765071686605937
"FUT1",-0.76512887010362
"CALM3",-0.765771311859374
"CD1B",-0.765849648511445
"CABLES1",-0.766231089757144
"SLC31A2",-0.766266432203191
"C1orf53",-0.766594910843801
"ACTN2",-0.76677953252971
"LINC00476",-0.766933469225749
"KCTD21-AS1",-0.767474886983541
"RRAS",-0.768012843374601
"FLOT1",-0.76808901967027
"SNUPN",-0.768151373401914
"SLC39A3",-0.768157716290917
"PCSK5",-0.768161222352319
"ZNF669",-0.76852339846034
"AL391121.1",-0.768672724373928
"CCT2",-0.768852299880305
"IKZF2",-0.769077136311219
"RPL7",-0.769081107979458
"ITGB2-AS1",-0.76922700909263
"LIN7A",-0.76923545683122
"RASL11B",-0.7693218205682
"SPIN3",-0.769463252106486
"UROD",-0.76965184252707
"CLN3",-0.76972411878994
"CEP78",-0.769829373856088
"GNB2",-0.770074046390261
"RNLS",-0.770269210976346
"AL450384.2",-0.77032785741902
"SNRPA",-0.770520494840287
"AC105285.1",-0.770875265075025
"IFRD1",-0.771472208091425
"CDK4",-0.771576887148984
"FCRL6",-0.772295454624082
"MYO10",-0.772487438087661
"GCNT2",-0.773883150896877
"LINC00824",-0.774200237063161
"AC127002.2",-0.774210074488417
"CASP9",-0.774521923498676
"AL353807.5",-0.774540839307379
"NXT1",-0.774771278223295
"TRGC1",-0.774966101719564
"AURKC",-0.775164993021323
"ENPP1",-0.775308494672423
"EVI5L",-0.775550078513286
"PLXND1",-0.775764459388552
"RPL18",-0.776018283379925
"SNRNP35",-0.776665082505468
"SEPHS2",-0.776883361903695
"SNTB2",-0.777122402964544
"MC1R",-0.777425299251769
"HSD17B8",-0.777831851249092
"ZNF846",-0.778084089145376
"CD27-AS1",-0.778087886572173
"MT-ND4",-0.778122206932769
"ETHE1",-0.778379464894436
"GGA1",-0.778440608482188
"UGGT2",-0.778466534494841
"AC109347.1",-0.77865988153472
"AC104472.4",-0.779377132850863
"LRRC4",-0.779734079978911
"AC008149.2",-0.779841665040506
"NBPF12",-0.779995118162019
"RAI14",-0.78055904214435
"AC022217.3",-0.78061218450939
"MTFP1",-0.78136370253193
"SAMSN1-AS1",-0.781380734808335
"TOMM34",-0.781642664598251
"LINC02802",-0.781749549722978
"HNRNPA1",-0.781825462784202
"GGCT",-0.781848489504938
"AC010883.2",-0.781871855467402
"AC011447.3",-0.782009985041331
"DAPP1",-0.782019882556535
"TSNAX",-0.782033027161713
"AC011462.5",-0.782883218860037
"ARHGAP6",-0.783076154750029
"KLF12",-0.783373229310472
"BCL7A",-0.783599183479512
"SPNS1",-0.783900429685
"HMOX1",-0.784118055388075
"AK4",-0.784356507449488
"AC093484.3",-0.784413171013351
"RARRES1",-0.784586835054331
"AC141424.1",-0.784763420636452
"LRRC70",-0.785276296460418
"IGLV3-16",-0.785354909934558
"FAM3A",-0.785769310595854
"SPART",-0.785799316163534
"AL645939.5",-0.78593120681134
"NUDT1",-0.786010561648667
"ERCC1",-0.786252636155253
"SAP30",-0.786461821260224
"MT2A",-0.786542191863801
"XRCC4",-0.787217607737597
"AC092117.1",-0.787323405785649
"FUCA1",-0.787336882325374
"AP005131.6",-0.787626366295879
"GSTP1",-0.78778395999492
"HNRNPU",-0.787832417965357
"RIDA",-0.787916092072037
"CD1A",-0.789127450176294
"METTL15",-0.789162186123002
"ZNF436-AS1",-0.789389288316365
"RPS13",-0.789391341527712
"AC093010.2",-0.789663804333287
"RPL17",-0.790270698323581
"FOXC1",-0.790358232893412
"LIMK1",-0.790425880123448
"ZNF69",-0.790818714481921
"VAMP4",-0.791051562655682
"RORB",-0.791621869715152
"MT-ATP8",-0.791820457275133
"MTAP",-0.791917597994312
"BICDL2",-0.792238055588005
"TCEANC",-0.79245251730489
"IGKV1-37",-0.792547671488025
"MEIKIN",-0.792739288620291
"MANBA",-0.793090739725065
"AL080250.1",-0.793134039023109
"EXTL2",-0.793287652596008
"AL096870.6",-0.794002841656465
"TBC1D32",-0.794091007154823
"HSPA9",-0.794336284830476
"SCML4",-0.794345806202132
"PRKCE",-0.794888911252812
"TMEM191C",-0.794983645763048
"IGLON5",-0.795222583373765
"C19orf57",-0.795228460497488
"MOB3A",-0.795355017374997
"FCRL3",-0.795614687649307
"ZBTB21",-0.795807849322999
"NHSL1",-0.79606154091053
"HR",-0.796452197366794
"AC087294.1",-0.796538636229152
"GTF2H2",-0.796568995063285
"APP",-0.796792109568873
"WARS",-0.796895730531076
"HSPH1",-0.796898417803449
"B4GALT4",-0.797217534721665
"NUDT2",-0.797987652713005
"GMPPA",-0.798146658956118
"ZDHHC24",-0.798228206576567
"IFT74",-0.798265276173095
"TRAM2-AS1",-0.798466130589871
"TBC1D24",-0.799022068551213
"SMYD3",-0.799335875559038
"DTX4",-0.799506674822929
"AC109460.1",-0.79953626000124
"CCR5AS",-0.799566128815402
"RTKN",-0.799932141443639
"THAP10",-0.800058677849022
"RAB8B",-0.800063435438356
"CCDC184",-0.800112089324931
"ARHGAP20",-0.80056347747793
"AMDHD1",-0.800664114522411
"CCRL2",-0.800982355665604
"PLAA",-0.801162287414172
"NUDT13",-0.80164343145624
"GPRC5B",-0.80167058729758
"NDUFAF2",-0.802550724650335
"DAD1",-0.803008423025489
"HNRNPA3",-0.803051045113709
"SEPTIN9",-0.80322194329675
"UVSSA",-0.803298510075024
"AC002451.1",-0.803970948987595
"NET1",-0.804290568633183
"THSD8",-0.804317676860591
"SOX2-OT",-0.804412816009874
"PGF",-0.80473358458367
"ZNF141",-0.805089027733749
"CCDC15",-0.805106200942962
"ST7L",-0.805308062296141
"NRBF2",-0.806260606126197
"TSTD1",-0.807654283893495
"AL160291.1",-0.807966114155244
"ADGRB1",-0.807979818895176
"GUSB",-0.808015136048395
"SDR42E2",-0.808086844186368
"AP001056.2",-0.808595180578196
"CLK1",-0.809122687841829
"HIST1H3A",-0.809329397729635
"ARL5A",-0.809880912221173
"ZNF106",-0.810362430459803
"NCK1-DT",-0.810811459577122
"JAM3",-0.810835172587357
"ENPP5",-0.811480650813642
"SYT1",-0.811636494227231
"WASHC1",-0.81222229172341
"ATOX1",-0.812411991292903
"KIF1B",-0.812916932983256
"DSG2",-0.812925797534404
"PSPH",-0.813446442368661
"AC004771.3",-0.81394709269751
"MIATNB",-0.814195629536005
"MED26",-0.814430520635897
"COA1",-0.814445968831981
"PIK3CG",-0.814553563434698
"ABLIM3",-0.815358840848644
"CCDC149",-0.816551564194794
"ITM2B",-0.816607286266747
"ZFAND2A",-0.81677676737997
"DPY19L2",-0.816841508648707
"NT5DC1",-0.817136569778505
"PTX3",-0.817224719587534
"SPA17",-0.817238126216301
"C5orf63",-0.8182330955881
"LENG9",-0.818339120124125
"TMEM147-AS1",-0.818689357819838
"PAFAH1B2",-0.818919045356197
"CCDC148",-0.819077272696387
"SLC19A1",-0.819184266711026
"EPB41L5",-0.819558422586855
"STK38L",-0.819559812669798
"TENT4B",-0.819746120517791
"DDX60L",-0.819949231565634
"CHD1L",-0.820201825307349
"AC106028.4",-0.820467423863268
"HEYL",-0.820662866124633
"AC010336.8",-0.820800141615801
"TMEM107",-0.820816061476221
"POLN",-0.820971605909045
"HOXA5",-0.821074700045223
"ALPL",-0.821167904647528
"EFNA3",-0.821281249284322
"ICAM3",-0.821414837211373
"RNF44",-0.82152395562167
"AC111006.1",-0.821802855087481
"TRPV2",-0.821826048716019
"RCN3",-0.822299924823122
"SLC12A6",-0.822402967433265
"LPCAT4",-0.822458533419441
"ZNF668",-0.82252308411018
"LINC02733",-0.822643575592696
"AL356020.1",-0.823372604803188
"AL035661.2",-0.823548819682785
"AC092468.1",-0.823765475104273
"NAMPT",-0.823923789771007
"PCBP1-AS1",-0.824390367647057
"RPL3",-0.824696941274194
"RPS18",-0.824995864914396
"FLT4",-0.825255187191307
"PDK3",-0.82540146282779
"BCL2",-0.826052244177934
"GINS2",-0.826302670728465
"IGHV5-78",-0.826580966601742
"VASN",-0.826667004218933
"LINC00884",-0.826747078695569
"DNMBP-AS1",-0.826755191383295
"TMEM182",-0.827290549184361
"PHKA2",-0.827473735290104
"RNFT1-DT",-0.82760297433383
"GEM",-0.827629239331251
"RNF187",-0.827659669959071
"AC004889.1",-0.828013457452877
"RPL27A",-0.828210842560362
"TREM1",-0.828351107983231
"SELENOK",-0.828776771793211
"SLC43A2",-0.828820787655693
"HMGCS1",-0.828938392058798
"FLACC1",-0.830093453296247
"DGKK",-0.830260206202621
"TMEM9B-AS1",-0.830536336535853
"ATP6V0D1",-0.830659390984645
"PIK3AP1",-0.83066341808803
"TSPAN32",-0.831432099375511
"PTER",-0.831524399422027
"AC006160.1",-0.83167073535607
"PDIA4",-0.831863274097802
"AL137802.2",-0.832280076091295
"TMEM38A",-0.83242007770453
"UBASH3B",-0.833708306300155
"ARHGAP4",-0.834364952622683
"LINC01184",-0.834374083336564
"BAZ1A",-0.834524692162212
"PENK",-0.834892839233958
"AKT1S1",-0.834929372052949
"DNAJB4",-0.835038281493092
"TCTA",-0.835371051400851
"SASH1",-0.835629490860289
"AC136475.5",-0.836256378606879
"PEPD",-0.83633207679348
"DUSP2",-0.836459764200607
"PHKA1",-0.836921660802204
"AC007541.1",-0.836968729127402
"LAP3",-0.837287941001574
"IFI44L",-0.837609263202644
"P2RX1",-0.837895273101457
"OPHN1",-0.837907217645899
"S100B",-0.837978884010291
"PTPN6",-0.838171886709415
"MATN1-AS1",-0.838373837145644
"EFHC2",-0.838482617680189
"GTF2B",-0.838604859676481
"POLD1",-0.838892607326597
"LINC02158",-0.839517567527984
"EIF3K",-0.839816164852325
"FOXRED2",-0.840030333102526
"AL161665.1",-0.840033984977571
"AC012306.2",-0.840485276922192
"IGF2BP2",-0.840612233615697
"VPS37B",-0.840991210751157
"HOXA1",-0.841615806044451
"LPO",-0.842113701516303
"FAM210B",-0.842126571158486
"AL162258.2",-0.842141019984947
"FAM114A1",-0.84219010485457
"AC008393.1",-0.842759087711347
"AC027097.1",-0.843019378589788
"CLCN7",-0.843738670238462
"HEATR5B",-0.843927075054146
"CERS6",-0.844200954120255
"TRAF7",-0.845077686154468
"GSDME",-0.845225654853218
"RASGRF1",-0.845463023166256
"IDUA",-0.845519992734549
"AL109811.2",-0.845887739330017
"LAD1",-0.845995647271164
"PTRHD1",-0.847181967756767
"AC010864.1",-0.847377115894234
"UBAP2L",-0.847619406014214
"HEMGN",-0.847811024314831
"ADAMTS10",-0.847837440577524
"NCOR2",-0.848278436767891
"EPHB2",-0.848398919230746
"UVRAG",-0.848971610792671
"AC011511.5",-0.849373233964915
"CD209",-0.849575005794313
"ZC3HAV1",-0.849645378984394
"MMP2",-0.849663695111212
"SIRT1",-0.850499859621731
"STIM1",-0.850598799663751
"AC239868.1",-0.85169552821287
"NIPSNAP3A",-0.851739013811323
"ARRDC3-AS1",-0.852068478632451
"IPCEF1",-0.852236177536207
"VGF",-0.85235954971663
"SH3BP5-AS1",-0.853294439102357
"ATP6V1C2",-0.853855235363845
"ETF1",-0.853951686644602
"AC084871.1",-0.854691289329711
"ULBP3",-0.855128505706646
"HOXB6",-0.855576436663069
"LMF1",-0.855714410518294
"GPBP1",-0.855774935220632
"ENKUR",-0.856391536397154
"MYCL",-0.856485853147259
"RPL5",-0.85662668075979
"NUCB1",-0.857052529366568
"N4BP3",-0.857191518271992
"IRGM",-0.857289298995058
"RNF170",-0.858021180128917
"EIF4A1",-0.858038089841542
"ADGRL1",-0.858427750775894
"AL035530.2",-0.859161845787496
"SLC8A2",-0.859440603326898
"IFITM10",-0.859569418330035
"ATP6V1E2",-0.859632358278669
"NIM1K",-0.859812981634506
"AC004839.2",-0.859957080671158
"ARHGAP5",-0.861902947750798
"ICA1",-0.86225662036805
"CDKL3",-0.862523595328726
"ELL2",-0.862586743195301
"CXCL12",-0.862806659937791
"MLXIPL",-0.862911470711112
"RRS1",-0.863057915646536
"ZNF362",-0.86396495257783
"ARF4",-0.864478773808336
"AC093627.5",-0.864522876970375
"TMEM102",-0.865363855353704
"CD320",-0.86629686468634
"BRDT",-0.866304688869584
"MICAL3",-0.866400081133366
"TMEM143",-0.867123457116242
"RABGGTA",-0.867585466842651
"AL031668.2",-0.868226474051046
"SIRT4",-0.869203554736768
"AC002553.1",-0.869215446124015
"TIMP2",-0.8694199107517
"SH3BGR",-0.869435941795738
"AC068282.1",-0.870239559648647
"NPW",-0.870345133091293
"NSA2",-0.870705211317185
"AC080128.2",-0.871147910481825
"LETMD1",-0.871485625765549
"PTEN",-0.871944546118214
"RPL14",-0.872026804210582
"AC096733.2",-0.8721295946455
"CKAP4",-0.87286471940607
"ADPRH",-0.87308978828696
"UBB",-0.873354752733337
"NLN",-0.873608047188471
"RHCE",-0.873651123362022
"ZNF74",-0.874013356812873
"NUAK1",-0.874294583321683
"RGS10",-0.874593394180397
"CCL20",-0.874830818021517
"ALDH1L2",-0.875038030356401
"AL078459.1",-0.87509122720949
"WBP2",-0.875156297850188
"AGXT",-0.87541998654767
"CST6",-0.875569926061929
"ZBTB42",-0.875681820334793
"RARA-AS1",-0.875753152942849
"MRPS33",-0.875757183131881
"MOCOS",-0.875787705719389
"CKLF",-0.87579038341504
"AJUBA",-0.875982644017288
"BZW2",-0.87601883746079
"CDH20",-0.876060371440965
"ICAM4",-0.876526852038914
"GCAT",-0.876685655618793
"HIPK2",-0.877079595902573
"HSF5",-0.877108600428325
"AC099518.4",-0.877337142110959
"CYP2F1",-0.877394256699584
"WNT7A",-0.878257745559557
"ALDH5A1",-0.879220174923394
"HLA-DRB1",-0.879390681355028
"AC002116.2",-0.880279379421477
"SBK1",-0.881215109216099
"ALAD",-0.881308219191245
"PODXL2",-0.881436452467202
"SLC35F6",-0.881599011442716
"CNR2",-0.882108870276286
"SNX8",-0.88223846569762
"MTMR6",-0.882516177765569
"TNFRSF21",-0.882633470632913
"ZMYND15",-0.882931371947094
"UBQLN1",-0.88307140044141
"HSDL2",-0.883337317761665
"MAP2K3",-0.883708373563324
"AL136456.1",-0.883927228643283
"WDR81",-0.883960060121622
"PTOV1-AS1",-0.884081399857234
"PDE6B",-0.884494292880351
"MIR17HG",-0.884863283350858
"ADCY4",-0.885004957813856
"KLF3",-0.885083301638641
"ERCC2",-0.88517950333067
"TRIM58",-0.885231341610697
"IGF1R",-0.885340607129292
"GPC5",-0.885558320004672
"LEPR",-0.885636804089133
"AC091978.1",-0.885723094696603
"ENG",-0.885747222110044
"GLA",-0.88596247357084
"RRM2B",-0.886342541225841
"CAMTA1-DT",-0.886583694705286
"RNF130",-0.886689304183031
"DMKN",-0.886836725220441
"LCN10",-0.887034843289869
"AC244213.1",-0.887198339633322
"AC006230.1",-0.887226095857047
"KLF9",-0.887997097356206
"TSHZ3",-0.889110285184989
"OSER1",-0.889386090047472
"RPL23",-0.889636350457206
"UBXN8",-0.889732019159487
"AC240274.1",-0.889901076135422
"FUT10",-0.890022866957047
"APRT",-0.890070325856856
"CLN8",-0.89051103504322
"SUCLG2",-0.890651603791319
"AMPD2",-0.890750181841788
"ADAMTS1",-0.891272847942438
"TMEM88",-0.891847852457207
"AC104695.3",-0.892898763856744
"NDUFS8",-0.893160402258895
"PHB",-0.893203769768533
"CYBRD1",-0.893401167968647
"LRP2BP",-0.893907515220773
"TUBB",-0.894226931493191
"LINGO3",-0.894238055071949
"RAB13",-0.894400918765784
"HIST1H2BJ",-0.897122182817767
"LY6E",-0.897344069740855
"GNA13",-0.897367738287589
"RNF138",-0.897472408574784
"SRBD1",-0.897655396689431
"OSBPL11",-0.897690470787576
"CILP2",-0.897972391392889
"SLC12A5",-0.898229983800709
"PLXNA2",-0.898302859406529
"NBPF9",-0.898400468526549
"C9orf43",-0.899151514260332
"STMN1",-0.899222817904228
"ST8SIA6",-0.899654688013379
"SPINT1",-0.899657046596435
"SRP14-AS1",-0.899776536429859
"TAF12",-0.900339474819405
"DENND5B",-0.90047874770158
"JCAD",-0.900651502705042
"AC009506.1",-0.900665279106997
"LYRM1",-0.900802113484599
"POLR3GL",-0.901000653183899
"C16orf74",-0.901044973393849
"H2AFZ",-0.901384286258863
"AC093510.1",-0.90191373467397
"CCR6",-0.902246362856483
"TNS1",-0.902350536136295
"EPG5",-0.902383150038213
"NUBPL",-0.902575751631358
"DLG5",-0.903442584832264
"SELENON",-0.903591205986206
"DPAGT1",-0.903604297213017
"F2RL1",-0.904091973451112
"CHADL",-0.904134817353683
"OXSM",-0.904549578288126
"HLA-DQA1",-0.904858794717945
"RNASEH2B-AS1",-0.905030609901139
"MAMSTR",-0.905138504079098
"ZFP69",-0.905814175649115
"INKA2",-0.906083006325752
"HSPB11",-0.906273558385619
"KLHL6",-0.906483756399032
"TUBB6",-0.906613021239625
"PLEK",-0.906626064540256
"LINC01410",-0.906636296796051
"AL662797.1",-0.907171740910293
"CCR1",-0.907346588506503
"FOXP3",-0.907445160713456
"ZFY",-0.90781222561775
"AC109322.1",-0.907934275702668
"PRMT9",-0.907941735565006
"CLDN23",-0.908142386272552
"AC245407.2",-0.908377786720585
"FILIP1L",-0.908462854633124
"NUDT9",-0.908546356377484
"NAGLU",-0.908644264963604
"TAFA2",-0.909280190578355
"VARS",-0.909386787215864
"ANK1",-0.90958382151667
"MTRNR2L8",-0.909988156162145
"BMP2K",-0.910896511217753
"TRAPPC9",-0.911062438793743
"TUBA1C",-0.911141781757871
"COX15",-0.911360555882747
"CLDN1",-0.911724829241749
"BPHL",-0.911923570666979
"RPL10A",-0.912154178651628
"ERV3-1",-0.912575712501211
"UBE2D3-AS1",-0.912908121616858
"ZNF546",-0.913339731344839
"KAT2A",-0.913816392350696
"KLHL8",-0.914059598232164
"AL109615.2",-0.914288738249252
"PDE8A",-0.914922551693765
"ARHGEF6",-0.915439144280378
"GPR31",-0.915611335576105
"AL353719.1",-0.915632738921859
"WDFY3-AS2",-0.915646566720344
"EIF3G",-0.91592863584867
"APBA1",-0.916337367334835
"MYRF",-0.916577333962286
"MPP1",-0.917228257141588
"PROC",-0.919216330324432
"MRPL11",-0.920489327963364
"AC116366.1",-0.920958928672001
"DNAH8",-0.92139271651188
"PLEKHH3",-0.922064234776072
"AC011603.2",-0.922230439009536
"HGF",-0.922959809656511
"RANBP17",-0.923524398616958
"ABCC3",-0.924012321791769
"CASP4",-0.924087415723451
"GAS2L1",-0.924396037218503
"HECA",-0.924451748660897
"CACYBP",-0.924909712751279
"TMEM217",-0.925118639769361
"C11orf1",-0.925208319796954
"CZIB",-0.926113056267758
"C16orf72",-0.926242566337115
"SERPINF1",-0.926291128767509
"SESN3",-0.926544805653197
"IL17RC",-0.926552704654736
"NR1D1",-0.928400095559283
"IFNGR1",-0.928421787018635
"AL392046.1",-0.928425663155556
"IGKV2D-40",-0.928805106379291
"AIMP2",-0.929328571278491
"WNT11",-0.929464817005725
"RAB7B",-0.929614645118119
"AC009509.1",-0.929884053213883
"RIN1",-0.93027356044106
"AC009961.4",-0.930642833757708
"AL391069.2",-0.931355797428195
"AC104695.4",-0.932748417142823
"AC147067.1",-0.932765854165675
"PER1",-0.933582383944584
"HDX",-0.934031776786372
"KCNAB2",-0.934175969586067
"SPRY1",-0.934243008069878
"TRIB2",-0.934512141860842
"AC026471.1",-0.934547969544907
"SORL1",-0.934808531469504
"CD81",-0.934950034577778
"BAG3",-0.935238056707215
"TBC1D2",-0.935396036684617
"RPL11",-0.935767318961566
"SNAP29",-0.935848490187554
"SH3PXD2B",-0.936104409795971
"FAM20B",-0.936469086253502
"SRGAP2B",-0.936799594041488
"LINC01572",-0.9369581660765
"AC073046.1",-0.937085609072992
"PLSCR1",-0.937596403493698
"MCTS1",-0.937685200514427
"TPPP3",-0.937759075460472
"TMEM169",-0.937953684651829
"C1orf56",-0.938169844395163
"AC024575.1",-0.93925895741829
"OCRL",-0.939343563772805
"AP002982.2",-0.93947697511043
"LINC00672",-0.939829858544299
"C9orf139",-0.940050057600975
"TET2",-0.940189101014519
"KHDRBS2",-0.94060859464136
"PLD1",-0.941178004239098
"ACSM3",-0.942521377997613
"NDUFS7",-0.942559419421334
"HSCB",-0.942602214372685
"LINC01781",-0.942650386276717
"AGER",-0.942844222607037
"ZSWIM6",-0.94314943465355
"EPHX2",-0.943294565655309
"AC092053.3",-0.943305388345418
"PMEL",-0.943366727638998
"MKNK1",-0.944005170128195
"ATP5PO",-0.944055729442765
"LSM2",-0.944162176376644
"AC096734.2",-0.944448737902721
"AC027031.2",-0.944535913100143
"NPIPB2",-0.944565941801853
"AC011346.1",-0.945357999018052
"PRKAR2A-AS1",-0.945403816090948
"MMP19",-0.945809592965136
"SLC17A9",-0.946171816159772
"AF129075.2",-0.946460298948105
"SCRIB",-0.946481393654114
"AL592429.2",-0.946985838161906
"AC093677.2",-0.947074050731318
"DBNL",-0.947161950226016
"TMEM230",-0.947786223069009
"PTGDR2",-0.947794797190438
"KLF11",-0.948411586577658
"AC005041.4",-0.948538241296716
"BATF3",-0.948567773649294
"RNF43",-0.948802268015097
"PPCDC",-0.948976936379868
"SNCA",-0.949393065324821
"SBDS",-0.94939499447533
"PPT2",-0.949670028204051
"U62317.1",-0.949926916314306
"AL031775.1",-0.950306694118382
"MMGT1",-0.950832532918439
"C19orf54",-0.950901823857684
"LBX2-AS1",-0.951274734982172
"BABAM1",-0.951422107533443
"FOXN3-AS1",-0.951517507785914
"RPL4",-0.951702198877619
"FBXL22",-0.951767137601842
"DTYMK",-0.95183760562669
"PRKAR2A",-0.952116460000557
"IPMK",-0.953465790866478
"AC009495.3",-0.953613110883888
"ABCA6",-0.954757486628914
"HEATR3",-0.954835090674364
"AC234582.1",-0.95484241710669
"MBTPS2",-0.954985096480441
"AL627422.2",-0.955155312224638
"CDKN2D",-0.955261163581134
"AL359644.1",-0.955509492155568
"LINC00092",-0.956113923569092
"TSACC",-0.956196940292695
"NPM1",-0.956308872263932
"SLC25A11",-0.956538642689019
"SLC25A19",-0.956749247558142
"AHCYL1",-0.956773096225971
"AHSA1",-0.956874182136993
"AMD1",-0.95687509195492
"AP2S1",-0.95727573282722
"RAP2B",-0.957406076148835
"VSIG4",-0.957431040484023
"C4orf47",-0.957741761955335
"NOP53",-0.957924047556285
"NEIL1",-0.958084840658945
"PABPC4-AS1",-0.958674650330584
"RARG",-0.958763269413699
"CDHR1",-0.959231761195389
"PFKL",-0.959343152804606
"AASS",-0.95943572766558
"CEP83-DT",-0.960268050708108
"CAPN5",-0.960360226256907
"CCDC18",-0.960555343101418
"CTSC",-0.961452247392311
"WEE2-AS1",-0.961546230716212
"AL121935.1",-0.96161597925158
"AL021707.1",-0.96218884939629
"NIBAN3",-0.962765562265702
"GNG7",-0.962977562156018
"ZNF469",-0.963010311678174
"PCAT1",-0.963163175204472
"NDUFV1",-0.96325082998725
"MKLN1-AS",-0.963269893034163
"NME1",-0.9639944249534
"RAB7A",-0.964420403077484
"STAU2",-0.965482823372719
"TRGV5P",-0.965616529900252
"AC093157.1",-0.965657053813714
"C9orf163",-0.966011339159638
"AL035587.2",-0.96604823408808
"CLMN",-0.96701179988344
"Z98885.2",-0.968581167931787
"TM7SF3",-0.968809618690163
"OAF",-0.969411628937025
"LINC00235",-0.969505387784163
"TRMT1",-0.969916752069898
"GNAI2",-0.97009100971556
"ACP2",-0.970466033741561
"SLC16A7",-0.971227169707728
"MIR3936HG",-0.971990890552566
"HLA-DRA",-0.972085413084566
"AC116535.1",-0.972291129226292
"AL139317.5",-0.97284902860022
"LRRC15",-0.973057019443102
"ZNF677",-0.973091363316011
"CEBPB",-0.973402036526681
"ARL6IP4",-0.973435687593354
"SEMA4C",-0.973761742030925
"AC009690.2",-0.973901299943411
"HDHD2",-0.974408258457921
"DHPS",-0.97442336659141
"EIF2B3",-0.974609720348893
"LDHB",-0.974646217522746
"TANC2",-0.974732667650105
"ZYG11B",-0.97500514729597
"HIST4H4",-0.975587247586052
"LMNTD2",-0.976886697107902
"PSME2",-0.976955068858363
"TBX3",-0.976987638071004
"EXD3",-0.977472772700501
"GSS",-0.977808029235432
"LINC02432",-0.978391770713359
"H1F0",-0.978541727627569
"C4orf46",-0.97951400437379
"AC092164.1",-0.979689662351995
"MAT2A",-0.980213222310173
"ICAM5",-0.98051591444004
"RPS11",-0.980538354224859
"C21orf62-AS1",-0.980687367488632
"PICK1",-0.9806885763309
"CTSF",-0.980770492284723
"KIAA1958",-0.980783038598903
"MTERF2",-0.981902719317364
"GATM",-0.981932542318026
"DUSP6",-0.98246850235555
"RHPN2",-0.982512135516053
"MRPL42",-0.982760699120391
"TUBA1A",-0.98277381557875
"NOXA1",-0.982968034081937
"ACPP",-0.983180136873652
"ANKS1A",-0.983449215924028
"GPRC5C",-0.983688900208246
"VIPR1",-0.984016219035997
"NEK10",-0.984023789820472
"GAB1",-0.984105716609697
"AP1S2",-0.984407459659742
"TTC38",-0.984507633484657
"EML6",-0.98492298501205
"KIAA0319",-0.985270819637696
"CTNND1",-0.985524669015949
"THEM6",-0.98593180914934
"CXCL16",-0.98596314954876
"UBE2D3",-0.98606025378831
"AL603832.2",-0.987023504441891
"ZBTB2",-0.987714203164791
"AC090517.5",-0.987902134952696
"SDHC",-0.987908377051317
"PPM1N",-0.989099776295027
"PIGF",-0.989764377259519
"P2RY14",-0.989880521802589
"DOCK5",-0.989920757525138
"PLCB3",-0.989953506810993
"MEPCE",-0.990276234683861
"MCC",-0.990411740960733
"PFKFB3",-0.99041940732114
"AC008764.8",-0.991225141240355
"LRRC49",-0.991583062938928
"GPR108",-0.991909085770615
"CD4",-0.992016365029691
"SNAPC1",-0.992141711471529
"NFIC",-0.992242588665572
"MID1IP1",-0.993685537383684
"GNPTG",-0.994407479257791
"AC124068.2",-0.994768167774858
"ZCWPW1",-0.995128472493906
"LTB",-0.995271856449499
"KRT18",-0.99529831011578
"GMFG",-0.995723790933843
"SLC41A1",-0.997094593962536
"KIF9",-0.997329996031198
"TRGV5",-0.997404062015937
"ULBP2",-0.997679211599124
"AP001372.2",-0.99773475109166
"AMT",-0.998083097154106
"TRIB3",-0.998327703611016
"ITPR1-DT",-0.99841967677198
"MEF2C-AS1",-0.999085065127625
"MRPL24",-0.999199183783851
"AC004943.2",-0.999707815544254
"PON2",-0.99988783376142
"TOB1-AS1",-1.00055769635216
"ANXA6",-1.00113886794694
"BCAM",-1.00154877360957
"SLC4A3",-1.00171277753871
"EIF3M",-1.00172447741178
"EIF3D",-1.00175572409647
"CDS1",-1.00194406907507
"TMEM134",-1.00241876493824
"AHCY",-1.00260301251468
"AL731571.1",-1.0029209240906
"RPE",-1.00327695222499
"UTP11",-1.0040297209423
"SERTAD1",-1.00477989661206
"CRY1",-1.00491306872224
"AC067930.8",-1.00500867896765
"ERGIC1",-1.00507769846321
"AC023509.3",-1.00522473166236
"CKS2",-1.00539471205274
"TANGO2",-1.00572131245238
"ITGB5",-1.00640901092351
"RASL11A",-1.00697988214034
"COL19A1",-1.00752098402704
"VPS9D1",-1.00772705157053
"ECH1",-1.00780882311273
"ZNF711",-1.00794511233086
"RHOT1",-1.00811501075158
"PFKFB2",-1.00844144345915
"OSR2",-1.00848241593955
"RAB43",-1.00853157188133
"CTIF",-1.00887975127144
"PEX5",-1.00897358278354
"AC117528.1",-1.00994795718498
"AC021054.1",-1.01031399400022
"RPS4Y1",-1.01056650436936
"ST6GALNAC3",-1.01106797463951
"GPR75",-1.011672590451
"RCC2",-1.0118574531863
"CFD",-1.01194043231198
"DNAJB9",-1.01194749495251
"WDR66",-1.01236880172641
"MATN1",-1.01241232371171
"RSU1",-1.01276861264405
"PNPLA3",-1.01279611962636
"BANP",-1.01339009411214
"MCRIP1",-1.01366473585584
"AL596325.1",-1.01434392965891
"FERMT3",-1.01467271727509
"NFKBIA",-1.01504742236768
"FOXP1-IT1",-1.01550528197726
"FGL2",-1.016744094945
"AC090617.3",-1.01714376285761
"UBE2B",-1.01726368361531
"ATIC",-1.01732740465639
"MRPL23",-1.01739315475741
"C1QA",-1.01750678002525
"AC004921.1",-1.01752693310496
"UBC",-1.01799713198827
"AL354710.2",-1.01822542423451
"AXL",-1.01873261819639
"CBR4",-1.01877333965565
"MRPL3",-1.01911344269489
"FOXO4",-1.01912217833032
"BHLHB9",-1.01934491516872
"TNFRSF10B",-1.02001750279125
"RIN3",-1.02001824505636
"ITPK1",-1.02007966057958
"NAB2",-1.02027752503795
"AC093425.1",-1.02037719174846
"CEP41",-1.02059754807526
"AP000873.4",-1.02090626860574
"ZNF524",-1.02163549510293
"PAN2",-1.02224944508033
"LIMCH1",-1.02273796011356
"KBTBD8",-1.02319628896766
"FZD5",-1.02348578035302
"ZNF878",-1.02350779694367
"AC027290.1",-1.02368680364997
"AC245297.3",-1.02425879327035
"AL121658.1",-1.02466692069791
"ARG2",-1.02550782256719
"DPH6-DT",-1.02557940822792
"ATG9B",-1.02572228785602
"TOB1",-1.02599457495596
"ADAMTSL4-AS1",-1.02696883555256
"HSBP1L1",-1.02733671565394
"AC009812.3",-1.02741196454943
"TOMM20",-1.02784075134032
"YME1L1",-1.0280039793379
"ADPGK-AS1",-1.0280678307597
"GNG10",-1.02947013502217
"ARHGEF39",-1.03083633052
"FMN1",-1.03105947152765
"ERP29",-1.03224872156723
"PABPC4",-1.0325206038341
"AL022069.3",-1.03300628935355
"SPIDR",-1.03353443259461
"LINC02731",-1.03381709799063
"TRPM4",-1.03415582954757
"STK16",-1.03474770867305
"ZNF563",-1.03486634268629
"AL136301.1",-1.03509914633605
"AC007038.1",-1.03514530932752
"CTSZ",-1.03519692924627
"CTSG",-1.03523883862228
"TMED6",-1.03527186925439
"AC139099.2",-1.03606080657244
"FCRL1",-1.03626426100367
"ZNF296",-1.03754004060953
"ME1",-1.03767371228289
"PIP4K2A",-1.03820728419576
"AL137060.3",-1.03825053052974
"PIM3",-1.03901542773498
"CHMP5",-1.039817597546
"PLA2G4C",-1.03982110549817
"AC114947.2",-1.03987876699331
"PRG2",-1.03993614077791
"HECW2-AS1",-1.04055068662711
"GHRL",-1.04090765544913
"BCL2L14",-1.04102926345373
"AC004797.1",-1.04174671055456
"ADAM15",-1.04215646053784
"UBTD1",-1.04255815116182
"NDUFS4",-1.04355737907105
"FAM234A",-1.04394137200591
"GSTO2",-1.04444059398132
"APC2",-1.04510890756051
"U91328.1",-1.04515339472359
"GPR160",-1.04685746449846
"CYP27A1",-1.04707476359213
"BLOC1S1",-1.047565366656
"PHLDB2",-1.04766321174309
"CEP126",-1.04811174767068
"TLR2",-1.04883320592639
"CYP2S1",-1.04885757039923
"MST1",-1.04958185667772
"CYP2U1",-1.04961969894898
"DSEL",-1.04973149953109
"IGBP1",-1.05003359859007
"AC012640.2",-1.05096595769262
"PTPDC1",-1.0510779415783
"TBC1D5",-1.05121897829805
"ZNF737",-1.05178453854269
"TADA3",-1.05205734582612
"LINC02207",-1.05301215641997
"HLA-DQB1",-1.05356804739933
"RNASE1",-1.05357246413699
"LPL",-1.05395933928574
"TAPBPL",-1.0541487545549
"AC093525.4",-1.05415427052073
"TSHZ1",-1.05461894144281
"AC234917.3",-1.05482774162296
"FLOT2",-1.0550213241411
"KRT23",-1.0550726350191
"IL23A",-1.05532022305427
"PKIB",-1.05562114695519
"TKTL1",-1.05565026522378
"AL356512.1",-1.05632466019821
"AC027279.1",-1.05650752391996
"RNF139-AS1",-1.05701356176587
"EHBP1",-1.05753937170689
"AP001636.3",-1.0580152339675
"ZNF263",-1.05859676878581
"DNHD1",-1.05917626683347
"MIOS",-1.05930332807293
"EIF2D",-1.05967795927824
"AC083880.1",-1.0598096094816
"MINDY1",-1.06069710280847
"GSTK1",-1.06146904409947
"FMO4",-1.06187759470247
"MAPK6-DT",-1.06222193519426
"AC069431.1",-1.06235150666437
"PTGES2",-1.06380668910821
"SLC48A1",-1.06396237260908
"CHMP3",-1.06455939908966
"VWA5A",-1.06509563765433
"AL035681.1",-1.06598828277421
"ACVRL1",-1.06681288477966
"PLVAP",-1.06741118974239
"PHC2",-1.06789515246411
"SPIB",-1.06830857446205
"OLA1",-1.06873677588728
"ANKRD22",-1.06886332424273
"RAPH1",-1.06913707373365
"MEFV",-1.0693998555663
"AC092944.1",-1.0696442686928
"AC092287.1",-1.06986177595045
"SNX16",-1.07023863314956
"EPM2AIP1",-1.07043604112166
"SIRT6",-1.07111351113353
"SLC38A6",-1.07187619102228
"CDC42EP1",-1.07206230010167
"EGLN3",-1.07215470810048
"IDO2",-1.07242254263423
"ZNF277",-1.07283167330334
"HTR7",-1.07300154323959
"CCN3",-1.07340383110499
"SCCPDH",-1.07358371842002
"VASP",-1.07380304646399
"LPCAT1",-1.07387442208393
"PRSS22",-1.07405039773335
"TBC1D7",-1.07417683145839
"AC145207.5",-1.07425242803521
"SERPIND1",-1.07429112876449
"AL354920.1",-1.07432188803648
"ROBO3",-1.07433724475953
"IFI6",-1.07448810040821
"GHET1",-1.07450616907616
"ENO3",-1.07456160444313
"WDFY3",-1.07486567444512
"AL360178.1",-1.0750065479485
"TRIM22",-1.07506575666234
"AL135905.2",-1.0759465065977
"ACSF2",-1.07681534602167
"STX16",-1.07686675475466
"AC099489.1",-1.07712443254003
"APOC1",-1.07712753076887
"MAN1B1",-1.07789126411607
"NKRF",-1.07792859911226
"PHC1",-1.07805845259278
"AC093673.1",-1.07865932761202
"MMP25-AS1",-1.07870253453133
"SLC39A11",-1.07900513807813
"JADE3",-1.07935589251288
"UGDH-AS1",-1.08016496439828
"PCCA",-1.08018936350296
"PRR29-AS1",-1.0806917412503
"C5AR2",-1.08110246179972
"RB1",-1.0818710646123
"SLC38A2",-1.08210220414905
"SH3YL1",-1.08213135988042
"NCF4",-1.08214106361471
"TRIM34",-1.08220652676906
"ABHD14B",-1.08241800401334
"AC092650.1",-1.08284982453902
"ZNF516",-1.08327343573473
"DNASE2B",-1.08327766321722
"FLI1",-1.08343000777767
"AC245060.5",-1.08400600730805
"GABARAP",-1.08414434735783
"YIF1A",-1.08450166408053
"MYO1E",-1.08453596331983
"TSPAN18",-1.08460725425384
"GCC2-AS1",-1.08569095476912
"EXOC6B",-1.08575472474532
"PLCB2",-1.08577409323929
"ZNF337-AS1",-1.08579616185588
"AC254633.1",-1.0858630586816
"MALINC1",-1.08593756673893
"DPH6",-1.08596039331034
"ERI3",-1.0863890225312
"RB1-DT",-1.0864493145089
"TLR4",-1.08652895796722
"GK5",-1.08657252088673
"ACTG2",-1.08670568018365
"AC011445.2",-1.08687976488323
"LILRB2",-1.08702729153239
"RNF227",-1.08747565333815
"IDI1",-1.08751076100996
"OAZ2",-1.08756362426922
"AATBC",-1.08761763461578
"SWAP70",-1.0877404184572
"TNFRSF14-AS1",-1.08865899091061
"AC005076.1",-1.08868109835447
"AL359762.1",-1.08920831365568
"ANKRD42",-1.08923869837068
"MLLT11",-1.08929099705515
"CCDC28B",-1.08946388812826
"MYD88",-1.08981585312417
"RSPH4A",-1.08982666812974
"FZD8",-1.08988749963513
"ZFYVE9",-1.0901531123265
"AC083855.2",-1.09028027194451
"NID1",-1.09114200561246
"FCN1",-1.09122667149749
"ZNF503-AS2",-1.09224443124193
"HADHB",-1.09296815811734
"KCNMA1",-1.09303943137496
"HMBS",-1.09403437224235
"DUT",-1.09478871324198
"IL4",-1.0949069548484
"WNT1",-1.09544234123008
"AC079807.1",-1.09561072191629
"LIMS1",-1.09571950855046
"AC007611.1",-1.09662966028714
"CAPN3",-1.09678900619982
"AC098487.1",-1.09711310262103
"CDK5",-1.09717581429719
"MFAP3L",-1.09749823229449
"SH3BP4",-1.09761539278137
"ATG16L2",-1.0983462062335
"AC022506.2",-1.09864646295656
"PURB",-1.09946208362983
"AC023157.3",-1.0996168706616
"ARMCX5-GPRASP2",-1.09992452667458
"FCER1G",-1.10000586255428
"NUAK2",-1.10033895012775
"P2RX5",-1.10060782982535
"SPINT1-AS1",-1.10066990770796
"NAALAD2",-1.10133015647536
"JOSD1",-1.10186130516014
"LYPD2",-1.10205301414871
"SNX2",-1.10259536641161
"DICER1-AS1",-1.10265799195488
"AC079922.2",-1.1028861373786
"SPRY4",-1.10359313855117
"CLCN6",-1.10366418626692
"TEX10",-1.10457259285475
"TLR10",-1.10466381997777
"B3GAT1",-1.10466977015348
"SLC27A3",-1.10494483767951
"KLHL15",-1.10529815383953
"AC007881.3",-1.10589931731263
"SLCO4C1",-1.1067584671881
"AC004540.1",-1.10709004821221
"CCNG2",-1.107151501022
"ATP6AP1",-1.10727954690568
"THAP9",-1.10779399012337
"AC092068.3",-1.10789044902684
"CDC42-AS1",-1.10797319546826
"COX7A2L",-1.10844102465487
"INAFM2",-1.10929962092243
"ETFB",-1.10993002264278
"FTL",-1.11019239350958
"AC079305.3",-1.110387220325
"AC104109.2",-1.11049122984372
"FAM156A",-1.11076200681794
"ALG14",-1.11099082792568
"LINC02580",-1.1116774988729
"PPM1M",-1.11182828697853
"AL450352.1",-1.11238131153396
"PARD6G-AS1",-1.11257316119015
"TMEM164",-1.11307251498781
"SIPA1L3",-1.11343725771407
"AC092053.2",-1.1134467216527
"AC074044.1",-1.11392733762902
"IGFBP2",-1.11427589128458
"AL078644.2",-1.11447427165702
"CTBP1-DT",-1.11459893580338
"DHODH",-1.11478612056453
"AC005920.1",-1.11532457333665
"BTBD9",-1.11556547400022
"ZBTB12",-1.11624986053257
"YTHDF3",-1.11637921525768
"EIF4A3",-1.11697514205775
"TPD52L2",-1.11704017569059
"GAS6",-1.11723416450362
"CRISPLD2",-1.11761109594674
"PCCB",-1.11802427855823
"CCNH",-1.1181696652879
"PAK6",-1.11831556976004
"FGGY",-1.11885440057079
"PTGES3",-1.11890794065464
"AC012447.1",-1.11915805325098
"C4orf33",-1.11931779134316
"ZNF365",-1.11972802187457
"GALNT12",-1.12007867487605
"PKN1",-1.12022994506533
"COMMD10",-1.12060047719728
"LINC01465",-1.121114152458
"CH25H",-1.12188336200412
"EAF2",-1.12189330181706
"MMP2-AS1",-1.12252389654912
"ADORA2B",-1.12263322824604
"AL360270.1",-1.1235259938558
"HOMER3-AS1",-1.12360509229353
"C15orf39",-1.12366629860462
"ZNF124",-1.12481177448788
"GALE",-1.12497381972545
"CHRNA7",-1.12513054751812
"GCC1",-1.12625834360258
"NBEAL1",-1.12654536381647
"HIST3H2A",-1.12676534784974
"SIRPB1",-1.1270885579876
"KCNQ1",-1.1272169785968
"KLF7",-1.12730664321847
"DMAC1",-1.12754815640193
"TAT-AS1",-1.12760380778689
"PEG10",-1.12794548131557
"HPGDS",-1.12805564530966
"TST",-1.12836441912621
"ATPSCKMT",-1.1285057257129
"PEMT",-1.1285299356612
"NFATC1",-1.12938292696502
"GDI2",-1.12939403784162
"UBXN11",-1.12961481534554
"BX284668.6",-1.12974276880825
"POMZP3",-1.12979452874446
"TAS2R14",-1.13026663465517
"AC004854.2",-1.13050703163538
"NXT2",-1.13175230493454
"MRPL18",-1.13203282978869
"LAMTOR2",-1.13281104192656
"ABHD8",-1.13338153698574
"ANP32B",-1.13389108339815
"SLC15A2",-1.13394457016939
"BIN2",-1.13418510433982
"SIK1",-1.13433339168246
"AKR1B1",-1.13439855363091
"SLC44A2",-1.13547709862758
"RYBP",-1.13605573570886
"IFIT1",-1.13614902460653
"AC092338.2",-1.13618274000097
"ATAD3C",-1.13647858537505
"ERMARD",-1.13735870528476
"GFOD1",-1.13747522126901
"FUT7",-1.13917880925298
"CBX4",-1.13933155909066
"SEMA4A",-1.14071981228224
"CRABP2",-1.14080724636646
"KIAA1328",-1.140930964316
"CCSAP",-1.14188342746925
"PLK3",-1.14189313482207
"MEF2C",-1.14318651232041
"STARD7-AS1",-1.14348625376321
"TNF",-1.14418270331386
"AC243772.2",-1.14419353462749
"RAB34",-1.14430017532058
"MS4A14",-1.14464206911424
"BHLHE41",-1.14481311814266
"PALD1",-1.14518239630495
"AC009318.1",-1.14526842197424
"HCG18",-1.14559515443412
"NYAP1",-1.14621224272942
"ARPC3",-1.14667634901098
"AZGP1",-1.14732197985098
"APBA2",-1.14759653672829
"PAIP2B",-1.14808313811535
"TMCO1-AS1",-1.1491568729688
"SH3TC1",-1.14952438750939
"DCHS1",-1.15035582654235
"FTCDNL1",-1.1506706299704
"AL034417.4",-1.15081803332242
"TIGD3",-1.15168484481613
"VPS35L",-1.15169244123483
"DMC1",-1.15208182769664
"CPED1",-1.15213283111204
"RTN1",-1.1524949749592
"PRR3",-1.15295500423216
"RASSF5",-1.153148023293
"PGAP2",-1.15355283000797
"PDZD11",-1.15534437043944
"ADCK1",-1.15535800788632
"ABCD1",-1.15553309733926
"MT3",-1.1555485450039
"IFITM2",-1.1555685522108
"MZF1-AS1",-1.15593726512279
"FBXL14",-1.1563353570032
"AC092384.1",-1.15650333133263
"PPM1K-DT",-1.15664091257319
"AL512791.2",-1.15684186914467
"CLEC10A",-1.15694642484649
"MSX1",-1.15696152445885
"DACT3-AS1",-1.15715077494606
"KCTD11",-1.15759608526328
"KCNJ2",-1.15767226852271
"IGHGP",-1.15797598265565
"AP003721.4",-1.15854855517946
"SRGAP1",-1.15860554659706
"AC007262.2",-1.15865827678571
"USP40",-1.15907824031475
"CTBP2",-1.15947392949863
"HEXIM1",-1.15973105735789
"ACTN1",-1.16024753947618
"PAPSS2",-1.16073283347864
"STIP1",-1.1615426797162
"SH3BP1",-1.16161927991161
"GOLGA8N",-1.16172932797338
"SNX32",-1.16203974301119
"HEXB",-1.16216066413953
"AC009812.4",-1.16219983990214
"ZNF165",-1.16239114465756
"NEURL2",-1.16340829407451
"SND1",-1.16364879877606
"VWDE",-1.16436175529713
"DUSP3",-1.16443708993244
"JUP",-1.16494094057239
"CXorf21",-1.165883182595
"CRIP3",-1.16621224853864
"ZMAT4",-1.16623519024172
"PPARGC1B",-1.16755167054207
"ISG20L2",-1.16812795911112
"RNF13",-1.16837033575016
"RERE",-1.168848180583
"TBC1D1",-1.16988159546177
"OSCAR",-1.16999040230401
"BCL6",-1.17022144918209
"PACS2",-1.17031139908583
"AC008035.1",-1.17071201150686
"PLEKHB1",-1.17095956378382
"HEY2",-1.17159001110796
"AC093512.2",-1.17174837851927
"EPB41L4A",-1.17191679411381
"AC010173.1",-1.17216508223954
"SKIL",-1.17244060840791
"MPG",-1.17305688060583
"SAXO2",-1.17329092397422
"LAMTOR1",-1.17342070277968
"ARHGAP32",-1.17343351095066
"FLCN",-1.17355163561185
"SPOPL",-1.17414981072413
"KRTAP5-AS1",-1.17434823333062
"RAB31",-1.17469215896108
"AL031283.1",-1.17519636891054
"ENGASE",-1.17536375252475
"FAM43A",-1.17543670075915
"VAT1",-1.17554470257397
"RAD51B",-1.17631703258164
"ACER3",-1.17716244605606
"IFT27",-1.17748858464817
"ADAM23",-1.17750559968286
"ALDH7A1",-1.17824670563751
"LRIF1",-1.17893699977689
"ATP6V1C1",-1.18130641960123
"ZNF736",-1.18144753504231
"IMMP2L",-1.18176925846327
"TGM2",-1.18233250975387
"TTC7B",-1.18257730912165
"AC026801.2",-1.18292593013039
"ZNF718",-1.18423832412645
"HES1",-1.18474749671561
"AOAH",-1.18548705087371
"SLC2A9",-1.18577418540955
"RCBTB2",-1.18578566284498
"SLC2A3",-1.18632699212012
"RAB32",-1.18650722328495
"DHH",-1.1871961261673
"S1PR5",-1.18719807866314
"ACER2",-1.18728621875833
"ZNF674",-1.18734974468007
"SAV1",-1.188909651604
"NSUN7",-1.1894405083856
"RPP25",-1.18951239591196
"PCCA-DT",-1.19054842207284
"PDGFD",-1.19164402192015
"ACP5",-1.192125887855
"ELAVL3",-1.19217849814682
"MSR1",-1.19231952513457
"SMAD7",-1.19233508549559
"MED30",-1.19343189959991
"NEGR1",-1.19351602574451
"AL353743.2",-1.19404915286931
"BEX3",-1.19444095788819
"CERS4",-1.19464568110276
"AP000769.6",-1.19479524096157
"SNX5",-1.19496864288727
"DET1",-1.1950660609044
"MORF4L2",-1.19509393219707
"ENTPD5",-1.19540061223981
"MS4A4E",-1.19618404530263
"MEGF8",-1.19629609201341
"ARIH2OS",-1.19698028333852
"ATP1B3-AS1",-1.19778753758747
"LINC01023",-1.19823971247901
"AC244090.1",-1.19824431702329
"AL031985.4",-1.19850071434141
"GPR137C",-1.19862049888583
"PILRA",-1.19879314049397
"RRNAD1",-1.19927823981562
"CDC42EP4",-1.19991324553502
"NDUFA7",-1.20026282350076
"IRAK3",-1.20074689247293
"NR4A1",-1.20108959508207
"TUFT1",-1.20157207554376
"LZTS2",-1.20184812193484
"AL135744.1",-1.20202706171711
"MS4A6E",-1.20209862100675
"DDX11",-1.20275299073977
"ACY1",-1.20301484525294
"MXD1",-1.20370465910296
"MATK",-1.20428790285858
"AL356488.3",-1.20465859396777
"HAL",-1.20580612289
"PNPLA6",-1.20596334456711
"HAS1",-1.20605591153558
"FAM117B",-1.20701939931528
"THAP7-AS1",-1.20708785380508
"F13A1",-1.20776408535272
"RSL1D1",-1.20820037393965
"NRM",-1.20825541254801
"AL450992.2",-1.20825937152343
"PC",-1.20828500117572
"TCP1",-1.20839838780996
"AC053527.2",-1.20872506820924
"TNFAIP8L1",-1.20908393988572
"CD74",-1.20923661588845
"VEGFB",-1.20924505769227
"G6PC3",-1.21070995929883
"TMEM141",-1.21130210872145
"AP000446.1",-1.21195278599522
"U62317.4",-1.21260612231847
"HSD17B7",-1.21261624949733
"B4GALT6",-1.21297806502532
"NR4A3",-1.21318831901958
"KBTBD2",-1.21324170680619
"CACNA1G",-1.21415063755776
"TMEM14C",-1.21560191781815
"NDRG3",-1.2171706686709
"PTGER2",-1.21724401691188
"AZU1",-1.21813570912297
"C6orf99",-1.21815526855516
"AC105429.1",-1.21828881902367
"CCT5",-1.2183636900505
"AC009779.2",-1.219180364754
"CYSLTR1",-1.219804264561
"BTBD19",-1.220147001515
"AC026191.1",-1.22053044255468
"CT70",-1.22058827752588
"ATF6",-1.22134050801239
"AC114763.1",-1.22154802112899
"SLC47A1",-1.22188046876821
"ARAP1",-1.22209266048783
"AL451085.1",-1.22232796337833
"STAT6",-1.22245928794304
"RIOX2",-1.22276845037009
"HIST2H3D",-1.22291580128464
"TERC",-1.22343704611207
"CCL19",-1.22444118157776
"CASC1",-1.22461994989051
"HACD2",-1.22512136828139
"USP53",-1.22548119717265
"LIPN",-1.22607082339489
"CACFD1",-1.22633559169878
"LINC02029",-1.2267785290841
"UCP2",-1.22723852889216
"GATB",-1.22741921355723
"MICU1",-1.22743335370068
"HMGN3",-1.22799106471583
"AC062029.1",-1.22884156532273
"LINC02352",-1.22961433690596
"AC046134.2",-1.23008193761864
"AC113410.4",-1.2308920674376
"GNPDA1",-1.23100084035184
"GPR82",-1.23322574056236
"AL139234.1",-1.23332043218024
"TXNDC16",-1.23342204564446
"LINC01010",-1.2337462614862
"FAM151B",-1.2337962812768
"MGAT5",-1.23393800928955
"AC008957.1",-1.23457376689628
"SH3RF1",-1.2346768891393
"SPDYA",-1.23484381915405
"PPP1R15B",-1.23487378738059
"FKBP5",-1.23502083464716
"PRSS3",-1.23507599358187
"CCNG1",-1.23519545318223
"PRKN",-1.23605187419414
"DNAI2",-1.23655346801975
"CERS6-AS1",-1.23708680088699
"P4HA2",-1.23741222003073
"AC139100.2",-1.2374449190889
"AC090587.1",-1.2377904739293
"CLIC2",-1.23872549760387
"AC027097.2",-1.23877307706355
"LYPLA1",-1.23958907382442
"ALDH1A1",-1.23986388266301
"EIF3H",-1.2406142134183
"KAT8",-1.2411622640215
"TTC28-AS1",-1.24220032207023
"NOTCH4",-1.24255766761597
"STX11",-1.24265764236507
"GPR176",-1.24272190622257
"PTGR2",-1.24446881787999
"SLC37A2",-1.24508331492269
"CCDC86",-1.24514962192658
"CAAP1",-1.24663263871516
"RELA-DT",-1.24664145884019
"CAHM",-1.24666328826366
"LINC00299",-1.2469701999193
"AC017083.2",-1.24763173081612
"AC126696.1",-1.24770540592816
"FAM72A",-1.2486696406818
"ARPC4",-1.24921717840998
"IGFBP3",-1.24959508073019
"FDXACB1",-1.25010280385138
"LEKR1",-1.25013998495538
"UTP18",-1.25196125510869
"TICAM2",-1.2531864716374
"SNX30",-1.25323857494258
"C5",-1.25341165617885
"ATP6V0E2",-1.25381957075242
"PHKB",-1.25403832881621
"PRNP",-1.25453625000519
"GDPD5",-1.25456206961427
"TMEM170B",-1.25472092549053
"LINC00173",-1.25523432767984
"FKBP4",-1.25638076342865
"OSER1-DT",-1.2564451372799
"RASA4",-1.25653713255618
"LYVE1",-1.25711250912797
"PHLDB1",-1.25866667260719
"LRRK1",-1.25985256260477
"AC015819.2",-1.26104941304353
"SYNGAP1",-1.26124630937881
"AC034102.6",-1.26147466685565
"ANKRD31",-1.26202742154774
"GRAMD2B",-1.26346394329501
"SCLT1",-1.26356944267275
"HEXA-AS1",-1.26409869605919
"KXD1",-1.26470466992449
"ETV3",-1.26474774195498
"NEB",-1.26555971651073
"SMPDL3B",-1.26578486235936
"ST3GAL5-AS1",-1.26595706446919
"FAM20C",-1.26673144212623
"HSPA8",-1.2668696077071
"SPTBN4",-1.26707692193323
"CP",-1.26720996128117
"DTWD2",-1.26752794464826
"CACNA2D4",-1.27053013631993
"SPATA20",-1.27066436382767
"AC004803.1",-1.27100552685456
"TTYH2",-1.27130262664718
"MAP3K13",-1.27182926516086
"TCEA3",-1.27229366085321
"MRAS",-1.2731213466369
"AP003469.4",-1.27340962147179
"AC087741.1",-1.27350827749062
"ATM",-1.2739250277489
"CCL24",-1.27405590004071
"ADAM10",-1.27453952616147
"GOLGA8O",-1.27491536252178
"OTOA",-1.27517938164686
"C3orf18",-1.2752033467298
"PMFBP1",-1.27559710135048
"LYZ",-1.27647924038934
"BICD2",-1.27713481810035
"SLC22A4",-1.27737385508694
"TBX6",-1.27742226206285
"MOB3B",-1.27764825862627
"CATSPERG",-1.27818109376969
"ZFAND5",-1.27838555347603
"TRDC",-1.27861885008056
"AL645608.7",-1.27882318226789
"MARVELD1",-1.28017904291214
"TNFAIP3",-1.28018671731644
"FIBP",-1.28048663870624
"AKAP7",-1.28068957563368
"CAVIN2",-1.2813854323365
"VSIG8",-1.28167503082143
"ESR1",-1.28230067114439
"MMRN1",-1.28236203360185
"HSPE1",-1.28247080109473
"TLN2",-1.28247417801578
"NAV1",-1.28325500505071
"SH3BGRL",-1.28342964325681
"STXBP2",-1.28404318847038
"H19",-1.28408924814866
"PYCARD-AS1",-1.28429213912015
"UNC45B",-1.284341549138
"SPATA1",-1.28489723229744
"AC051619.8",-1.28509291827757
"DAPK1",-1.28531985752569
"NPM2",-1.28616003697541
"RNF141",-1.28618686951654
"AL590617.2",-1.2866949993866
"CABP4",-1.28714977944839
"BANF1",-1.28825224184303
"ADAMTS17",-1.28848712851724
"AL512625.1",-1.28925968820736
"Z99716.2",-1.28932339639309
"FOXJ1",-1.29014032938312
"HAAO",-1.29120020926645
"ABHD2",-1.29218026052311
"CD302",-1.29332186817765
"PTPRM",-1.29399266425696
"EXOSC5",-1.29438037719691
"CCDC121",-1.29476034592594
"DHRS12",-1.29510801143229
"ANKRD6",-1.29555670475598
"MATR3",-1.29633282209243
"BX284668.5",-1.29654450042444
"RALGAPA2",-1.29688379848638
"DGKG",-1.29822259177001
"ZBED5-AS1",-1.29837713511899
"ANKRD37",-1.29850807776443
"SLC39A10",-1.29871027865584
"SPATA5L1",-1.29898086924709
"TRDV3",-1.29919580002747
"AKR7A2",-1.29929305801032
"TAGAP",-1.29948291845398
"PPP1R18",-1.29966790057489
"YWHAG",-1.29999344675653
"LINC02506",-1.30003974022336
"P2RX7",-1.30026869328511
"MTFR1L",-1.30106862174763
"RHOB",-1.30116739581154
"TAF4B",-1.30154117366808
"AC136475.1",-1.30213986908259
"RNASET2",-1.30242542968256
"PPP1R3G",-1.30250912308247
"AL162311.3",-1.30267087046904
"TK2",-1.30284976675637
"PAFAH2",-1.30285267817169
"RPS9",-1.30305971372881
"STX4",-1.30315985039995
"PLEKHA4",-1.3034054924962
"EEF1G",-1.30424349341575
"PFN1",-1.3048106598493
"ERLIN2",-1.30513189137382
"RAP1GAP2",-1.3061221801031
"USP6NL",-1.30656006306879
"HIST2H2BE",-1.30690650043744
"SLC39A1",-1.30712291247998
"TMEM255B",-1.30734019655707
"SORT1",-1.30739323358807
"WASF1",-1.30874083488048
"TLE1",-1.3093800799371
"AC068473.5",-1.30955458077945
"KCNMB4",-1.30957103551919
"ICAM2",-1.31022645276781
"KCTD15",-1.31035880064222
"METAP1D",-1.31077017022916
"LRRC6",-1.31088824722611
"HEMK1",-1.3113550120692
"AC079313.2",-1.31145247205393
"CPNE2",-1.31156764806528
"C9orf147",-1.31192559158634
"EIF1B-AS1",-1.31257636260161
"TRIM44",-1.31284861626618
"LMO7-AS1",-1.31332467626776
"PI16",-1.31342424445139
"SLC37A4",-1.3135328915697
"PRMT5-AS1",-1.31428536576442
"HAX1",-1.31452381588817
"IER5",-1.31467392745722
"SLC22A15",-1.31517214817887
"THRA",-1.31559777076832
"ALPK1",-1.31565379175775
"IQSEC2",-1.31597490066369
"PFKFB4",-1.31604256893934
"NFE2L2",-1.31651459385624
"FP236383.4",-1.31683996740384
"THAP9-AS1",-1.31793887274421
"PCSK6",-1.31815730961467
"RNASEH2A",-1.31863785347527
"RNF144A",-1.31900447180429
"AP001057.1",-1.3192496805479
"AL590822.3",-1.31968930326907
"RACK1",-1.31986767380341
"APAF1",-1.32106115597044
"PKNOX1",-1.32163160790011
"HLA-DMA",-1.32182704214983
"ALDH3A2",-1.32212932499808
"MAN2A2",-1.32324254165701
"OLFM2",-1.32329927532414
"OXCT2",-1.32342291081294
"CXCL9",-1.3236674958533
"AL354707.1",-1.32427878140481
"PRKACA",-1.32631853679261
"NPC2",-1.32683446977467
"SIL1",-1.32704582024301
"AC147651.4",-1.32710269145118
"DGUOK-AS1",-1.32717633938818
"CCK",-1.32722429986021
"FAHD2A",-1.32812589542815
"AC107884.1",-1.329609765558
"PARVB",-1.32966203314707
"AC022098.4",-1.32984186282313
"NOS3",-1.33004993576233
"LINC00863",-1.33080601652163
"SHISA4",-1.33112765893627
"NLRC4",-1.33150362868232
"AC024257.3",-1.3317387990944
"TCEAL8",-1.33268747204398
"ZSWIM7",-1.33269266083067
"FKBP7",-1.33503803051456
"PTGER4",-1.33588210968772
"DHRS7B",-1.33664568390628
"TKT",-1.33672855414741
"HLA-DPA1",-1.33719487766193
"STARD13",-1.33830693508348
"NR4A2",-1.3385251731332
"PCYOX1L",-1.3396194043687
"FOSL2",-1.34031982117872
"SLC35A5",-1.34082573047603
"CLEC1A",-1.34206779890699
"AC011043.1",-1.34412942421727
"TYW1B",-1.34493554708612
"AL138966.2",-1.34523790138418
"UACA",-1.34552371352403
"SCAT1",-1.34557486946696
"NOL3",-1.34627344265444
"GPRASP1",-1.34636795407177
"ERRFI1",-1.34738705001625
"ELF3-AS1",-1.3474017720675
"C22orf34",-1.34759118761812
"GPR157",-1.3483409567865
"SCIN",-1.34841614510153
"AC009542.1",-1.34856375932289
"HVCN1",-1.34863461149426
"FAM71A",-1.34867585984939
"DAB2",-1.34887158915675
"LINC02447",-1.34933538480193
"SCARB1",-1.35038645356657
"ISOC2",-1.35038943935569
"ZNF83",-1.35083273106049
"EEF2",-1.35104185199362
"SLC4A8",-1.35105154443872
"GALNT7",-1.35134084293734
"AATK",-1.35233891254971
"ATP11A",-1.35271527974498
"SULT1A1",-1.35325975043125
"IQSEC1",-1.35362722480621
"APEX1",-1.3537854739149
"PLK2",-1.35522311026612
"ARF4-AS1",-1.3566687836574
"LINC01132",-1.35670116892591
"MROH6",-1.35723344828976
"MGST2",-1.35786536099618
"PRRG2",-1.35804822559657
"CYP2E1",-1.35868364006369
"ATP5F1D",-1.35919807968052
"CTSA",-1.35943549571243
"AL390198.1",-1.35961812641416
"AC113414.1",-1.35990990506513
"AC004982.2",-1.36023216177554
"TANC1",-1.36041549547827
"MYO1F",-1.36281344449683
"GCSAM",-1.36349985924617
"ZBED3",-1.3644941052113
"TTYH3",-1.36498482591972
"HSF4",-1.36621009169792
"FAM214B",-1.36659835386891
"CLCN3",-1.36677987575922
"AGPAT1",-1.36789216697095
"ODF3B",-1.36838064103175
"RAB4B",-1.36878817115099
"ELOVL3",-1.36896329428074
"AC034102.3",-1.36904085815772
"UBE2E2",-1.36974004176192
"C14orf93",-1.36999629597324
"CNFN",-1.37061137217088
"SLC46A2",-1.37100064755256
"AC093484.2",-1.37151394929484
"SERPINI1",-1.37177222577709
"OSBPL10",-1.37206276139666
"CHEK2",-1.37264052987428
"AC035140.1",-1.37275575808067
"SLC15A3",-1.37337838993091
"DDX3X",-1.3744731574287
"SNRNP25",-1.37516493558503
"CCDC65",-1.37551179577605
"SMC5-AS1",-1.3767170316958
"TMEM91",-1.37721787971003
"STARD8",-1.37729960740118
"HADH",-1.37739956482834
"MGAT1",-1.37759129307024
"AC011899.2",-1.37781761182793
"PPP1R10",-1.37812202952146
"STOM",-1.37835428802028
"SLC4A10",-1.37861909111395
"AC244197.2",-1.37872565348816
"NUP210L",-1.38041310693514
"LINC02175",-1.38046769276309
"IDI2-AS1",-1.38090042473292
"USP3-AS1",-1.38093048214737
"CNTNAP2",-1.38185419738724
"PARM1",-1.38219552903644
"TUBA1B",-1.38362796333951
"FZD1",-1.38409336733156
"AL359513.1",-1.38411741650727
"SNX29",-1.38516607886076
"ADD3",-1.3854548684625
"FAR2",-1.38578839173838
"BEND3",-1.38592993407362
"FAM189B",-1.38597107528216
"GLB1L",-1.38603384196715
"CCDC113",-1.38603909050473
"L3MBTL4",-1.38662060047757
"AP003064.2",-1.38742762726164
"KALRN",-1.38779097226408
"PPP1R36",-1.38898428907465
"AL121944.1",-1.38928531453851
"AC087286.4",-1.38938415644028
"QKI",-1.38979644517801
"SPI1",-1.38987076392185
"AC010896.1",-1.38993659899876
"UXT-AS1",-1.39066487921889
"TXN2",-1.39307927009367
"UBAC2-AS1",-1.39366877973005
"RND1",-1.39396139551799
"MYO15B",-1.3940706087577
"SPON2",-1.39409594049888
"EGR2",-1.39465130875312
"PLGRKT",-1.39471135918006
"C17orf107",-1.39572242930359
"SEMA3B",-1.39747489420196
"IGHV3-49",-1.3977108439692
"CPVL",-1.39806326603061
"EPOP",-1.39816789888659
"SPATC1L",-1.39878146102467
"SERPING1",-1.39890673533495
"MPV17",-1.39929483879457
"TESK2",-1.40114965311938
"LTB4R",-1.40182851288278
"RPARP-AS1",-1.4018779929143
"SBF2",-1.40392981924575
"DHRS4L2",-1.4045972337363
"AC135782.3",-1.40494939470379
"GSTZ1",-1.40531967536951
"MYC",-1.40617711165449
"PPA2",-1.40653115471985
"MCTP1",-1.40779728055189
"AL139246.5",-1.40884945416908
"CRYBG3",-1.409416403705
"DDX3Y",-1.40984725530351
"CMC1",-1.40996807443828
"PPP3R1",-1.41032949252774
"BACE1",-1.41149613844341
"CD1C",-1.41152271442063
"ST13",-1.41187949692923
"ECM1",-1.41205550808082
"MTRNR2L12",-1.41231818594563
"ZNF597",-1.41234861477491
"MPV17L2",-1.41236905468247
"CAPZB",-1.41262525957903
"IQCN",-1.41281508259262
"PRDX3",-1.41344317706004
"ARL4D",-1.41439129436716
"DNTTIP2",-1.41477793577942
"IL1R2",-1.41538903320423
"RGS3",-1.41566594368359
"TCEAL5",-1.4161116628566
"FRMD4A",-1.41650577017032
"HOMER1",-1.41656435521328
"IL13RA1",-1.41774739121492
"PICALM",-1.41828449282677
"RRAD",-1.41832859646885
"AC243960.3",-1.41898628103794
"MAPKAP1",-1.41925290464469
"CENPBD1",-1.4206990770083
"FPR2",-1.42166742623692
"LEPROT",-1.42189760427322
"NCOA4",-1.4233536349286
"EMC1-AS1",-1.42451819345882
"AC103974.1",-1.42541032937583
"GRINA",-1.42612603120141
"SPR",-1.42671039468886
"AC004817.3",-1.42675775522365
"SERINC2",-1.4269178590757
"DBP",-1.42725176371668
"TBC1D8",-1.42726138248482
"IFI30",-1.4274238062906
"ATP23",-1.42848718825803
"CD37",-1.42866111364942
"ATF3",-1.42895155940625
"PIK3R3",-1.42942350169369
"NIT2",-1.42967660804076
"BCAS1",-1.43187569255134
"ATP1B1",-1.43286969765287
"H3F3B",-1.43313761470667
"EIF3F",-1.43373079546156
"RNH1",-1.43460038166504
"SLC8B1",-1.43470476259244
"LINC01679",-1.4349200476679
"KCNC3",-1.43534847531462
"TSPO",-1.43568696879703
"OSTM1",-1.43626500019795
"TIPARP",-1.43738896678898
"TEC",-1.43768158700191
"AC093525.6",-1.43787223292126
"CASP5",-1.4380568028888
"AC008014.1",-1.43819561646331
"GAPT",-1.43946363282395
"HADHA",-1.43973245226589
"RASGRF2",-1.44053447811305
"CEACAM1",-1.44054853900888
"BABAM2",-1.44055159051592
"AL031595.3",-1.44161573655211
"AK5",-1.44229108561176
"PRXL2A",-1.44281652704066
"RTN2",-1.44290454835093
"EIF3L",-1.44308428812799
"PCK1",-1.44389895695745
"CBR1",-1.44424201146392
"BTG2",-1.44563993096851
"TATDN1",-1.44573831957572
"SLC25A6",-1.44601521537955
"AL450998.2",-1.44609830791001
"RRP12",-1.44750784461346
"ELL3",-1.44891253013339
"TNFSF14",-1.44927752433864
"AP1S3",-1.45031101389108
"OPLAH",-1.45140201375343
"DNAJB5-DT",-1.45169890302875
"GUCY1A1",-1.45220329205055
"CA13",-1.4524372739865
"PELI2",-1.45252619879096
"CIART",-1.45276872583782
"CDKN1A",-1.45297770114248
"EPPK1",-1.45337594684921
"FCER2",-1.45343751718421
"AC007773.1",-1.45354959497643
"TLR7",-1.45409050143034
"HSP90AA1",-1.45429387474725
"LINC02785",-1.45494105189594
"POU2F2",-1.45579930747321
"FGF11",-1.45594528844781
"TEX264",-1.45625690966495
"SMIM14",-1.45674290686298
"MIDN",-1.45684593662426
"TBC1D8-AS1",-1.45693131308331
"AL109615.4",-1.45847457407857
"AC007384.1",-1.45955949632846
"AC067852.3",-1.45958127142795
"TLCD3A",-1.45991842134732
"PRR29",-1.46055961965327
"TLR1",-1.46065282455301
"MIR600HG",-1.46100490744517
"KANK3",-1.46156571972082
"PXN",-1.4618424118149
"HSP90AB1",-1.46388061677226
"SNX33",-1.46389850341164
"OAS1",-1.46401215961021
"SAT1",-1.46414509827985
"OSBPL1A",-1.46541047357049
"AC108488.1",-1.4662491133716
"ABHD5",-1.46676354620446
"NAA38",-1.46724900679797
"APOBEC3A",-1.46875013830851
"ZMAT1",-1.46892674540668
"AC025259.3",-1.47029349628715
"AC026369.3",-1.4705656750526
"MIR378D2HG",-1.47070690093263
"WDR27",-1.47123838521562
"SCRN1",-1.47167446068832
"CLEC17A",-1.47190883769912
"DNAJB1",-1.47204260926222
"HCLS1",-1.47205372724009
"SETD7",-1.47263177192221
"P2RY11",-1.47272006655081
"PRORP",-1.47345996270348
"PNLDC1",-1.47612966592068
"SPINK1",-1.4762398930964
"PPY",-1.47654783627529
"ACAA1",-1.47697252468378
"CASP1",-1.47711018843395
"TNFAIP8L2",-1.47842482853537
"SMIM30",-1.47848652310067
"NMRAL1",-1.47855712304462
"LINC01970",-1.47902137648247
"PLAC8",-1.48004901322224
"ITPKB-IT1",-1.4801117085373
"SORD",-1.48059542611284
"ST6GAL1",-1.48133724028549
"DERA",-1.48143560010034
"NTN4",-1.48180291859264
"LINC00339",-1.48181187377514
"CD276",-1.48211062273118
"AC006480.2",-1.48216198779218
"CST3",-1.48311537436077
"DLGAP3",-1.48425204206598
"IDO1",-1.48461635059751
"CYSLTR2",-1.48592559083235
"VAMP5",-1.48594511009462
"FZD7",-1.48600846056952
"RAB3D",-1.48742879940586
"ZC3H12A",-1.48776089835466
"ARHGAP24",-1.48940349761049
"CLIC1",-1.48946235850035
"SLC25A32",-1.49004692353123
"C5AR1",-1.49075083393126
"NUPR1",-1.49159889205538
"AC015871.1",-1.49200350559862
"DGKD",-1.49379106189594
"CD244",-1.49459031753898
"ZNF844",-1.49484555404764
"SLC22A23",-1.49617576182852
"TXLNB",-1.49639227988134
"EXPH5",-1.49694830012155
"ZNF555",-1.49905772596623
"TPMT",-1.4993641041499
"AC073115.2",-1.49962932364519
"USP49",-1.49990087839317
"CD55",-1.50005605536149
"AC007216.4",-1.50139296982336
"HSPA1B",-1.50146320854911
"TRIQK",-1.50157021969813
"LINC02728",-1.50225205441341
"SLC18B1",-1.50275566336821
"SNAPC2",-1.50288355234755
"COL8A2",-1.50339209291585
"KIAA0930",-1.50341673683416
"AC009119.1",-1.50405251681884
"WDR91",-1.50467965562143
"RALY-AS1",-1.50494178009127
"SOX7",-1.50553407584641
"RBMS2",-1.50554011882176
"CIITA",-1.50571148035282
"STARD4",-1.50709897421116
"HSPD1",-1.50818445856299
"PARVG",-1.50819902373972
"SLC1A3",-1.50918331814561
"LINC01278",-1.50957634251199
"ITIH3",-1.51171229959766
"COMMD9",-1.51214759684487
"REPS2",-1.51216645193703
"AL359541.1",-1.5122671715188
"NMNAT3",-1.51234358099426
"FUOM",-1.51277623209015
"IRF2BPL",-1.51458582391207
"AL034397.3",-1.51463502855288
"IL18R1",-1.51505515996242
"FCGRT",-1.51574883042592
"SULT1B1",-1.51621671945318
"WDR49",-1.51640728811696
"TCF7L2",-1.51697599015997
"ASB13",-1.51902287888729
"AC018529.2",-1.5201196046779
"ARL4A",-1.52063797517789
"HCG25",-1.52179541210642
"NRG1",-1.52304411813758
"MIR194-2HG",-1.52322019267508
"KDM6B",-1.52323636785882
"RAP1GDS1",-1.52478361189847
"DIAPH2",-1.52563263309859
"MAN2B1",-1.52567180081788
"IMPACT",-1.52596247243355
"AP1B1",-1.52651000135633
"PDE2A",-1.52748855689648
"STX6",-1.5276587809213
"MPST",-1.52786266677877
"AL162231.2",-1.52806522768535
"TAOK3",-1.52819060144903
"AC104971.3",-1.52867136501468
"FUCA2",-1.53051081827572
"PARP6",-1.5314755587191
"TMEM229B",-1.53175585632688
"HIC1",-1.53276999231897
"AC005363.2",-1.53290268820959
"TRPC1",-1.53373668705465
"ITGA6",-1.53387258386594
"EMILIN2",-1.53412923505811
"ZGLP1",-1.5341554651864
"FCRL2",-1.53502103962592
"HIST1H4H",-1.5354299386968
"SIAE",-1.53591273309021
"GSDMA",-1.53608091185697
"ACVR1B",-1.53745159622341
"CD180",-1.53762343649013
"TKFC",-1.53778604015928
"MARCH2",-1.53784487341405
"IQCJ-SCHIP1",-1.53996883578118
"TRAPPC6A",-1.54093342958204
"ITGAX",-1.5410893383075
"B3GALNT1",-1.54111386522976
"INSR",-1.54127030114841
"UBD",-1.54132072135203
"SIGLEC9",-1.54254588164747
"SPINT2",-1.54299328561917
"DPH5",-1.54380262298892
"SOGA1",-1.54398059998934
"AC016405.3",-1.54442317794758
"BX323046.2",-1.5449101325109
"CITED2",-1.54649033105139
"ITGAD",-1.54680763210337
"EFNA2",-1.54752161319674
"ODF3L1",-1.54853138976471
"PPM1H",-1.54875927428282
"DENND1A",-1.54914636870223
"C11orf45",-1.54916524899868
"SIGMAR1",-1.5491743833372
"ABCB4",-1.55025596872774
"PSAP",-1.55034797310785
"AP000777.2",-1.55078650394087
"CDK18",-1.55168660484055
"HSD17B11",-1.55187338510124
"USF2",-1.55190483740698
"AC073352.2",-1.55258984576594
"AC100835.1",-1.5531010728862
"TRIO",-1.5531391366261
"GABBR1",-1.55363399696086
"VSIR",-1.55499057183696
"SDSL",-1.55517851195004
"LINC01569",-1.55589455832427
"SIK1B",-1.55658360265738
"PMVK",-1.55697260885668
"TNFRSF14",-1.55709159351941
"PDE1B",-1.55836747621744
"FOXA3",-1.55900442854701
"SLC14A1",-1.5598048066655
"TPST1",-1.56258389350483
"CAPN12",-1.56268984094578
"FGR",-1.56271707040407
"HPS5",-1.56305421502577
"GCNA",-1.5632543181668
"AC016134.1",-1.5658516098115
"FAM162A",-1.56650916924156
"CLNS1A",-1.56852451338989
"OLFML3",-1.5689612049403
"CHPT1",-1.56967556099799
"FAM210A",-1.57324692835992
"SPTLC3",-1.5746095815859
"HLA-DPB1",-1.57464362133865
"VPS41",-1.57478399239419
"DPP4",-1.5754401393763
"C11orf71",-1.57597295259035
"AL020997.5",-1.57666681041114
"AC009812.1",-1.57678089724251
"AC072022.2",-1.57693599805693
"MOSPD2",-1.5773725734943
"PAGE5",-1.57769867861034
"KLK1",-1.57999261483138
"SH2B3",-1.58161692512378
"SLC2A5",-1.58190700910635
"AFF3",-1.58243973391857
"CAMK2G",-1.58328357705289
"AL645728.1",-1.58347718264818
"APOM",-1.58619726545117
"PLBD1-AS1",-1.58669426097119
"TSC22D2",-1.58780668484749
"PFKM",-1.58909625839991
"ATG4C",-1.58919956787196
"LINC01150",-1.58987180372018
"AC006538.3",-1.59003059341851
"KCNH8",-1.59010414980349
"AP1S1",-1.59107909139854
"CYYR1",-1.5926168151994
"SLC25A33",-1.59352261820038
"ABRAXAS1",-1.59405706399821
"CCDC107",-1.5965559406402
"MCRIP2",-1.59661664894795
"ARMCX1",-1.59710131918355
"ADM",-1.59818279828701
"WDSUB1",-1.5985969846476
"NR3C2",-1.59869356158104
"ACSS2",-1.60046771921173
"AVPI1",-1.60049314662119
"EIF2AK4",-1.60115688092927
"GPR146",-1.60148296382818
"CHCHD10",-1.60239394498667
"FAM66B",-1.60274214707443
"NREP",-1.60277632543192
"CHMP1B-AS1",-1.60279955869865
"M6PR",-1.60405000706579
"RGMB",-1.60420467613417
"AP000919.4",-1.6042689987683
"PCDH9",-1.60474052370504
"HINT3",-1.60498934733049
"CISD3",-1.60547560118692
"BCL11A",-1.60578682423964
"HIGD2A",-1.60619325197237
"ETV5",-1.60859710150231
"SRD5A3",-1.60912066803346
"PADI4",-1.60940276982175
"CTSB",-1.61100056970392
"BNIPL",-1.61175194950895
"AL591845.1",-1.61278053000467
"TIE1",-1.6135050078209
"TEX14",-1.61443495966841
"SLC25A37",-1.61586981462871
"AL118506.1",-1.61591532825881
"PAWR",-1.61685751458243
"TNFSF13B",-1.61725879148735
"TNFSF12",-1.61758477770076
"ULBP1",-1.61881166455302
"LINC02757",-1.61945791243371
"ARMCX2",-1.61973049080487
"RNASE6",-1.61986186051542
"SCARF1",-1.6201392047329
"DHRS4",-1.62042119069155
"TNFRSF8",-1.62099232419158
"SLC17A3",-1.62148000392433
"SLC25A5",-1.62220963914319
"PDK4",-1.62242278962366
"AIG1",-1.622850626103
"RPS6KA1",-1.62439346123492
"TGFBI",-1.62481399760652
"SHB",-1.6248520301901
"PXDC1",-1.62508098445083
"ASRGL1",-1.62615198162516
"CEACAM3",-1.62618744782093
"WAS",-1.62623411279799
"MFSD13A",-1.62681584314949
"TMEM120A",-1.62830680293257
"PIAS2",-1.62898429100391
"ST14",-1.62924955380526
"CD68",-1.63109202019306
"KIF16B",-1.63127568584905
"ZNF442",-1.63152291035103
"RUNDC3B",-1.63306587322262
"CELF6",-1.63362911601231
"TBXAS1",-1.63588548775841
"CA2",-1.63685225389704
"CAPG",-1.63709969513981
"TMEM218",-1.63948353796095
"TPD52",-1.63952163176519
"P2RX4",-1.63992794696141
"STX7",-1.63997942023711
"MACORIS",-1.64058761323625
"LINC02245",-1.64084129780344
"SCP2",-1.64109638872506
"GSTM3",-1.64152074176231
"ECHS1",-1.64334072059328
"LDB2",-1.64334128542844
"MSRA",-1.64387525924292
"ACYP2",-1.64409881612028
"FAXDC2",-1.64463212179217
"APH1B",-1.64560480759769
"FRY",-1.64634042494957
"CRTAP",-1.64645985250247
"AC074099.1",-1.64656055580295
"TCAIM",-1.64705106240332
"ALKBH7",-1.64987715417429
"S1PR3",-1.65007152594709
"UBL7",-1.65060551412646
"METTL21A",-1.65155673887406
"AC008537.4",-1.65217141630888
"AL135791.1",-1.65345350438987
"LPP",-1.6555656699301
"LRG1",-1.6556519500854
"AL355075.4",-1.65618474273267
"LY9",-1.65685032909375
"TAL1",-1.65735391099889
"LINC00937",-1.65812368601457
"ID2",-1.65826469848883
"PPM1L",-1.65870476494679
"JAKMIP2",-1.6588765158803
"LRMDA",-1.65891319962733
"APBB3",-1.65985248254063
"AC017104.1",-1.65990193007602
"LGALS9C",-1.66040486407781
"IGHV3-30",-1.66074733343197
"RGL1",-1.66109134821093
"CEACAM4",-1.66185337767323
"GHRLOS",-1.66235986686871
"AXIN2",-1.66262217423354
"CDH23",-1.66291148870003
"RAB24",-1.66597056486266
"FFAR4",-1.66625885991308
"QARS",-1.66655205357564
"ORAI3",-1.66690492236183
"TMEM63A",-1.66742558042255
"ZNF532",-1.66880857582403
"KDM1B",-1.66931526550065
"KBTBD7",-1.67103008157904
"CACNA2D3",-1.67105164672769
"HLA-DOB",-1.67114704775041
"PIGZ",-1.67160198842792
"TREML2",-1.67221419150609
"RHOBTB3",-1.67233916528093
"AL137186.2",-1.67234694366453
"ACOX2",-1.67345900848673
"CCL18",-1.67360754662652
"IER2",-1.67525056892292
"FCGR3B",-1.67552519942636
"C11orf74",-1.67852118818305
"ZNF208",-1.68016743562793
"COLGALT1",-1.68092943759972
"TFCP2L1",-1.68150574807494
"STX8",-1.6847688969505
"MAFB",-1.68485862463183
"FSD1",-1.68507540925682
"AL499604.1",-1.68637554009602
"RUFY3",-1.68685283594048
"LILRB3",-1.68771426627885
"AL590550.1",-1.69179802969739
"Z99572.1",-1.69198008464503
"COQ7",-1.69207943995692
"PLA2G2D",-1.69283871072306
"AC004832.6",-1.69334409238628
"ZDHHC1",-1.69379438180127
"CD5L",-1.69426169311532
"TMEM176A",-1.69524929313082
"MIF4GD",-1.69800903610193
"WARS2-AS1",-1.69836268591693
"C3",-1.69919832754639
"IGLVI-70",-1.70019203950358
"EIF3E",-1.70023606197992
"ITGB2",-1.70051819893744
"PRRT1",-1.70297163604734
"C9orf72",-1.70382322396859
"TYROBP",-1.70444606892924
"LSMEM1",-1.70457433153066
"ENPP2",-1.70518155628713
"SLC22A18",-1.705906039626
"TCN2",-1.70626578745689
"EIF4B",-1.7066103323189
"SUMF2",-1.70698554483505
"TVP23A",-1.70736397254371
"HOOK2",-1.70740072084487
"FP565260.1",-1.70743395310776
"STX10",-1.70844441565635
"AC022509.3",-1.70900800188359
"CHKA",-1.70944367428161
"ACRBP",-1.71041189379753
"SERPINA1",-1.71146238309229
"NDST1",-1.7117500536185
"AC012467.2",-1.71205797182362
"SIRPB2",-1.71222291575299
"AC011446.3",-1.71356055874209
"FABP4",-1.71456176334265
"AL033528.2",-1.71594790932667
"CSTA",-1.71602778305901
"ECHDC3",-1.71605218707569
"STPG2",-1.71720345627856
"SLC46A3",-1.71781711412737
"TMIGD2",-1.71784764444993
"ZMYND12",-1.71829846411144
"DNASE1L3",-1.71961182820179
"RNF135",-1.71996775449072
"DDO",-1.72020108061275
"KLF6",-1.72086881996346
"LINC01315",-1.72183578398972
"KLF5",-1.72240623974954
"KLF2",-1.72267767046609
"GZF1",-1.72329390734686
"LINC02610",-1.72552390063324
"ERCC8",-1.72553029066477
"RPS6KA4",-1.72584650970231
"NCEH1",-1.72700263053834
"IGHD",-1.72704274744439
"GASAL1",-1.72770624894156
"LINC00528",-1.72777128440161
"NOCT",-1.72786939238258
"CCL17",-1.72900788800147
"PLCXD1",-1.72942525026628
"AC015871.4",-1.73216590408015
"AC006116.8",-1.73263582196874
"SERPINE1",-1.73309871977845
"SDE2",-1.73405122505797
"BSPRY",-1.7348188542485
"AC011939.3",-1.73520749374249
"GNB4",-1.73664581040205
"REL",-1.73769701671152
"ZFP36",-1.73812920344477
"RALGPS2",-1.74172802580194
"HIST2H2BF",-1.74298115766946
"RAB39A",-1.74535095489736
"AFMID",-1.74658602281326
"NAPRT",-1.74692013382439
"AC099560.1",-1.7472340655643
"FCHO2",-1.74884835724952
"UGP2",-1.74940754860956
"GNA15",-1.74976219024531
"RASGEF1B",-1.75251604305684
"CCT3",-1.75451910449561
"DZIP1L",-1.75511153802099
"SCARB2",-1.75532285699479
"DGAT2",-1.75587660438903
"GPR3",-1.75672760320647
"CUEDC2",-1.75710779636172
"AC093583.1",-1.75714286352669
"LST1",-1.75818013721252
"RGL2",-1.7583506385566
"CAMKK1",-1.75939562079595
"C19orf84",-1.76165771575592
"CSRNP1",-1.76389360401363
"SLC16A5",-1.76461878984303
"NIPSNAP3B",-1.76486726044709
"PRICKLE1",-1.76548747688164
"KCTD12",-1.76560109424734
"AC098818.2",-1.76570572476721
"SPATA6",-1.76588915589367
"ARSD",-1.76655916886142
"AF213884.3",-1.76729546359222
"NHLH1",-1.76781651201699
"PRCP",-1.76793487233296
"B4GALNT3",-1.76820636151029
"AC020656.1",-1.76859245904813
"ADGRE3",-1.76968735619401
"LRRC29",-1.77026230881289
"CXCL11",-1.77103601068735
"HOXA9",-1.77125178071479
"CIDEB",-1.77148484272771
"FAH",-1.77209639962564
"CPNE3",-1.77316508173184
"LINC02397",-1.77353447821745
"PLB1",-1.77396410893304
"P2RY1",-1.77496759421681
"MYL12A",-1.77503823965083
"AL355881.1",-1.77728211286005
"SCUBE2",-1.77750850006489
"CDCP1",-1.77839205656259
"SFT2D1",-1.77923735379111
"EGR3",-1.77953292558395
"LRP1",-1.7795553350861
"LINC01357",-1.78090801742857
"CCDC170",-1.78238116184752
"ARHGEF11",-1.78250096123777
"ITGA7",-1.78281390651715
"TMEM219",-1.78294403989862
"AC119396.1",-1.78406494334504
"BAZ2B",-1.7845443223877
"APOO",-1.78527037816988
"AC083973.1",-1.78568486727946
"SLC66A3",-1.78816703684586
"AC092490.1",-1.78957466421331
"SLCO2B1",-1.78978012833733
"MBOAT7",-1.79016942241774
"DLL1",-1.79140212134039
"PAPSS1",-1.79177691773423
"PTK2",-1.79185846840656
"MAPKAPK3",-1.79186575116727
"SOCS3",-1.7920083751104
"LILRB5",-1.79354949558638
"DST",-1.79364763596114
"C3AR1",-1.79399665589648
"ID1",-1.79445824737406
"NEK3",-1.7949362396192
"POLD4",-1.79519384536664
"HIP1",-1.79537635182684
"DECR1",-1.7960851199492
"NIPAL2",-1.79670051055173
"PAQR7",-1.79691070192578
"TRAP1",-1.79761009999359
"AC025048.4",-1.79931032821581
"AL024507.2",-1.7999866443373
"LINC01146",-1.79999882301605
"PASK",-1.80059089090496
"LHPP",-1.80067258737588
"CD1E",-1.80122178808316
"ADRA2B",-1.80207920276603
"ZFP36L1",-1.80218124556534
"ALPK3",-1.80242794890227
"AC022364.1",-1.80345848545816
"BLVRA",-1.8037439767856
"CNDP2",-1.80394304986273
"BTBD3",-1.80575315879566
"ATG7",-1.80617200400588
"AIFM3",-1.80671653762627
"TP53I3",-1.80716406860052
"USP2",-1.80795101070273
"RUBCNL",-1.80795470870446
"LINC01678",-1.80962281926538
"ATP2B1-AS1",-1.81063310680615
"MARCH3",-1.81081772484752
"NUDT14",-1.81256950589321
"CCND3",-1.81377444421313
"CCDC112",-1.81388916815144
"NFKBID",-1.81421313437957
"CA11",-1.81428180459493
"CPNE8",-1.81627513724048
"EPB41L2",-1.81788686247097
"PCSK1N",-1.81893363238962
"HSPA2",-1.81944251008277
"TBC1D9",-1.81997080545064
"LGALS3BP",-1.8202062885638
"PLXDC2",-1.82164188991103
"KANSL1L",-1.82207718074514
"HEXA",-1.82209115849083
"AC100861.1",-1.82338286180597
"ACOT13",-1.82577766979118
"PPT1",-1.82611271586119
"ELAVL4",-1.82801824585463
"ZNF358",-1.82842212711823
"ALDH6A1",-1.8319027062402
"HIST1H4A",-1.83289533725132
"GNAQ",-1.83398131438395
"AC090617.5",-1.83402432366838
"CDO1",-1.83428128162381
"SLC22A18AS",-1.83521407211993
"KATNAL2",-1.83588261705986
"KTN1-AS1",-1.83629778474853
"HNRNPA2B1",-1.83700266427734
"CD163",-1.83748327320543
"NRROS",-1.83752574071972
"ITGAM",-1.83993246696598
"CCDC26",-1.84153475342385
"LTB4R2",-1.84292857642063
"IL1RL1",-1.84324756226944
"FZD2",-1.84396101318816
"PPARD",-1.84536628858844
"AC080013.5",-1.84705573022866
"DISC1",-1.84906689924443
"NOVA2",-1.85080753290731
"CSF2RB",-1.85101333186153
"LINC00494",-1.85388118600834
"TMEM256",-1.85450429299911
"SLC19A2",-1.85459921221229
"FCAR",-1.85492225189241
"Z93241.1",-1.85524593973784
"MICAL1",-1.85713309979921
"RHOBTB1",-1.859158382758
"RGS12",-1.85944917518327
"SNAP23",-1.8595385535365
"TMPPE",-1.86063680648416
"AC090559.1",-1.86065370669951
"PLXNC1",-1.86215670201711
"NDN",-1.8630431154577
"XCL2",-1.86318063933037
"TNNI2",-1.86355766257702
"CCL4L2",-1.86419365024761
"MS4A7",-1.86451761681579
"MPIG6B",-1.86539345780985
"SLC49A3",-1.86544199131911
"DPYD",-1.86783293410042
"HYDIN",-1.87248817626344
"GSAP",-1.8745115127888
"ACTG1",-1.87524070905225
"SYCP2L",-1.8754923954363
"FMNL2",-1.87774353526261
"RNF144B",-1.87791987001904
"AC135050.3",-1.88022063279407
"MIR646HG",-1.8809015018738
"ILF3-DT",-1.880922750371
"UBAC1",-1.88159656984304
"GNAL",-1.88200897518574
"LINC02328",-1.88395629682976
"MAGIX",-1.88603094271817
"CD40LG",-1.88726848018728
"MLKL",-1.88988837029623
"SAG",-1.890230122914
"AC105020.6",-1.89075958746328
"MEX3B",-1.89187818997425
"AC092068.2",-1.89288542007401
"ANKRD9",-1.89427914643282
"AL359711.2",-1.89594287019856
"LINC00565",-1.90061142688671
"GALK1",-1.90178037158121
"TSPAN4",-1.90905785106875
"PRKAG2-AS1",-1.90947358182109
"GPSM3",-1.90948742731508
"TMC4",-1.90961203129422
"TCEAL1",-1.91063917186088
"FCMR",-1.91245507543471
"AC005050.3",-1.913905899717
"LINC00346",-1.91673829800597
"NABP1",-1.91699717326131
"SIGLEC12",-1.91947196118709
"TOR4A",-1.92003199465191
"AP000845.1",-1.92139211272248
"PHYH",-1.92241621405122
"TNFAIP8L3",-1.92290024748727
"CR1",-1.92424896422868
"GADD45B",-1.92444835154306
"TSPAN15",-1.92455458070617
"LINC00115",-1.92643521142033
"NCKAP5L",-1.92717009122401
"MAML3",-1.92903678247492
"RNF165",-1.92929764613784
"ALAS1",-1.93147889657023
"HSD3B7",-1.93173297345205
"CYB5D1",-1.93295475622718
"OLMALINC",-1.93818470275159
"PEAK3",-1.93839479565436
"AP000919.2",-1.93902887729808
"IGHV3-15",-1.93909668645722
"ZNF318",-1.94175822914465
"ABCC5",-1.94249760229221
"IFITM3",-1.94280996468517
"TIFAB",-1.94357533118841
"CLN5",-1.94750617665315
"UPK3A",-1.94957714692865
"NAAA",-1.95068142186324
"AL513303.1",-1.95136679152247
"SECTM1",-1.9519922335471
"EDA",-1.95322615668896
"CSF3R",-1.95449191361306
"ZBTB46",-1.95611508461776
"CTSS",-1.95622673264925
"GPR141",-1.95841672950671
"B3GNT7",-1.95884692498307
"ADGRG3",-1.95940820270112
"ARHGEF40",-1.96002446060977
"EIF2A",-1.96087334528848
"ADRB2",-1.96149183890564
"NME2",-1.96180579379438
"HRH1",-1.96247834878383
"LY6G6C",-1.96349688820572
"RILPL2",-1.96394792200955
"SIRT5",-1.9663764128757
"HEBP1",-1.96767612122778
"UBR5-AS1",-1.96849254380787
"ENOX1",-1.96945043027573
"PNPO",-1.96966170264597
"TMED3",-1.97040063458701
"ZNF710",-1.97125699589873
"SLC29A1",-1.97250397074562
"PTPRE",-1.97315640201462
"BIN1",-1.97336928289425
"ACTB",-1.97579347689486
"VPS29",-1.9775460461264
"AMDHD2",-1.97804469769548
"CALML4",-1.97900439039071
"TMLHE",-1.97989785161569
"CFP",-1.98200979706086
"SMPDL3A",-1.98336632537367
"AC068580.1",-1.98432490984807
"PTPRO",-1.98437726884507
"FAM20A",-1.98444987537022
"IDH3G",-1.98559283896429
"CHMP1B",-1.98633509289165
"SLC4A4",-1.98820748310369
"LATS2",-1.9898645934613
"COMMD4",-1.99260656817018
"C7orf50",-1.99759247535486
"CD69",-1.99785631172897
"ACHE",-1.99862236903017
"IRF8",-1.99915095095757
"JUNB",-2.00059493489264
"TTTY14",-2.00126667241478
"ZBTB16",-2.00135217813536
"SENCR",-2.0032801949584
"AIF1",-2.00336948073754
"NPHS1",-2.00386831449584
"PPM1F",-2.00463185605677
"HDAC9",-2.00650877675272
"HSPA1L",-2.00770925879654
"CD22",-2.01360345156946
"IMPA2",-2.01427764774174
"SLC31A1",-2.01437523758107
"MS4A4A",-2.01567976563631
"LAIR1",-2.01734018958598
"ICAM1",-2.01791434450489
"C2",-2.01899601331305
"AC020916.1",-2.0195229525256
"LILRA5",-2.0195882801183
"PLEKHG3",-2.02046391921912
"ADGRE2",-2.02129033564902
"AC090204.1",-2.02188949390871
"FRRS1",-2.02253589884594
"SPG21",-2.02313328118012
"AP2A2",-2.02470755776864
"NR1H3",-2.02482596523278
"FHIT",-2.02502797376071
"PIP4P2",-2.02615493440219
"GSTM2",-2.02989782198037
"C1orf54",-2.0303807065856
"DNAJC4",-2.03089359362526
"TNFRSF10D",-2.03223685361287
"VCAN",-2.03531319907011
"GFRA2",-2.03638611767332
"ZNF618",-2.03950248487031
"HK2",-2.04224212525558
"AC005332.1",-2.04507793980697
"FES",-2.04757832747524
"LINC02773",-2.04809444445285
"DLG4",-2.0509866753792
"CACNA1C-AS1",-2.0533432676431
"RAB3IL1",-2.05446452948274
"LAMTOR4",-2.05461189332837
"TENT5B",-2.05786093921225
"IL2",-2.05885001535694
"AC103724.3",-2.05955777185433
"PLXNB2",-2.0595886592113
"MS4A6A",-2.06728200504662
"C1QC",-2.06783449081189
"LINC01637",-2.06888111275471
"IL1RAP",-2.06940821757319
"TPP1",-2.07153919324047
"NFKBIL1",-2.07243834727608
"VCL",-2.07296002904201
"ARL5B",-2.07404484008076
"CCDC88A",-2.0746383852825
"MARCH1",-2.07490460584645
"CD160",-2.07633492478648
"AC022868.2",-2.08273440972836
"SPAG5-AS1",-2.08487399982192
"AC100861.2",-2.08613899910675
"CX3CR1",-2.08681727872167
"GASK1B",-2.09149018418027
"SMIM20",-2.09185262354497
"MRO",-2.09779188570315
"LYN",-2.09912762629981
"RASGRP4",-2.09926731403823
"GPNMB",-2.10119412933423
"AKR1A1",-2.1012134696258
"PRKCG",-2.10217671176078
"AC092809.2",-2.10230437493823
"RGS19",-2.10617039201553
"ZNF595",-2.1089423839101
"TRIB1",-2.11333962115417
"ACSL6",-2.11565484147128
"NEK6",-2.11898401568882
"C20orf197",-2.12097170595131
"AL132709.8",-2.12295803059272
"FABP3",-2.12468833503258
"NAF1",-2.12947744821142
"IGKV1-5",-2.12963245582357
"CRYBB1",-2.12970908153462
"TPCN1",-2.13050109698275
"AC135050.1",-2.13091350936978
"C16orf86",-2.13668803835256
"SH3BP5",-2.1367744075557
"LINC00877",-2.13763488964354
"PNPLA4",-2.13997419570368
"AC068473.1",-2.14121393822961
"MCPH1-AS1",-2.14485129021549
"PLIN5",-2.14574688854247
"RNPEP",-2.14595960848508
"AL022069.1",-2.1470816987646
"METTL7B",-2.14758564335404
"NKAPL",-2.14939394519054
"SUCNR1",-2.1493963753261
"LGMN",-2.1502837047679
"SIGLEC6",-2.15084494172306
"C1QB",-2.15621198230614
"CLEC7A",-2.15651118191486
"AC124283.1",-2.15878587463616
"FBXO27",-2.16195270504144
"PPP1R14A",-2.16436976762955
"ZNF385A",-2.16658269915163
"LINC02723",-2.16831950650647
"CNTLN",-2.16873792303845
"ASTL",-2.16974477521622
"CDH26",-2.17176928342838
"ITSN1",-2.17463890979599
"COLEC12",-2.17821329247309
"PPP1R15A",-2.17847835410695
"ZNF467",-2.17990414854042
"SCPEP1",-2.18000449367692
"ADA2",-2.18050308986992
"SNX24",-2.18409622042733
"AC090617.10",-2.18689091700187
"CD300E",-2.18693639145369
"PLD3",-2.18718628087394
"KCNMB1",-2.18786744711365
"HSPA1A",-2.19043411893572
"SLC12A7",-2.19052043259384
"PPM1J",-2.195215911413
"CRYZ",-2.19636288587884
"ZNF185",-2.19695390286631
"HTRA1",-2.19763423857
"OXA1L",-2.19927315405271
"LINC01237",-2.20053049285707
"PLA2G15",-2.20065944434539
"CXCR2",-2.20334490889279
"GPER1",-2.20399401126502
"CDKN1C",-2.20446107154178
"CTSO",-2.20555781988888
"NFAM1",-2.20659347237925
"HFE",-2.21148889259008
"RASD1",-2.21198237574582
"PLBD2",-2.21297244610034
"IGLV1-40",-2.21410162123398
"GREM2",-2.21525063734937
"PTGS1",-2.22610350824674
"EGR1",-2.22625933840139
"CD48",-2.22717460231306
"AC005264.1",-2.22819181011477
"AC040970.1",-2.22899019627625
"BLVRB",-2.22959758287141
"PLOD1",-2.23573815983011
"GAA",-2.23712176980217
"TYMP",-2.23744823848414
"EPS8",-2.23784643691585
"AC009404.1",-2.24037273231063
"ADGRE1",-2.240644800817
"TPK1",-2.24143080656703
"TM6SF1",-2.24229958370271
"PCF11",-2.24334237209476
"LDLRAD3",-2.24365208406635
"PDZD4",-2.24678571675263
"APOBR",-2.24732137160121
"SLC35E2A",-2.24811988419853
"ZYX",-2.24987122410159
"CTSH",-2.25250429415018
"ZNF205",-2.25269913574885
"MEIS3",-2.25544180240182
"MTMR11",-2.25718693161089
"LYL1",-2.25868769202144
"HIST2H3PS2",-2.25894846575823
"TMEM144",-2.25895616000737
"ZNF670",-2.26266799714648
"S100A12",-2.26556852940824
"HACD4",-2.26560457369701
"PAQR8",-2.26605328587842
"CCDC151",-2.26704347919491
"CTNNBIP1",-2.26884015680611
"PHACTR1",-2.26995536284756
"HCK",-2.27356990911719
"CDC42EP2",-2.2811283944103
"FAM81A",-2.28224893432228
"BAMBI",-2.28280705879681
"IMPDH1",-2.28392015142793
"DNAH17",-2.28408476435469
"ROGDI",-2.28447313852471
"CD300LB",-2.28534364119363
"PDE6G",-2.29181838196801
"CLEC4E",-2.29498720927986
"FAM198B-AS1",-2.29688626122208
"EVI5",-2.2970978398539
"SNAI1",-2.29759099745865
"DPEP2",-2.29806661333012
"ALDH1A2",-2.30449278875951
"LINC00641",-2.30871774140277
"ARHGAP18",-2.30906872061905
"TMEM37",-2.30996283202178
"TMEM176B",-2.31268794480234
"PKP2",-2.31543416815715
"AL118558.3",-2.3162463571353
"ATP5MC2",-2.3200983862043
"PEX11G",-2.32180980096408
"DEPTOR",-2.32397548590413
"CPQ",-2.32498592171186
"DPYSL2",-2.32800228264636
"APOE",-2.32893433126387
"SH2B2",-2.33415151649764
"SUMF1",-2.33729686520083
"GUCY1B1",-2.33865234192006
"DNASE1L1",-2.34146207152802
"METTL7A",-2.34186842888626
"HBB",-2.34238806940451
"GLMP",-2.34406720053187
"HAUS4",-2.35145202850623
"MT1H",-2.35488897100138
"C1orf162",-2.35501885904169
"GSTM4",-2.35591467240438
"C20orf27",-2.35896145291735
"AC064805.1",-2.3592556817952
"TLR5",-2.36125341252361
"SIGLEC5",-2.36604016760119
"CEBPA",-2.36888036671283
"MAFF",-2.37115379043445
"CLEC9A",-2.37938507283027
"GBE1",-2.38327940969603
"WDFY4",-2.38394792462642
"CSF1R",-2.38567813282295
"PHLDB3",-2.3858558798948
"ASAH1",-2.38713994776011
"TXK",-2.38758817352966
"MFSD1",-2.38838731232973
"LINC01504",-2.38933973861174
"CAT",-2.38969326555496
"H6PD",-2.39329059002794
"AC006994.2",-2.39718130418821
"AC090607.1",-2.39806984558478
"GRK3",-2.39914841971203
"PRLR",-2.40190407111193
"FSCN1",-2.40390797147749
"AL121933.2",-2.40712789113209
"GAS2L3",-2.40718623952316
"MPEG1",-2.40776052346793
"BX664727.3",-2.40970594355366
"YIF1B",-2.40992701038883
"CD72",-2.41101570162966
"GRN",-2.4131974365944
"IRS2",-2.41387152002369
"PAK1",-2.41391867070237
"NDUFB5",-2.41547572449549
"LINC01128",-2.41897157451245
"MILR1",-2.42021489572848
"LTA4H",-2.42037944257162
"ANXA4",-2.42596152851695
"MTHFR",-2.42755130440703
"TRPM2",-2.4302576057076
"H2AFY",-2.43190332119694
"NKX3-1",-2.43323545216539
"LINC02851",-2.43502926972948
"HLA-DMB",-2.43959387134512
"SCML1",-2.44171446927908
"MLC1",-2.44556089144744
"OSBPL5",-2.44674684510182
"IGKV1-12",-2.44712467525213
"MIR181A2HG",-2.44791101000137
"SIDT2",-2.44935668027521
"GNS",-2.45216216514604
"PYGL",-2.45463424303871
"SAMHD1",-2.45847992208528
"PYGM",-2.46272645727835
"ASCL2",-2.46316302855704
"DUSP1",-2.46450898180419
"CUEDC1",-2.46597190801516
"COMT",-2.46610610404166
"ADAMTSL4",-2.47198930703009
"CD33",-2.47204696278096
"ARL11",-2.47501350972631
"SERPINB6",-2.47731536340328
"TMBIM4",-2.48026482490481
"SLC40A1",-2.48143549593058
"TRPV4",-2.49089524164844
"MCOLN1",-2.49465570475529
"ARRB1",-2.4950492282354
"TUBB3",-2.49539417364447
"SCART1",-2.49877301854232
"CHCHD6",-2.49900145994338
"RAB20",-2.499668114484
"OBSL1",-2.49968213404531
"RHOQ",-2.50007104743132
"LILRA2",-2.5017083759091
"PPA1",-2.50602315384683
"RBP7",-2.50688250799341
"FOSB",-2.50773107746174
"XCL1",-2.51371027196303
"UTF1",-2.51534852163255
"ALDH2",-2.51616794413707
"BNC2",-2.51793517366717
"SORBS3",-2.52769153047134
"PHETA1",-2.53300684286291
"PLPP3",-2.5385339019098
"NMUR1",-2.53924157161926
"MRPL45",-2.54166251270851
"EIF2S3",-2.54356625338037
"GCA",-2.54369408483412
"NEFM",-2.54598480138099
"SNX3",-2.550439451631
"ATG3",-2.5550530430034
"PLIN2",-2.56266927989425
"SCIMP",-2.56639395551964
"PTPN18",-2.56922524908765
"STEAP3",-2.57077358502938
"LY96",-2.57807784379384
"AC091271.1",-2.58057900180601
"SYT17",-2.58527321259559
"ATP6V0A1",-2.58795202453183
"HSD17B14",-2.59117474987887
"NEURL1",-2.5957428141783
"DMXL2",-2.5978007797738
"LINC01503",-2.59960714945899
"SIGLEC1",-2.60048187554672
"CPPED1",-2.60894481977227
"DLX2",-2.61116272068376
"TWISTNB",-2.61687531700503
"VSTM4",-2.62053805099954
"P2RY12",-2.62309760333497
"MCEMP1",-2.62313552418591
"LILRB1",-2.6235607642517
"KLHDC8B",-2.62509376529282
"PTCH1",-2.62548714050234
"CYFIP1",-2.63041154690943
"LINC01220",-2.63121759064634
"TACSTD2",-2.63225268635012
"LIPA",-2.63929716716144
"COLQ",-2.63931559625817
"GPBAR1",-2.63950186974192
"NCF2",-2.64000033278897
"NLRP3",-2.6403453718062
"CLEC4A",-2.64169855320642
"CD36",-2.64265334019669
"ROR2",-2.6448792829654
"SLC24A4",-2.64932697511834
"MMP25",-2.65187137524686
"FLT1",-2.65466611769778
"ITGA9",-2.65565153173706
"HSPA4L",-2.65940999903589
"GDF15",-2.66546872420047
"S100A9",-2.66880263904964
"CORO1B",-2.67293794454868
"ANKDD1A",-2.67457973231704
"RNASE2",-2.67607514578068
"NLRP12",-2.67697831358559
"KCNQ1OT1",-2.67714565815612
"TMIGD3",-2.67851559956851
"LPCAT2",-2.68024132401093
"LMO2",-2.68190297356793
"OLFML2B",-2.68539509028512
"CCNJL",-2.68657670303322
"SIGLEC14",-2.68664284983104
"LINC01094",-2.70312601480933
"FLYWCH1",-2.7041880577841
"ARPIN",-2.70551301956551
"ALOX5",-2.71077964299119
"ACE",-2.71328764373361
"MSRB2",-2.71563429751931
"FN1",-2.71650283129125
"SLC7A8",-2.72072111899758
"NDRG2",-2.72146044658051
"LAT2",-2.72324183833409
"LONRF3",-2.72799840416435
"DBNDD2",-2.73265020770679
"AF117829.1",-2.73448388583533
"AC020911.2",-2.73544799985007
"MELTF",-2.73776085096823
"LGALS2",-2.73837754349105
"EGR4",-2.73947845880181
"PRAM1",-2.74064742682188
"TNFSF13",-2.74571897287036
"THBD",-2.74658032253721
"P4HA1",-2.74695654434935
"BST1",-2.75536311455929
"AC093627.4",-2.76019453349253
"HSPA6",-2.76142295457723
"PLBD1",-2.76593346458904
"SEZ6",-2.77522770172904
"A2M-AS1",-2.78271083743364
"TMEM86A",-2.80169082535559
"COL4A2-AS2",-2.80888869476437
"AC092803.1",-2.81159052576555
"PTAFR",-2.81410606169892
"PYCARD",-2.81869045053533
"AREG",-2.82083005562146
"NFKBIZ",-2.83562327096274
"SPECC1",-2.83785348433132
"PCBD1",-2.84871679732926
"AC063977.6",-2.85397345241494
"DNAJC5B",-2.86004415083016
"IL18BP",-2.87237270004066
"ALOXE3",-2.87362764917569
"OTUD1",-2.87859253007362
"LINC01644",-2.87889718146702
"LILRA6",-2.88952040607828
"TREM2",-2.89260606667976
"HSD17B4",-2.89589960494084
"OSM",-2.89615826110607
"DRAM2",-2.90298830459868
"LRRK2",-2.90872702427589
"NCAM1",-2.90974226232582
"FFAR2",-2.91353141557137
"SLC7A7",-2.92006117809612
"IRF5",-2.92461396938052
"KCNE1",-2.92885031419694
"BTK",-2.92886230321748
"AL357874.1",-2.93517153407013
"FCGBP",-2.93889701155859
"HLA-DOA",-2.94665531247782
"MYOM2",-2.94864094287602
"SH2D1B",-2.94983341986211
"CATSPER1",-2.95067052718115
"ASGR1",-2.95076105894203
"KLRG1",-2.95311868087963
"LINC01857",-2.96011985066455
"FGD4",-2.96526968308238
"FCGR1B",-2.96626136868729
"CYBB",-2.97085155895609
"DYSF",-2.97273187017551
"ICOSLG",-2.97658249122754
"IGSF6",-2.98140566723166
"SERPINF2",-2.98995521611356
"GLUL",-3.00125162286602
"ZBED3-AS1",-3.00821612991877
"FOS",-3.0141297483719
"MT1G",-3.01663812588933
"ZBTB10",-3.0180883077415
"TCEAL9",-3.01924079096766
"DDAH2",-3.0297049992716
"HBEGF",-3.03097707132859
"LINC02256",-3.0410571788409
"GLDN",-3.04121585859474
"LILRB4",-3.05050594207575
"ZNF703",-3.0521648097144
"KLF10",-3.05504158833247
"GRASP",-3.06511737771718
"CRYL1",-3.07055622713959
"ALDH3B1",-3.08328920428102
"SLC11A1",-3.0884207563066
"SDC3",-3.08845432023002
"JDP2",-3.09559948898019
"SLC27A1",-3.09987385203505
"LOXL3",-3.10489445908438
"S100Z",-3.11216163315901
"CCL8",-3.11774854277679
"TMEM150B",-3.1299353125515
"ZNF503",-3.13406363321757
"S100A8",-3.13910313846207
"HNMT",-3.1601601079243
"ADGRG6",-3.16924088894937
"KCNJ5",-3.17139406915342
"LILRA1",-3.17639235900086
"NAGA",-3.18828955661343
"HHEX",-3.19332048184713
"AL161785.1",-3.19342006429972
"NPL",-3.20845241804454
"C19orf38",-3.21060918337418
"IDH1",-3.21310392389214
"DOK3",-3.21390968086973
"PGLS",-3.21589469333701
"TLR8",-3.22382196742715
"GSN",-3.22624855943556
"PDE4C",-3.23795686499051
"RGPD2",-3.24069939116213
"LTBR",-3.25095457819265
"FBP1",-3.25459103407751
"CCDC106",-3.27855227233276
"PSTPIP2",-3.27901067062948
"PPFIBP2",-3.28538476828429
"PLAAT2",-3.33869721900812
"CALHM6",-3.34075846151092
"CCSER1",-3.34791447998203
"TENT5A",-3.36942525347469
"CD300A",-3.37296343491494
"SMIM25",-3.38370230704872
"SIGLEC11",-3.38782253128604
"IL18",-3.39001382941639
"UNC93B1",-3.40555990014514
"SLC8A1",-3.40978291096916
"P2RY13",-3.43238322279956
"RAB42",-3.43626028955486
"CHST13",-3.43678964101659
"RGS18",-3.4426534902737
"LGALS9",-3.44927460256838
"SLAMF8",-3.47039059165744
"SPP1",-3.47790349396181
"MRC2",-3.49972263062394
"PTGDR",-3.52603001497358
"NAIP",-3.53864102034319
"GBGT1",-3.58157076312847
"HK3",-3.59758304256934
"HCAR2",-3.60433295419126
"HSPB1",-3.60592979269522
"CMKLR1",-3.60887586076199
"NRARP",-3.62476290769591
"RIPK2",-3.63981699528497
"STAC3",-3.6409254472439
"THEMIS2",-3.64622784010321
"GPR34",-3.64911488732336
"CD1D",-3.65863671851984
"FHL3",-3.66022779235472
"MT1M",-3.67865841444625
"FFAR3",-3.68107251703289
"CD83",-3.70687665220786
"BCO2",-3.71248186671836
"KLRF1",-3.74149346788993
"CTSD",-3.74302835139967
"IGHA2",-3.74559063616286
"KCNE3",-3.74992148101172
"GAL3ST4",-3.76581949111222
"LY86",-3.76649313426861
"RENBP",-3.77035866274233
"SNX10",-3.77045831470601
"FGD2",-3.7731738277703
"SKAP2",-3.78076142272235
"PHB2",-3.79746867251447
"ALOX15B",-3.81182201126519
"CAMK1",-3.81669245521056
"SHTN1",-3.81859598057929
"SIGLEC10",-3.82348683936024
"HRH2",-3.86445401534521
"FLT3",-3.89877981577222
"LIF",-3.90069078116814
"LRRC25",-3.93028144881888
"AC097105.1",-3.93414325568241
"HLA-DRB5",-3.94999829810453
"KLF4",-4.00266804924112
"AGTRAP",-4.07306580670939
"ADORA3",-4.0736338657029
"CLEC12A",-4.09941085080851
"SLC46A1",-4.125406199689
"SIGLEC7",-4.13614573979287
"RASSF4",-4.19315748002044
"CD300LF",-4.23147068651073
"FPR1",-4.36696184851251
"CPM",-4.40261411299707
"SGK1",-4.46015020342576
"GATD3B",-4.54420417272586
"MNDA",-4.58725273756091
"MERTK",-4.62932218351137
"TNFSF18",-4.6372840012406
"IGKV1D-13",-4.79513346263234
"ADAP2",-4.85603982661841
"NUDT16",-4.96960576250888
"SYK",-5.19557648675473
"FCGR1A",-5.72720777859027
"HCAR3",-5.84663849382522
"FCGR3A",-5.94668576295818
"CD14",-5.98945527533273
