"pathway","pval","padj","log2err","ES","NES","size"
"ZHONG_PFC_MAJOR_TYPES_MICROGLIA",7.1392453360383e-66,5.31873777534853e-63,2.11981715699036,-0.636691702767161,-3.32681865582797,422
"DESCARTES_FETAL_CEREBRUM_MICROGLIA",6.10114990843203e-62,2.27267834089093e-59,2.05533974108716,-0.650830468583115,-3.35815439820245,377
"AIZARANI_LIVER_C6_KUPFFER_CELLS_2",1.34872614259543e-59,3.34933658744531e-57,2.01463591374895,-0.741168495856444,-3.61095850523952,222
"HAY_BONE_MARROW_NEUTROPHIL",1.62971619695297e-58,3.03534641682491e-56,1.99397243506636,-0.619190904962799,-3.24456065971787,429
"DESCARTES_FETAL_INTESTINE_MYELOID_CELLS",7.12762909083306e-57,1.06201673453413e-54,1.96783798376574,-0.755984662714431,-3.62833229095699,200
"FAN_EMBRYONIC_CTX_BIG_GROUPS_MICROGLIA",8.37277057260998e-56,1.03961901276574e-53,1.94667782059298,-0.644365403493389,-3.31762073657253,356
"AIZARANI_LIVER_C2_KUPFFER_CELLS_1",1.32181083238088e-55,1.40678438589108e-53,1.94667782059298,-0.752152844163727,-3.59832298429832,195
"TRAVAGLINI_LUNG_CLASSICAL_MONOCYTE_CELL",1.94395598239951e-53,1.81030900860955e-51,1.90908326145145,-0.689872453689125,-3.42932994402591,262
"GAO_LARGE_INTESTINE_24W_C11_PANETH_LIKE_CELL",3.86972336990111e-52,3.20327101175148e-50,1.88177021915558,-0.652663455097027,-3.30861356098596,313
"DESCARTES_FETAL_ADRENAL_MYELOID_CELLS",3.0783344419891e-50,2.29335915928188e-48,1.8484619195312,-0.773171227461509,-3.61667562794784,162
"CUI_DEVELOPING_HEART_C8_MACROPHAGE",4.00252269141683e-50,2.49920794669754e-48,1.8484619195312,-0.671677459836298,-3.35541108640677,271
"HU_FETAL_RETINA_MICROGLIA",4.02556984702959e-50,2.49920794669754e-48,1.8484619195312,-0.615455107949057,-3.17619202134988,370
"DESCARTES_FETAL_PANCREAS_MYELOID_CELLS",1.84288125137999e-49,1.05611271713699e-47,1.83158063515779,-0.724339675701194,-3.48577679838699,202
"DESCARTES_FETAL_LIVER_MYELOID_CELLS",1.00765462973142e-48,5.00468466099938e-47,1.82023946954892,-0.754923407959841,-3.55487309312771,168
"DESCARTES_FETAL_LUNG_MYELOID_CELLS",9.89776235331278e-49,5.00468466099938e-47,1.82023946954892,-0.773284369807257,-3.59189507109007,154
"SU_HO_CONV_CENT_CHONDROSARCOMA_LEUKOCYTE_C0_M1_MACROPHAGE",1.01927000149102e-46,4.74597594444255e-45,1.77997642918922,-0.668797427532754,-3.30817855056641,256
"SU_HO_CONV_CENT_CHONDROSARCOMA_C6_LEUKOCYTE",8.62224980187564e-46,3.7785741778808e-44,1.7624392879181,-0.631383873276283,-3.20103264199793,312
"RUBENSTEIN_SKELETAL_MUSCLE_MYELOID_CELLS",1.64586681759585e-41,6.81205988393839e-40,1.67817787124255,-0.592559360187894,-3.02360402503631,340
"DESCARTES_FETAL_PLACENTA_MYELOID_CELLS",5.50447331327551e-41,2.1583329570475e-39,1.66579262543297,-0.76918943430537,-3.49820508044808,134
"TRAVAGLINI_LUNG_NONCLASSICAL_MONOCYTE_CELL",8.85895309129415e-41,3.29996002650707e-39,1.66579262543297,-0.713955675843034,-3.38350061061957,177
"DESCARTES_FETAL_KIDNEY_MYELOID_CELLS",6.04375813015738e-40,2.14409514617488e-38,1.64704014100292,-0.718730403783351,-3.38427028607537,170
"HAY_BONE_MARROW_MONOCYTE",8.01231718830099e-38,2.71326195694738e-36,1.60243114923556,-0.664135513339872,-3.21314172106447,214
"AIZARANI_LIVER_C23_KUPFFER_CELLS_3",9.90520521975778e-37,3.07474078696648e-35,1.57637362160047,-0.657925394450976,-3.18309665993781,214
"AIZARANI_LIVER_C25_KUPFFER_CELLS_4",9.69995324067646e-37,3.07474078696648e-35,1.57637362160047,-0.701987256358183,-3.30543219041655,170
"AIZARANI_LIVER_C18_NK_NKT_CELLS_5",1.16004177068832e-35,3.45692447665118e-34,1.55654423323138,-0.767196518901521,-3.40623363489422,118
"DESCARTES_FETAL_HEART_MYELOID_CELLS",7.23301500522371e-35,2.07253699188141e-33,1.53645895003215,-0.753475207242305,-3.36578443396606,122
"TRAVAGLINI_LUNG_MACROPHAGE_CELL",1.304177218872e-33,3.59856306688756e-32,1.50926283727233,-0.654137943091892,-3.14317079180815,198
"DESCARTES_FETAL_THYMUS_ANTIGEN_PRESENTING_CELLS",4.54104963312913e-32,1.20824356310043e-30,1.47456250139425,-0.684963816352062,-3.20406638612269,162
"DESCARTES_FETAL_SPLEEN_MYELOID_CELLS",2.60044722608983e-30,6.68045925323077e-29,1.43181244608859,-0.757053002860035,-3.3385421165645,107
"DURANTE_ADULT_OLFACTORY_NEUROEPITHELIUM_DENDRITIC_CELLS",2.90792414865476e-30,7.22134496915932e-29,1.43181244608859,-0.734137501189131,-3.25129017092338,115
"DESCARTES_FETAL_MUSCLE_MYELOID_CELLS",1.2949313742936e-28,3.11201249628623e-27,1.38774608305349,-0.715587898046901,-3.19654128660163,122
"DESCARTES_MAIN_FETAL_MYELOID_CELLS",7.11333810354406e-28,1.65607402723135e-26,1.37274298193398,-0.774348151538099,-3.24838095522076,86
"DURANTE_ADULT_OLFACTORY_NEUROEPITHELIUM_MACROPHAGES",3.15682404543601e-26,7.12676943590858e-25,1.32671609800481,-0.770136608305584,-3.19279900344761,80
"BUSSLINGER_ESOPHAGEAL_DENDRITIC_CELLS",1.30256368488887e-24,2.85414689777121e-23,1.28710367230144,-0.583498958448255,-2.81743120980338,208
"FAN_OVARY_CL13_MONOCYTE_MACROPHAGE",1.53553781199081e-24,3.26850191409473e-23,1.28710367230144,-0.462305475201681,-2.42958689955376,450
"DESCARTES_FETAL_STOMACH_MYELOID_CELLS",2.2878474157604e-22,4.73457312428194e-21,1.22105375677186,-0.758995823289708,-3.07956359281858,74
"DESCARTES_MAIN_FETAL_MICROGLIA",3.39719417474311e-20,6.84029637887464e-19,1.16017957183021,-0.629541574386574,-2.86309904381512,134
"DESCARTES_FETAL_EYE_MICROGLIA",3.89308423229314e-20,7.63249408699576e-19,1.16017957183021,-0.6206738810135,-2.8460587851831,142
"FAN_EMBRYONIC_CTX_BRAIN_MYELOID",9.01036008508346e-20,1.72120981112492e-18,1.15122052214226,-0.622321091825992,-2.83065578358827,136
"HAY_BONE_MARROW_IMMATURE_NEUTROPHIL",1.29441145279883e-18,2.41084133083781e-17,1.11466447751729,-0.556595342735243,-2.65253345368228,188
"HE_LIM_SUN_FETAL_LUNG_C2_APOE_POS_M2_MACROPHAGE_CELL",1.51344968723405e-16,2.75004882192528e-15,1.04762648849882,-0.409550863305727,-2.15564744230117,457
"TRAVAGLINI_LUNG_BASOPHIL_MAST_2_CELL",1.32473680239777e-15,2.34983075663415e-14,1.01754479730988,-0.399395741766472,-2.1111877053502,470
"CUI_DEVELOPING_HEART_C7_MAST_CELL",1.29469879704737e-13,2.24314093907045e-12,0.943632225232838,-0.543402279814056,-2.50708232278023,147
"TRAVAGLINI_LUNG_NEUTROPHIL_CELL",1.49486226920868e-13,2.53107361491015e-12,0.943632225232838,-0.429599207379172,-2.18912171286689,322
"SU_HO_FOETAL_FEMUR_C3_PROLIFERATING_CHONDROCYTE",1.77077528661065e-13,2.93161686338875e-12,0.943632225232838,0.367425629337085,1.97062567632477,500
"RUBENSTEIN_SKELETAL_MUSCLE_B_CELLS",8.08230605162491e-13,1.3089821757523e-11,0.921426003494898,-0.507260930994145,-2.40047217989447,175
"DURANTE_ADULT_OLFACTORY_NEUROEPITHELIUM_MONOCYTES",9.22523345343888e-13,1.46229764315148e-11,0.910119734774459,-0.78036118977098,-2.73958381402488,36
"TRAVAGLINI_LUNG_BRONCHIAL_VESSEL_2_CELL",1.36368971120446e-12,2.11656007259859e-11,0.910119734774459,-0.452116813045385,-2.22237973195629,245
"FAN_EMBRYONIC_CTX_MICROGLIA_1",3.22882938208862e-12,4.90913855031841e-11,0.898671232061694,0.516030929582614,2.41936884654132,148
"FAN_OVARY_CL6_PUTATIVE_EARLY_ATRETIC_FOLLICLE_THECAL_CELL_2",2.06867617962509e-11,3.08232750764138e-10,0.863415391606693,-0.423651644619013,-2.11531006917081,272
"AIZARANI_LIVER_C31_KUPFFER_CELLS_5",2.56074772470243e-11,3.74070010765356e-10,0.863415391606693,-0.557121515172701,-2.44982917700016,105
"TRAVAGLINI_LUNG_IGSF21_DENDRITIC_CELL",4.36368056244808e-11,6.25181157504581e-10,0.851339057116899,-0.725371283971329,-2.63219926250947,42
"GAUTAM_EYE_IRIS_CILIARY_BODY_MONOCYTES",1.24080229338526e-10,1.7441466199472e-09,0.826657301178302,-0.530460845726534,-2.36957611904631,122
"RUBENSTEIN_SKELETAL_MUSCLE_SATELLITE_CELLS",2.18966527535711e-10,3.0209270928538e-09,0.826657301178302,-0.403767036116796,-2.03080471485574,298
"HE_LIM_SUN_FETAL_LUNG_C2_S100A12_HI_CLASSICAL_MONOCYTE",2.61380422843152e-10,3.5405166366936e-09,0.814035837847908,-0.776813243369577,-2.65062305555642,31
"HE_LIM_SUN_FETAL_LUNG_C2_NEUTROPHIL_CELL",7.56898981116787e-10,1.00694596595001e-08,0.801215574617779,-0.645647028340494,-2.47535604869015,55
"SU_HO_CONV_CENT_CHONDROSARCOMA_LEUKOCYTE_C1_M2_MACROPHAGE",9.2181440445326e-10,1.20482759880295e-08,0.801215574617779,-0.56377098924793,-2.37309321206625,87
"FAN_EMBRYONIC_CTX_MICROGLIA_3",1.00006834208414e-09,1.28457054284945e-08,0.788186810800237,-0.843368496460208,-2.60969696781469,20
"DESCARTES_FETAL_PLACENTA_LYMPHOID_CELLS",1.98650115398906e-09,2.50837857579974e-08,0.774939030136436,0.488200971920094,2.24263741475724,136
"HE_LIM_SUN_FETAL_LUNG_C2_NON_CLASSICAL_MONOCYTE",2.06542762122485e-09,2.56457262968752e-08,0.774939030136436,-0.874883307410826,-2.51761590192632,16
"AIZARANI_LIVER_C1_NK_NKT_CELLS_1",2.47817067490942e-09,3.02661828329101e-08,0.774939030136436,0.457644641650927,2.17556873472817,157
"FAN_EMBRYONIC_CTX_NSC_2",3.07846519463815e-09,3.69912350000875e-08,0.774939030136436,0.413051202519678,2.04823367767169,226
"TRAVAGLINI_LUNG_ADVENTITIAL_FIBROBLAST_CELL",1.82747381280444e-08,2.16106030244334e-07,0.73376198835648,-0.402736044480907,-1.96858726914644,231
"DURANTE_ADULT_OLFACTORY_NEUROEPITHELIUM_MAST_CELLS",2.08815313753296e-08,2.43074076165946e-07,0.73376198835648,-0.57363910900009,-2.33048571995875,73
"HE_LIM_SUN_FETAL_LUNG_C2_PROMONOCYTE_LIKE_CELL",2.14573097131356e-08,2.45933780558246e-07,0.73376198835648,0.384453752193805,1.93968531826162,269
"TRAVAGLINI_LUNG_BASOPHIL_MAST_1_CELL",2.47283240855294e-08,2.79130324904839e-07,0.73376198835648,-0.386377356993149,-1.90975249623568,251
"TRAVAGLINI_LUNG_CD4_MEMORY_EFFECTOR_T_CELL",3.15543428246504e-08,3.50865453796486e-07,0.719512826338911,0.560569593210514,2.29473706370107,71
"HE_LIM_SUN_FETAL_LUNG_C2_SPP1_POS_MACROPHAGE_CELL",4.08849730722206e-08,4.47930954982417e-07,0.719512826338911,-0.636786962860995,-2.35849679362626,46
"HE_LIM_SUN_FETAL_LUNG_C5_PRO_B_CELL",6.29972922624841e-08,6.7464423908542e-07,0.704975715167238,0.32393428310017,1.72802531009707,433
"SU_HO_CONV_CENT_CHONDROSARCOMA_LEUKOCYTE_C2_T_CELL",6.33893915919187e-08,6.7464423908542e-07,0.704975715167238,0.470737824946611,2.13308275860269,125
"TRAVAGLINI_LUNG_MYELOID_DENDRITIC_TYPE_1_CELL",7.40937393338619e-08,7.77462476108833e-07,0.704975715167238,-0.808483276500035,-2.4523026352104,19
"BUSSLINGER_DUODENAL_STEM_CELLS",9.84788826817693e-08,1.01898288330442e-06,0.704975715167238,-0.37036088718996,-1.86506501412764,283
"HE_LIM_SUN_FETAL_LUNG_C2_DC2_CELL",1.08418186283593e-07,1.09634650470142e-06,0.704975715167238,-0.617309246930417,-2.33342300275463,51
"ZHONG_PFC_C1_OPC",1.08898847446853e-07,1.09634650470142e-06,0.704975715167238,0.388267101470109,1.92389169092941,229
"BUSSLINGER_GASTRIC_PPP1R1B_POSITIVE_CELLS",1.10859298924337e-07,1.10120236931508e-06,0.704975715167238,-0.480465784706989,-2.13114923626194,112
"GAUTAM_EYE_CHOROID_SCLERA_MONOCYTES",1.63448117619e-07,1.60222167929151e-06,0.690132458796796,-0.461904512687629,-2.10070060884933,134
"GAO_LARGE_INTESTINE_ADULT_CH_MKI67HIGH_CELLS",2.44130930369104e-07,2.33176337339721e-06,0.674962860011025,0.497448769147353,2.11549778066798,90
"SU_HO_CONV_CENT_CHONDROSARCOMA_LEUKOCYTE_C4_OSTEOCLAST",2.41412554953066e-07,2.33176337339721e-06,0.674962860011025,-0.327945397171619,-1.71944553320524,441
"TRAVAGLINI_LUNG_CD8_NAIVE_T_CELL",3.01712567517122e-07,2.84526408607919e-06,0.674962860011025,0.438915805795203,2.03698628981748,142
"CUI_DEVELOPING_HEART_VASCULAR_ENDOTHELIAL_CELL",4.67032599079556e-07,4.34924107892836e-06,0.674962860011025,-0.423854240934861,-1.96381678611052,152
"ZHENG_CORD_BLOOD_C5_SIMILAR_TO_HSC_C6_PUTATIVE_ALTERED_METABOLIC_STATE",4.99123069908762e-07,4.59069984051886e-06,0.659444398037935,-0.582183239662783,-2.2555977028158,57
"HE_LIM_SUN_FETAL_LUNG_C3_CYCLING_DEFINITIVE_ERYTHROBLAST",5.83277910774132e-07,5.29929321374059e-06,0.659444398037935,0.324745812938351,1.71386481528868,383
"FAN_OVARY_CL7_ANGEIOGENIC_ENDOTHELIAL_CELL",6.13426803592708e-07,5.5060598635731e-06,0.659444398037935,-0.380093910097182,-1.86034852635019,234
"AIZARANI_LIVER_C3_NK_NKT_CELLS_2",8.05858929428042e-07,7.14720121933204e-06,0.659444398037935,0.410842198778452,1.95187034332286,162
"HE_LIM_SUN_FETAL_LUNG_C4_ILC2_CELL",9.13164180752005e-07,8.0036154665911e-06,0.659444398037935,-0.428850292098964,-1.975910830255,144
"JONES_OVARY_MACROPHAGE",1.04651784269987e-06,8.96156083691268e-06,0.643551836150722,-0.388296061454733,-1.85106495599548,193
"ZHENG_CORD_BLOOD_C6_HSC_MULTIPOTENT_PROGENITOR",1.04114186853022e-06,8.96156083691268e-06,0.643551836150722,-0.490950686566813,-2.09330421921412,91
"BUSSLINGER_DUODENAL_MATURE_ENTEROCYTES",1.1764123947097e-06,9.95940038703097e-06,0.643551836150722,-0.397987367538445,-1.89142671191835,180
"HAY_BONE_MARROW_CD8_T_CELL",1.31320889585684e-06,1.09925913192511e-05,0.643551836150722,0.517107558801738,2.11682170327192,71
"DESCARTES_FETAL_MUSCLE_LYMPHOID_CELLS",1.44743843644505e-06,1.19815737239062e-05,0.643551836150722,0.463301323317461,2.0356776810724,107
"DESCARTES_FETAL_CEREBRUM_VASCULAR_ENDOTHELIAL_CELLS",1.70326036785997e-06,1.39442744401723e-05,0.643551836150722,-0.334333044186887,-1.7077511499404,329
"HE_LIM_SUN_FETAL_LUNG_C7_SCHWANN_PRECURSOR_CELL",1.90927269596897e-06,1.54609582445314e-05,0.627256739718528,0.383356481289984,1.87262018465486,200
"FAN_OVARY_CL4_T_LYMPHOCYTE_NK_CELL_1",1.98182829328848e-06,1.58759363279561e-05,0.627256739718528,0.360572175447386,1.80856140462717,245
"FAN_OVARY_CL12_T_LYMPHOCYTE_NK_CELL_2",2.02668448922711e-06,1.60625526007894e-05,0.627256739718528,0.405424884271194,1.92368917767184,160
"DESCARTES_MAIN_FETAL_THYMOCYTES",2.11020205464496e-06,1.65484266390579e-05,0.627256739718528,0.493845125255009,2.08675785126381,84
"HU_FETAL_RETINA_FIBROBLAST",2.13715149928244e-06,1.65851861142231e-05,0.627256739718528,-0.344237481483558,-1.73352448191279,292
"HAY_BONE_MARROW_NAIVE_T_CELL",2.38897430186087e-06,1.83483077823335e-05,0.627256739718528,0.316906661873399,1.66955144039276,388
"DESCARTES_FETAL_INTESTINE_LYMPHOID_CELLS",2.66578099779332e-06,2.02653759526125e-05,0.627256739718528,0.411875996408598,1.93713654675203,149
"TRAVAGLINI_LUNG_BRONCHIAL_VESSEL_1_CELL",2.71411066151357e-06,2.04243681093698e-05,0.627256739718528,-0.377943552529126,-1.81960610302742,201
"HAY_BONE_MARROW_DENDRITIC_CELL",3.84368941153908e-06,2.86354861159661e-05,0.610526878385931,-0.392338001231534,-1.85663117249329,175
"MENON_FETAL_KIDNEY_10_IMMUNE_CELLS",4.81870245437718e-06,3.55438943416931e-05,0.610526878385931,-0.491692325118732,-2.02444166652736,78
"BUSSLINGER_GASTRIC_MATURE_PIT_CELLS",6.0315418557427e-06,4.40539086522384e-05,0.610526878385931,-0.387267171075051,-1.83737252284971,176
"ZHONG_PFC_C2_UNKNOWN_NPC",6.4290321306053e-06,4.65012518184558e-05,0.610526878385931,0.4967995640428,2.03368928077308,71
"AIZARANI_LIVER_C34_MHC_II_POS_B_CELLS",7.13313580183144e-06,5.10979439650425e-05,0.610526878385931,-0.419009812134632,-1.90285735247897,133
"CUI_DEVELOPING_HEART_C5_VALVAR_CELL",7.89099075662543e-06,5.59884582255804e-05,0.593325476396405,-0.391559464909148,-1.83727536776402,165
"GAUTAM_EYE_IRIS_CILIARY_BODY_WIF1_HIGH_FIBROBLASTS",8.1601196419399e-06,5.73517842758983e-05,0.593325476396405,-0.443557386395574,-1.93066405608614,101
"AIZARANI_LIVER_C13_LSECS_2",8.63299058596326e-06,5.95516480235429e-05,0.593325476396405,-0.360497841084923,-1.75451333052231,224
"HE_LIM_SUN_FETAL_LUNG_C3_LYMPHATIC_ENDOTHELIAL_CELL",8.58318487104424e-06,5.95516480235429e-05,0.593325476396405,-0.343918594308386,-1.71719967278737,272
"AIZARANI_LIVER_C11_HEPATOCYTES_1",8.78593726957285e-06,6.00506721635942e-05,0.593325476396405,-0.354088688678629,-1.73725890833749,238
"FAN_EMBRYONIC_CTX_BRAIN_NAIVE_LIKE_T_CELL",1.021290029781e-05,6.91691883806225e-05,0.593325476396405,0.38914853701982,1.84994931274929,157
"JONES_OVARY_T_CELL",1.05543787115994e-05,7.08379472084825e-05,0.593325476396405,0.523524177524832,2.07138429577217,60
"TRAVAGLINI_LUNG_LIPOFIBROBLAST_CELL",1.23708556172404e-05,8.22882806682512e-05,0.593325476396405,-0.432774332013094,-1.9214509577449,118
"DURANTE_ADULT_OLFACTORY_NEUROEPITHELIUM_CD8_T_CELLS",1.41961610048792e-05,9.35941588374781e-05,0.593325476396405,0.487868747310075,2.00150783487389,73
"ZHONG_PFC_C1_MICROGLIA",1.46774733699155e-05,9.59185759700616e-05,0.593325476396405,0.334763788305566,1.67895475410835,250
"BUSSLINGER_DUODENAL_TUFT_CELLS",1.52547611614066e-05,9.88243223065035e-05,0.593325476396405,-0.510903044117167,-2.00413679989098,61
"TRAVAGLINI_LUNG_CAPILLARY_INTERMEDIATE_1_CELL",1.68132309385839e-05,0.000107981526286595,0.575610261071129,-0.407433452570864,-1.8537838366155,135
"MANNO_MIDBRAIN_NEUROTYPES_HPROGBP",1.96863014214336e-05,0.000125352944948444,0.575610261071129,0.337325908046834,1.67576601021273,228
"TRAVAGLINI_LUNG_ALVEOLAR_EPITHELIAL_TYPE_2_CELL",2.29610433562668e-05,0.000144965909325583,0.575610261071129,-0.431356824286424,-1.8775588943852,101
"AIZARANI_LIVER_C9_LSECS_1",2.55698268746725e-05,0.000158746008513592,0.575610261071129,-0.331711709333846,-1.63897846972797,250
"SU_HO_CONV_CENT_CHONDROSARCOMA_STROMAL_C1_OSSIFICATION_STROMAL_CELL",2.55201767254013e-05,0.000158746008513592,0.575610261071129,-0.370577686557743,-1.75898149874808,179
"BUSSLINGER_GASTRIC_REG3A_POSITIVE_CELLS",2.85180398483319e-05,0.000175586278405019,0.575610261071129,-0.59638257618531,-2.07549621439448,35
"HAY_BONE_MARROW_PRO_B",2.94092285935923e-05,0.000179589141821527,0.575610261071129,0.331735654811284,1.6815273158334,273
"SU_HO_CONV_CENT_CHONDROSARCOMA_C7_PROLIFERATIVE",3.15506389869247e-05,0.000191099398741942,0.557332238758646,0.342916878196505,1.68640295929951,219
"DESCARTES_FETAL_HEART_LYMPHOID_CELLS",3.52376125016096e-05,0.000211709849304026,0.557332238758646,0.431240581613369,1.87533632534248,102
"HE_LIM_SUN_FETAL_LUNG_C2_PDC_CELL",4.09558700680088e-05,0.000244096985605332,0.557332238758646,0.398971908330538,1.84597676510438,141
"FAN_OVARY_CL11_MURAL_GRANULOSA_CELL",4.35245737698415e-05,0.000257347678242317,0.557332238758646,-0.294622657859217,-1.53646306400607,415
"AIZARANI_LIVER_C10_MVECS_1",4.75626394430184e-05,0.000279009184134242,0.557332238758646,-0.355207055403668,-1.7105237534731,206
"HAY_BONE_MARROW_CD34_POS_HSC",4.88631803652884e-05,0.000284398979469843,0.557332238758646,-0.474632539780553,-1.91364974062006,71
"GAO_SMALL_INTESTINE_24W_C4_ENTEROCYTE_PROGENITOR_SUBTYPE_2",5.83644768925719e-05,0.000337066164999737,0.557332238758646,-0.483170452258333,-1.92219560064289,65
"DURANTE_ADULT_OLFACTORY_NEUROEPITHELIUM_B_CELLS",6.40273634989617e-05,0.000366926044667127,0.538434096309916,-0.591087912243279,-2.0338250013349,34
"HE_LIM_SUN_FETAL_LUNG_C2_HSC_ELP_CELL",8.51421617474289e-05,0.000484205423678126,0.538434096309916,0.297758442526734,1.56914936813609,376
"ZHONG_PFC_MAJOR_TYPES_ASTROCYTES",8.90288335003871e-05,0.000502473340589306,0.538434096309916,-0.330660277293371,-1.6212689536311,237
"AIZARANI_LIVER_C28_NK_NKT_CELLS_6",9.98928374108301e-05,0.000559550104293747,0.538434096309916,0.420738061430873,1.82784079447075,99
"AIZARANI_LIVER_C14_HEPATOCYTES_2",0.000103291940985826,0.000570018489144001,0.538434096309916,-0.35657148826936,-1.69797971307227,184
"HE_LIM_SUN_FETAL_LUNG_C4_ILCP_CELL",0.000102588667624744,0.000570018489144001,0.538434096309916,-0.3572920130881,-1.693239209879,177
"AIZARANI_LIVER_C17_HEPATOCYTES_3",0.000114225629073466,0.000625721276909796,0.538434096309916,-0.426604936706432,-1.78508134748533,85
"FAN_OVARY_CL0_XBP1_SELK_HIGH_STROMAL_CELL",0.000120198121748423,0.000653632121916606,0.538434096309916,-0.381331027917489,-1.74540118359769,140
"DESCARTES_FETAL_KIDNEY_LYMPHOID_CELLS",0.000150636103621484,0.000813216646362361,0.518848077743792,0.353724769751464,1.69084530786674,168
"HE_LIM_SUN_FETAL_LUNG_C2_DC1_CELL",0.000154174296758693,0.000826329863922491,0.518848077743792,-0.304425226395249,-1.54672079154863,314
"BUSSLINGER_DUODENAL_EARLY_IMMATURE_ENTEROCYTES",0.000165068177216385,0.000878398514472908,0.518848077743792,-0.412129279901187,-1.79354803955637,100
"MANNO_MIDBRAIN_NEUROTYPES_HPROGFPL",0.000167668136594551,0.000885906111793903,0.518848077743792,0.321392142214781,1.60986141604604,240
"ZHONG_PFC_MAJOR_TYPES_NPCS",0.00017219030625374,0.000903392803936874,0.518848077743792,0.387093950136845,1.74499973481657,121
"TRAVAGLINI_LUNG_PLATELET_MEGAKARYOCYTE_CELL",0.000215843177459811,0.00112449767278013,0.518848077743792,-0.27587374814981,-1.46180744188555,479
"TRAVAGLINI_LUNG_PROLIFERATING_NK_T_CELL",0.000230279889764905,0.00119137859635315,0.518848077743792,0.381440694780868,1.7344112836977,126
"TRAVAGLINI_LUNG_B_CELL",0.000238080760546122,0.00122324252832318,0.518848077743792,-0.365435549695364,-1.68750701027082,151
"DESCARTES_FETAL_SPLEEN_AFP_ALB_POSITIVE_CELLS",0.000245418010573393,0.00125230423203546,0.49849310876659,-0.362727370453234,-1.66769114498347,149
"HE_LIM_SUN_FETAL_LUNG_C5_CD5_NEG_MATURE_B_CELL",0.000247547605546262,0.00125457800089772,0.49849310876659,-0.499976008936527,-1.88990449418855,51
"JONES_OVARY_NK_CELL",0.000250893868821481,0.00126294548832435,0.49849310876659,0.44102374063803,1.82073675094844,74
"LAKE_ADULT_KIDNEY_C10_THIN_ASCENDING_LIMB",0.000257303577936746,0.00128651788968373,0.49849310876659,-0.295457745856677,-1.50481446013232,334
"ZHONG_PFC_C3_UNKNOWN_INP",0.000273145074374074,0.0013566205360579,0.49849310876659,0.572352928681783,2.00690173362803,33
"BUSSLINGER_DUODENAL_DIFFERENTIATING_STEM_CELLS",0.000283152622142353,0.00137874969605264,0.49849310876659,-0.302798158675649,-1.5248427303156,292
"DESCARTES_FETAL_HEART_MEGAKARYOCYTES",0.000279837142401048,0.00137874969605264,0.49849310876659,-0.49289012816373,-1.87578407218918,53
"HE_LIM_SUN_FETAL_LUNG_C5_CD5_POS_CCL22_NEG_MATURE_B_CELL",0.000281441726752989,0.00137874969605264,0.49849310876659,-0.359391339990154,-1.66627193019947,157
"SU_HO_CONV_CENT_CHONDROSARCOMA_STROMAL_C6_ENDOTHELIAL_CELL",0.000304234107699772,0.00147178188465149,0.49849310876659,-0.361682472327111,-1.67888675596232,155
"MANNO_MIDBRAIN_NEUROTYPES_HRGL3",0.000310082623314103,0.00149039712496134,0.49849310876659,-0.292686993181283,-1.50074098414125,351
"DESCARTES_MAIN_FETAL_SLC26A4_PAEP_POSITIVE_CELLS",0.000339261114197676,0.00162018929536711,0.49849310876659,0.317892182194193,1.57181242339905,221
"AIZARANI_LIVER_C20_LSECS_3",0.000341532360445114,0.00162064718809942,0.49849310876659,-0.308780936149942,-1.52621563590435,251
"HU_FETAL_RETINA_RPE",0.00035502340356403,0.00166347443808304,0.49849310876659,-0.338265898316711,-1.62538727906274,198
"SU_HO_CONV_CENT_CHONDROSARCOMA_C0_CHON1",0.000353380436735188,0.00166347443808304,0.49849310876659,-0.376082575795153,-1.7103900790092,134
"DESCARTES_MAIN_FETAL_MEGAKARYOCYTES",0.000375329258195458,0.0017476268584726,0.49849310876659,-0.368041740793524,-1.6745552579883,135
"BUSSLINGER_DUODENAL_TRANSIT_AMPLIFYING_CELLS",0.000403227738310657,0.00186586748472944,0.49849310876659,-0.346999450052097,-1.64909024495891,182
"HE_LIM_SUN_FETAL_LUNG_C7_MID_SCHWANN_CELL",0.00041854301159601,0.00191419685160552,0.49849310876659,-0.344771639533813,-1.6422823003633,189
"MENON_FETAL_KIDNEY_0_CAP_MESENCHYME_CELLS",0.000418810854780806,0.00191419685160552,0.49849310876659,0.435027101345543,1.78472213382462,73
"MURARO_PANCREAS_ENDOTHELIAL_CELL",0.000431775099729295,0.00196141737377027,0.49849310876659,-0.298963665606062,-1.51313795989636,308
"HAY_BONE_MARROW_FOLLICULAR_B_CELL",0.000449039770344983,0.00202748259943644,0.49849310876659,-0.374081392797424,-1.68071160801313,128
"HE_LIM_SUN_FETAL_LUNG_C6_DEUTEROSOMAL_CELL",0.000458049446568806,0.00205570384152868,0.49849310876659,0.335836341133531,1.62701233861311,188
"HE_LIM_SUN_FETAL_LUNG_C0_PERICYTE",0.000464108866719083,0.00207042578266896,0.49849310876659,-0.363723954194297,-1.66105439633665,137
"AIZARANI_LIVER_C21_STELLATE_CELLS_1",0.000473280978709579,0.00208635697715169,0.49849310876659,-0.346186616619857,-1.61164146098858,159
"BUSSLINGER_GASTRIC_IMMATURE_PIT_CELLS",0.000472033976335704,0.00208635697715169,0.49849310876659,-0.36403477766204,-1.65632395312075,135
"TRAVAGLINI_LUNG_ALVEOLAR_FIBROBLAST_CELL",0.000491843037687769,0.00215003412840363,0.477270815362862,-0.384283622719169,-1.69792192399967,114
"TRAVAGLINI_LUNG_LYMPHATIC_CELL",0.000493497766385263,0.00215003412840363,0.477270815362862,-0.347863701001534,-1.61173467038715,152
"FAN_OVARY_CL16_LYMPHATIC_ENDOTHELIAL_CELL",0.000519942445875926,0.00225207629173003,0.477270815362862,-0.318800912126771,-1.53933374950386,208
"DESCARTES_FETAL_CEREBELLUM_VASCULAR_ENDOTHELIAL_CELLS",0.000524660384316442,0.00225937564344364,0.477270815362862,-0.289407374050667,-1.49405769539786,369
"DESCARTES_FETAL_STOMACH_LYMPHOID_CELLS",0.000543037580639208,0.00232507469871385,0.477270815362862,0.417595771839094,1.74757244578185,81
"MANNO_MIDBRAIN_NEUROTYPES_HRGL2A",0.000566990332538363,0.00241375884423474,0.477270815362862,-0.285592460307,-1.4724277595038,358
"LAKE_ADULT_KIDNEY_C8_DECENDING_THIN_LIMB",0.00066341071537564,0.00280818740315257,0.477270815362862,-0.306890564702616,-1.53358807336605,266
"DESCARTES_FETAL_PANCREAS_LYMPHOID_CELLS",0.00067080799304356,0.00282345737185001,0.477270815362862,0.361759307955826,1.66180529294647,136
"AIZARANI_LIVER_C32_MVECS_3",0.000675616772422206,0.00282772188457609,0.477270815362862,-0.391150766724144,-1.72318989351849,106
"DESCARTES_FETAL_ADRENAL_MEGAKARYOCYTES",0.000757294948616362,0.00315187003753737,0.477270815362862,-0.470093089134241,-1.78902574561465,53
"GAUTAM_EYE_CORNEA_TGFBI_HIGH_EPITHELIAL_CELLS",0.00080168867276133,0.00331810034003995,0.477270815362862,-0.400083337175412,-1.72651121702489,96
"HAY_BONE_MARROW_NK_CELLS",0.000811212751825634,0.00333896961386794,0.477270815362862,-0.277117322641084,-1.42678388857193,356
"MURARO_PANCREAS_PANCREATIC_POLYPEPTIDE_CELL",0.000886953791684457,0.00363066249892813,0.477270815362862,-0.405183317356455,-1.71256478507842,88
"DESCARTES_FETAL_LUNG_LYMPHOID_CELLS",0.000976319522164965,0.00397463412028907,0.477270815362862,0.349344481084559,1.61231580923132,139
"DESCARTES_MAIN_FETAL_TROPHOBLAST_GIANT_CELLS",0.000989939749236678,0.00400817996294198,0.45505986738723,-0.402674542059523,-1.68921474272292,86
"HE_LIM_SUN_FETAL_LUNG_C3_OMD_POS_ENDOTHELIAL_CELL",0.00100192819332004,0.00403479191364017,0.45505986738723,-0.300079496253011,-1.49168385632105,262
"ZHENG_CORD_BLOOD_C1_PUTATIVE_MEGAKARYOCYTE_PROGENITOR",0.00104548260841113,0.00418755130788329,0.45505986738723,-0.438488306391343,-1.77300028325031,72
"LAKE_ADULT_KIDNEY_C23_ENDOTHELIAL_CELLS_AVR",0.00108113967324562,0.00430721420624592,0.45505986738723,-0.365277400920305,-1.62181827373108,116
"DESCARTES_FETAL_ADRENAL_STROMAL_CELLS",0.00112012409656009,0.00443878963796418,0.45505986738723,0.511290983398647,1.82285203647126,38
"HAY_BONE_MARROW_PLASMA_CELL",0.00117311921510702,0.00462420008071285,0.45505986738723,0.367934853075725,1.62811587165849,113
"SU_HO_FOETAL_FEMUR_C5_ENDOTHELIAL_CELL",0.0012264650217576,0.00480903390110217,0.45505986738723,-0.280871805069341,-1.43965127907596,346
"DESCARTES_FETAL_ADRENAL_LYMPHOID_CELLS",0.00128955090630487,0.00502992369213156,0.45505986738723,0.339932562315634,1.58577923375876,147
"BUSSLINGER_GASTRIC_LYZ_POSITIVE_CELLS",0.00134359088386338,0.00521341254415737,0.45505986738723,-0.397369261100327,-1.67953756752125,88
"DESCARTES_FETAL_EYE_VASCULAR_ENDOTHELIAL_CELLS",0.00143306031036727,0.00553176130167679,0.45505986738723,-0.455911122109561,-1.7350536606871,53
"AIZARANI_LIVER_C33_STELLATE_CELLS_2",0.0014460916317045,0.00555329002896831,0.45505986738723,0.369459261613327,1.6401902479815,109
"BUSSLINGER_GASTRIC_X_CELLS",0.0014750092279079,0.00563529166559684,0.45505986738723,-0.344620167470458,-1.5650302224259,133
"HE_LIM_SUN_FETAL_LUNG_C3_INTERMEDIATE_LYMPHATIC_ENDO_CELL",0.00168516712258737,0.00640535462412038,0.45505986738723,-0.285459561646412,-1.43839020789813,295
"GAUTAM_EYE_IRIS_CILIARY_BODY_FIBROBLASTS",0.00170464882342653,0.00641395643157964,0.45505986738723,-0.400485617996747,-1.67111826597208,84
"LAKE_ADULT_KIDNEY_C7_PROXIMAL_TUBULE_EPITHELIAL_CELLS_S3",0.00169616824554335,0.00641395643157964,0.45505986738723,-0.364524877485583,-1.61877146145512,117
"FAN_OVARY_CL1_GPRC5A_TNFRS12A_HIGH_SELECTABLE_FOLLICLE_STROMAL_CELL",0.00171570185297763,0.00642310492697657,0.45505986738723,-0.27020636726015,-1.39409742821286,368
"BUSSLINGER_GASTRIC_CHIEF_CELLS",0.00181374891412916,0.00675621470513113,0.45505986738723,-0.498152401216208,-1.79248834381355,39
"DESCARTES_FETAL_THYMUS_THYMOCYTES",0.00185389225025677,0.00687139167383728,0.45505986738723,0.58247385810365,1.80955817935962,21
"RUBENSTEIN_SKELETAL_MUSCLE_FBN1_FAP_CELLS",0.00187845583675442,0.00692796830882201,0.45505986738723,-0.302659233706924,-1.4957149664313,247
"GAUTAM_EYE_IRIS_CILIARY_BODY_MEG3_HIGH_FIBROBLASTS",0.00191287081291148,0.00702014165329581,0.45505986738723,-0.376810748089006,-1.61039491575787,93
"GAO_SMALL_INTESTINE_24W_C6_GOBLET_CELLS",0.00197300034730555,0.00720531989579723,0.431707695803346,-0.563626672113234,-1.84805144375386,26
"SU_HO_FOETAL_FEMUR_C0_TRANSITIONING_CELL",0.00220474888044864,0.00801238007772798,0.431707695803346,-0.321843669831772,-1.53260717733622,184
"CUI_DEVELOPING_HEART_C4_ENDOTHELIAL_CELL",0.00241343212228484,0.00872818898593305,0.431707695803346,-0.363714090795087,-1.60738725653066,110
"BUSSLINGER_GASTRIC_PREZYMOGENIC_CELLS",0.00248469488180113,0.00894250090310067,0.431707695803346,-0.489833211493276,-1.76255362790749,39
"DESCARTES_FETAL_PLACENTA_VASCULAR_ENDOTHELIAL_CELLS",0.00259296934021882,0.00928731806953376,0.431707695803346,-0.478371862807474,-1.73589731536282,42
"TRAVAGLINI_LUNG_CD8_MEMORY_EFFECTOR_T_CELL",0.002671860592968,0.00952409637206297,0.431707695803346,0.520240597313372,1.75991754477974,29
"RUBENSTEIN_SKELETAL_MUSCLE_NK_CELLS",0.0026909271022703,0.00954638424376844,0.431707695803346,-0.296507053559617,-1.44307543284757,224
"FAN_OVARY_CL14_MATURE_SMOOTH_MUSCLE_CELL",0.00274328598337063,0.00964032102646753,0.431707695803346,-0.284023613217979,-1.43217226786496,287
"SU_HO_CONV_CENT_CHONDROSARCOMA_STROMAL_C2_GRANULATING_CANCER_ASSOCIATED_FIBROBLAST",0.00273052008966702,0.00964032102646753,0.431707695803346,-0.312982075192114,-1.48325040104915,177
"BUSSLINGER_GASTRIC_METALLOTHIONEIN_CELLS",0.00278374660213616,0.00973657849103962,0.431707695803346,-0.391772194325645,-1.62552328700061,82
"GAO_LARGE_INTESTINE_24W_C1_DCLK1POS_PROGENITOR",0.00290282010543095,0.0101056120492806,0.431707695803346,-0.415547547556992,-1.64250046603331,63
"LAKE_ADULT_KIDNEY_C17_COLLECTING_SYSTEM_PCS_STRESSED_DISSOC_SUBSET",0.0031412922348488,0.01088494286029,0.431707695803346,-0.299559711916882,-1.44533268698626,207
"DESCARTES_FETAL_ADRENAL_VASCULAR_ENDOTHELIAL_CELLS",0.00321477275496222,0.0110879893631799,0.431707695803346,-0.436153008666052,-1.67217371220758,55
"HE_LIM_SUN_FETAL_LUNG_C0_MESENCHYMAL_2_CELL",0.00326861599531156,0.0111702702592069,0.431707695803346,0.288998482746413,1.43491010003072,231
"TRAVAGLINI_LUNG_ALVEOLAR_EPITHELIAL_TYPE_1_CELL",0.00326088082961021,0.0111702702592069,0.431707695803346,-0.276690550664153,-1.40935838662044,318
"DESCARTES_FETAL_THYMUS_VASCULAR_ENDOTHELIAL_CELLS",0.00350722515200529,0.0119309714075066,0.431707695803346,-0.404042471315332,-1.64456564399744,75
"HAY_BONE_MARROW_STROMAL",0.00355182402802442,0.0120277677312645,0.431707695803346,-0.262946902160362,-1.35382515959933,356
"FAN_EMBRYONIC_CTX_BRAIN_B_CELL",0.00370354816486261,0.0124848116869803,0.431707695803346,-0.36714474342421,-1.59311147509988,98
"AIZARANI_LIVER_C39_EPCAM_POS_BILE_DUCT_CELLS_4",0.00374720923978215,0.0125750940704401,0.431707695803346,-0.314755032116764,-1.47893031015052,169
"DESCARTES_FETAL_EYE_CORNEAL_AND_CONJUNCTIVAL_EPITHELIAL_CELLS",0.00378438393462126,0.0126428970013132,0.431707695803346,-0.32103980349379,-1.48845994189262,157
"ZHONG_PFC_C3_ASTROCYTE",0.00385805989641661,0.0128314938519213,0.431707695803346,0.281819412045023,1.42850800814702,273
"BUSSLINGER_DUODENAL_LATE_IMMATURE_ENTEROCYTES",0.00400675850693573,0.0132668226118538,0.407017918923954,-0.336866364545753,-1.51350807643039,128
"FAN_OVARY_CL5_HEALTHY_SELECTABLE_FOLLICLE_THECAL_CELL",0.00419734288635566,0.0138363736740485,0.407017918923954,-0.275990230143252,-1.3915072249474,293
"AIZARANI_LIVER_C29_MVECS_2",0.00493563441860978,0.0161984477615167,0.407017918923954,-0.281431800802001,-1.39054681891565,250
"HE_LIM_SUN_FETAL_LUNG_C0_RESTING_CHONDROCYTE",0.0050174477770195,0.0163947306749102,0.407017918923954,-0.422665717088274,-1.61534679744977,54
"TRAVAGLINI_LUNG_CAPILLARY_AEROCYTE_CELL",0.00512508301245541,0.0166733049968528,0.407017918923954,-0.463917661054708,-1.61449946352994,35
"BUSSLINGER_ESOPHAGEAL_LATE_SUPRABASAL_CELLS",0.00515178983209548,0.0166873192387441,0.407017918923954,-0.375154200548735,-1.57376724915398,86
"HE_LIM_SUN_FETAL_LUNG_C2_APOE_POS_M1_MACROPHAGE_CELL",0.00520808642150404,0.0167966423550671,0.407017918923954,-0.669531386367722,-1.79691610944907,13
"AIZARANI_LIVER_C4_EPCAM_POS_BILE_DUCT_CELLS_1",0.00536794539365497,0.0172375832684179,0.407017918923954,-0.316790946133281,-1.47148950943585,154
"DURANTE_ADULT_OLFACTORY_NEUROEPITHELIUM_OLFACTORY_ENSHEATHING_GLIA",0.00545894658181445,0.0174271540096699,0.407017918923954,-0.372771172011197,-1.55547337178233,84
"GAUTAM_EYE_CHOROID_SCLERA_ACTIVATED_T_CELLS",0.00547376380974868,0.0174271540096699,0.407017918923954,0.339875719823028,1.51417532920956,115
"DESCARTES_FETAL_PLACENTA_AFP_ALB_POSITIVE_CELLS",0.00550134616691592,0.0174404378483079,0.407017918923954,-0.337343708768367,-1.51716419088863,127
"DESCARTES_FETAL_EYE_LENS_FIBRE_CELLS",0.00563895473134095,0.0178009376052924,0.407017918923954,-0.53114254279088,-1.74962148781072,27
"DESCARTES_MAIN_FETAL_ANTIGEN_PRESENTING_CELLS",0.00567872770270168,0.0178508529051171,0.407017918923954,-0.353502351849576,-1.51078065849793,93
"HE_LIM_SUN_FETAL_LUNG_C1_AT1_CELL",0.00578447415024527,0.0181068623610619,0.407017918923954,-0.531374543400749,-1.74230131520198,26
"LAKE_ADULT_KIDNEY_C24_ENDOTHELIAL_CELLS_AEA_AND_DVR",0.00583823356146651,0.0181986778380441,0.407017918923954,-0.326302359835788,-1.48464500569666,135
"GAO_LARGE_INTESTINE_24W_C2_MKI67POS_PROGENITOR",0.00601527234811402,0.0186724079139373,0.407017918923954,0.360913670708565,1.53321741983337,89
"GAO_LARGE_INTESTINE_ADULT_CE_OLFM4HIGH_STEM_CELL",0.00613745285666739,0.018972623976005,0.407017918923954,-0.28222918257528,-1.37446786176648,219
"LAKE_ADULT_KIDNEY_C19_COLLECTING_DUCT_INTERCALATED_CELLS_TYPE_A_MEDULLA",0.00698437664432266,0.0215014900827289,0.407017918923954,-0.270318466903301,-1.35900262187681,301
"HE_LIM_SUN_FETAL_LUNG_C1_PROXIMAL_BASAL_CELL",0.0070153028980612,0.0215078216422041,0.407017918923954,-0.321473746418021,-1.44390918586949,125
"TRAVAGLINI_LUNG_NATURAL_KILLER_T_CELL",0.00721133520958562,0.0220182161112348,0.407017918923954,0.486589558524606,1.70618053937008,33
"ZHENG_CORD_BLOOD_C8_PUTATIVE_LYMPHOID_PRIMED_MULTIPOTENT_PROGENITOR_2",0.00735956843262376,0.0223790958461416,0.407017918923954,-0.352264091896953,-1.49427966381391,89
"GAUTAM_EYE_IRIS_CILIARY_BODY_ACTIVATED_T_CELLS",0.00763171026567327,0.0231122932842544,0.407017918923954,0.331270143242144,1.49675849509642,123
"HE_LIM_SUN_FETAL_LUNG_C3_SCG3_POS_LYMPHATIC_ENDOTHELIAL_CELL",0.00777164746262034,0.0234407990269318,0.407017918923954,-0.245655487713559,-1.30200906303654,491
"GAUTAM_EYE_CORNEA_MELANOCYTES",0.00780855958108058,0.0234571648705848,0.407017918923954,-0.278779422294883,-1.37472159765214,246
"DURANTE_ADULT_OLFACTORY_NEUROEPITHELIUM_CD4_T_CELLS",0.0079107911694802,0.0236688330171195,0.380730400722792,0.491847160873268,1.67235308271988,30
"FAN_OVARY_CL2_PUTATIVE_EARLY_ATRETIC_FOLLICLE_THECAL_CELL_1",0.0080453082045491,0.0239750184495563,0.380730400722792,-0.351864444237644,-1.51842842078217,96
"DESCARTES_MAIN_FETAL_SKELETAL_MUSCLE_CELLS",0.00814839172178335,0.0241854654690382,0.380730400722792,-0.375553828407543,-1.50502163775309,68
"HAY_BONE_MARROW_CD34_POS_GRAN",0.00856020792964024,0.0253069639189761,0.380730400722792,-0.582411335019464,-1.68846138313583,17
"TRAVAGLINI_LUNG_MUCOUS_CELL",0.00871970108139995,0.0256765901408813,0.380730400722792,-0.340668778558542,-1.45593317528866,93
"BUSSLINGER_ESOPHAGEAL_QUIESCENT_BASAL_CELLS",0.00888246202865323,0.026052890595853,0.380730400722792,-0.372539894611015,-1.49294338096161,68
"MANNO_MIDBRAIN_NEUROTYPES_HRGL2B",0.00932206692981109,0.0272350582851344,0.380730400722792,-0.262018140407997,-1.31981610022735,284
"ZHONG_PFC_C8_UNKNOWN_NEUROD2_POS_INTERNEURON",0.00940008843477408,0.0273557261090105,0.380730400722792,0.398716117156964,1.52924565205475,53
"DESCARTES_FETAL_LIVER_HEPATOBLASTS",0.00957038571718724,0.0277429469233638,0.380730400722792,-0.283570730190996,-1.37604380081816,217
"DESCARTES_FETAL_LIVER_LYMPHOID_CELLS",0.00985652100341167,0.0283517689094274,0.380730400722792,0.33842442451431,1.47734402374951,101
"HE_LIM_SUN_FETAL_LUNG_C0_EARLY_FIBROBLAST",0.00984966181622074,0.0283517689094274,0.380730400722792,0.372052619799881,1.51802735425339,68
"DESCARTES_FETAL_SPLEEN_LYMPHOID_CELLS",0.0100232728192129,0.0287205317319753,0.380730400722792,0.330971925185309,1.46749737293311,110
"LAKE_ADULT_KIDNEY_C6_PROXIMAL_TUBULE_EPITHELIAL_CELLS_FIBRINOGEN_POS_S3",0.0101239187568465,0.0288977757618799,0.380730400722792,-0.301366479970168,-1.39890713712912,155
"FAN_OVARY_CL17_PUTATIVE_APOPTOTIC_SMOOTH_MUSCLE_CELL",0.0106439496225483,0.0302661926290019,0.380730400722792,-0.275041123811459,-1.33999500905661,222
"SU_HO_CONV_CENT_CHONDROSARCOMA_C5_CHON2",0.0111579431656895,0.0316071013628846,0.380730400722792,0.272846307258216,1.36854514658539,245
"DESCARTES_FETAL_LIVER_VASCULAR_ENDOTHELIAL_CELLS",0.0112452302143725,0.0317336989004072,0.380730400722792,-0.401522812078617,-1.53454269502241,54
"SU_HO_CONV_CENT_CHONDROSARCOMA_LEUKOCYTE_C3_SKELETAL_PROGENITOR_LIKE_CELL",0.0112942927766755,0.0317518796929179,0.380730400722792,0.272152000703145,1.35199538935623,228
"HE_LIM_SUN_FETAL_LUNG_C3_PRIMITIVE_ERYTHROCYTE",0.0114240799201057,0.0318761780542274,0.380730400722792,-0.360096385042968,-1.4826225438252,78
"MENON_FETAL_KIDNEY_6_COLLECTING_DUCT_CELLS",0.0113903279588349,0.0318761780542274,0.380730400722792,-0.358575694907467,-1.48778588850035,82
"DESCARTES_MAIN_FETAL_DUCTAL_CELLS",0.0117098962783213,0.03255176390802,0.380730400722792,-0.469122223946209,-1.6007273218875,31
"MURARO_PANCREAS_EPSILON_CELL",0.0125295803858407,0.0347008824812316,0.380730400722792,-0.483440675699077,-1.62176887706498,29
"LAKE_ADULT_KIDNEY_C9_THIN_ASCENDING_LIMB",0.013088458873596,0.0361144513364039,0.380730400722792,-0.270111954011658,-1.33609750236246,256
"HE_LIM_SUN_FETAL_LUNG_C1_PROXIMAL_SECRETORY_2_CELL",0.0140844561210856,0.0385612269190337,0.380730400722792,-0.286617509930098,-1.36418584211594,186
"MANNO_MIDBRAIN_NEUROTYPES_HPROGFPM",0.0141304898642902,0.0385612269190337,0.380730400722792,0.261552141890769,1.3152725725275,260
"RUBENSTEIN_SKELETAL_MUSCLE_FAP_CELLS",0.0141121269582587,0.0385612269190337,0.380730400722792,-0.306490214807205,-1.41184279479093,148
"HE_LIM_SUN_FETAL_LUNG_C0_EARLY_MESOTHELIAL_CELL",0.0142156979093458,0.0386521713228563,0.380730400722792,-0.242570784209753,-1.27104112541078,434
"MENON_FETAL_KIDNEY_5_PROXIMAL_TUBULE_CELLS",0.0143585680485528,0.0388986661678976,0.380730400722792,-0.340322695665993,-1.45611633834731,94
"HE_LIM_SUN_FETAL_LUNG_C3_ARTERIAL_ENDOTHELIAL_CELL",0.0145014381994889,0.0390020630275064,0.380730400722792,-0.27032321800583,-1.31700946367658,222
"MURARO_PANCREAS_DELTA_CELL",0.0144614265770007,0.0390020630275064,0.380730400722792,-0.29902570286831,-1.38744712148409,156
"SU_HO_CONV_CENT_CHONDROSARCOMA_C4_HIGH_GRADE_CHONDROSARCOMA_1",0.0150735625990539,0.0403949789075365,0.380730400722792,-0.340490154701075,-1.45055479829664,90
"LAKE_ADULT_KIDNEY_C13_THICK_ASCENDING_LIMB",0.0153553033059043,0.0410025124118234,0.380730400722792,-0.337949580201333,-1.43973145295126,90
"HAY_BONE_MARROW_PLATELET",0.0158631635319751,0.042207345826148,0.352487857583619,-0.297897660653871,-1.38373046290668,154
"DESCARTES_FETAL_LUNG_BRONCHIOLAR_AND_ALVEOLAR_EPITHELIAL_CELLS",0.0166059372201195,0.0440264171850145,0.352487857583619,-0.674704698683193,-1.70593642739739,10
"HE_LIM_SUN_FETAL_LUNG_C1_EARLY_TIP_CELL",0.0168189668226505,0.0444330861094846,0.352487857583619,0.318304764124888,1.40813099053448,112
"HE_LIM_SUN_FETAL_LUNG_C1_EARLY_STALK_CELL",0.0170299185959524,0.0448314111448217,0.352487857583619,0.235817055308626,1.25955300997545,465
"DURANTE_ADULT_OLFACTORY_NEUROEPITHELIUM_NK_CELLS",0.0176940350171953,0.046415690450037,0.352487857583619,-0.350755313481565,-1.46079217734251,83
"GAO_SMALL_INTESTINE_24W_C2_PROCRPOS_PROGENITOR",0.0181388645915623,0.0474156284937331,0.352487857583619,0.5733282646139,1.60313623470816,15
"DESCARTES_FETAL_STOMACH_PARIETAL_AND_CHIEF_CELLS",0.0185158476045386,0.0482318407880463,0.352487857583619,-0.573390324858491,-1.65002188022838,16
"DESCARTES_FETAL_HEART_ELF3_AGBL2_POSITIVE_CELLS",0.0187010194859289,0.0485444582474462,0.352487857583619,-0.637341717809666,-1.67752337380845,12
"LAKE_ADULT_KIDNEY_C18_COLLECTING_DUCT_PRINCIPAL_CELLS_MEDULLA",0.0188070375299167,0.0486501491659304,0.352487857583619,-0.25437701665385,-1.28356381204016,294
"ZHONG_PFC_C9_ORG_OTHER",0.0191767472238529,0.0494348674109702,0.352487857583619,-0.372802627695562,-1.47354615212696,63
"DESCARTES_FETAL_SPLEEN_MESOTHELIAL_CELLS",0.0193361000425053,0.0496737742471258,0.352487857583619,-0.320522795611596,-1.40107382999607,102
"VANGURP_PANCREATIC_BETA_CELL",0.0195814278082608,0.0501311467943447,0.352487857583619,-0.324449453382833,-1.37629191075009,89
"DESCARTES_FETAL_PANCREAS_SMOOTH_MUSCLE_CELLS",0.0202833525903528,0.0517503345199069,0.352487857583619,0.653444168344857,1.62702234698218,10
"HE_LIM_SUN_FETAL_LUNG_C1_GHRL_POS_NEUROENDOCRINE_CELL",0.0208924776628136,0.053122511463468,0.352487857583619,-0.348218788253823,-1.40396778132628,71
"HE_LIM_SUN_FETAL_LUNG_C5_LATE_PRO_B_CELL",0.021226132708113,0.0537873090732796,0.352487857583619,-0.527267776183269,-1.63156333501579,20
"MANNO_MIDBRAIN_NEUROTYPES_HNBML5",0.0215720708842044,0.0544786196906178,0.352487857583619,0.255200811292231,1.28119979058788,253
"DESCARTES_MAIN_FETAL_ADRENOCORTICAL_CELLS",0.0221372826501334,0.0557171472106397,0.352487857583619,-0.388740073184182,-1.45192996479187,48
"SU_HO_CONV_CENT_CHONDROSARCOMA_STROMAL_C3_FIBROCARTILAGE_CHONDROCYTE",0.0223098930411675,0.0559625263153866,0.352487857583619,-0.373060785706479,-1.42576632331692,54
"AIZARANI_LIVER_C8_RESIDENT_B_CELLS_1",0.0223972116049294,0.0559930290123236,0.352487857583619,0.455663584813077,1.5977415201119,33
"DESCARTES_FETAL_LUNG_SQUAMOUS_EPITHELIAL_CELLS",0.0224835376449221,0.0560208546671136,0.352487857583619,-0.321434877136181,-1.41952757470331,108
"LAKE_ADULT_KIDNEY_C22_ENDOTHELIAL_CELLS_GLOMERULAR_CAPILLARIES",0.0228527455277064,0.0567509847271375,0.352487857583619,-0.311002985056879,-1.38109300004454,117
"CUI_DEVELOPING_HEART_C9_B_T_CELL",0.0230989156572567,0.0571717347662998,0.352487857583619,0.289940729451615,1.36250604894293,152
"BUSSLINGER_DUODENAL_BCHE_CELLS",0.0245909713973929,0.060598964427557,0.352487857583619,-0.45876266177496,-1.55939360324606,30
"DESCARTES_FETAL_THYMUS_STROMAL_CELLS",0.0246462902302682,0.060598964427557,0.352487857583619,-0.318265621442861,-1.3317474213254,85
"RUBENSTEIN_SKELETAL_MUSCLE_PCV_ENDOTHELIAL_CELLS",0.0249826838602406,0.0612240114338132,0.352487857583619,-0.268167233748627,-1.2945340285093,211
"CUI_DEVELOPING_HEART_C6_EPICARDIAL_CELL",0.0250812247637435,0.0612639752425865,0.352487857583619,-0.308419661424735,-1.38618648588201,129
"TRAVAGLINI_LUNG_VASCULAR_SMOOTH_MUSCLE_CELL",0.0252922293479617,0.0615774864844166,0.352487857583619,0.394774700079937,1.48539223738033,49
"GAUTAM_EYE_IRIS_CILIARY_BODY_CILIARY_BODY_ENDOTHELIAL_CELLS",0.0259585606557713,0.062993901265634,0.352487857583619,0.242674232069729,1.26494457507364,335
"HE_LIM_SUN_FETAL_LUNG_C7_KCNIP4_POS_NEURON_CELL",0.0276670758561127,0.0669219854311818,0.352487857583619,-0.357452687327225,-1.41287371077386,63
"HAY_BONE_MARROW_CD34_POS_PRE_B",0.028770597813864,0.0693660044379569,0.352487857583619,-0.350875241355988,-1.42816017678752,75
"BUSSLINGER_DUODENAL_I_CELLS",0.0289013843285723,0.0694565526606012,0.352487857583619,-0.611439505958532,-1.60934712769209,12
"HE_LIM_SUN_FETAL_LUNG_C1_INTERM_NEUROENDOCRINE_CELL",0.0293715984212519,0.0703596167968895,0.352487857583619,-0.293382311164882,-1.33486188469457,135
"HE_LIM_SUN_FETAL_LUNG_C1_SQUAMOUS_CELL",0.0295530573067711,0.0705673964536681,0.352487857583619,-0.266419862903844,-1.26075837896406,175
"HE_LIM_SUN_FETAL_LUNG_C3_DEFINITIVE_RETICULOCYTE",0.0299509198891267,0.0712889307265156,0.352487857583619,-0.345976574235795,-1.40470121341843,76
"HE_LIM_SUN_FETAL_LUNG_C0_VASCULAR_SMC_2_CELL",0.0300695006803117,0.0713432420599753,0.352487857583619,-0.312294868181251,-1.38126886100041,111
"HE_LIM_SUN_FETAL_LUNG_C0_VASCULAR_SMC_1_CELL",0.0304171249656333,0.0719389146012596,0.352487857583619,-0.331588682850518,-1.38089704288863,81
"MANNO_MIDBRAIN_NEUROTYPES_HNBML1",0.0312372307936876,0.073644737156004,0.352487857583619,-0.276306613314145,-1.30103896588052,170
"ZHONG_PFC_C3_MICROGLIA",0.0331648904562262,0.0779427236274085,0.321775918075361,0.245779964878156,1.2746820122566,325
"DESCARTES_FETAL_PANCREAS_ISLET_ENDOCRINE_CELLS",0.0333776676043121,0.0781961080667059,0.321775918075361,-0.463952918971546,-1.52829406603327,27
"DESCARTES_MAIN_FETAL_PARIETAL_AND_CHIEF_CELLS",0.034491384614642,0.0805519797426593,0.321775918075361,-0.341143486806485,-1.39160800998565,77
"DESCARTES_FETAL_PLACENTA_EXTRAVILLOUS_TROPHOBLASTS",0.0352190807401032,0.0818147296732608,0.321775918075361,-0.442512173084179,-1.50415609107368,30
"HU_FETAL_RETINA_AMACRINE",0.0352517157384117,0.0818147296732608,0.321775918075361,-0.426490859048965,-1.45526162643113,31
"LAKE_ADULT_KIDNEY_C4_PROXIMAL_TUBULE_EPITHELIAL_CELLS_S2",0.0357691819962419,0.0827578900223608,0.321775918075361,-0.292052841340973,-1.32823032633166,134
"LAKE_ADULT_KIDNEY_C21_COLLECTING_DUCT_INTERCALATED_CELLS_TYPE_B",0.0374392972537035,0.0860975290531863,0.321775918075361,-0.338691894422577,-1.3816073629541,77
"TRAVAGLINI_LUNG_CLUB_CELL",0.0374437576016542,0.0860975290531863,0.321775918075361,-0.32047740585618,-1.36775550333584,92
"BUSSLINGER_GASTRIC_G_CELLS",0.0398758187710878,0.0910448694169582,0.321775918075361,-0.337270055925099,-1.33577049760702,64
"DESCARTES_FETAL_THYMUS_THYMIC_EPITHELIAL_CELLS",0.0398819987340065,0.0910448694169582,0.321775918075361,-0.306892377023538,-1.35597580653974,114
"HE_LIM_SUN_FETAL_LUNG_C2_BASOPHIL_CELL",0.039961976240732,0.0910448694169582,0.321775918075361,-0.312002249382007,-1.3575442919258,99
"DESCARTES_FETAL_PANCREAS_ERYTHROBLASTS",0.0413233045639585,0.0938593350614302,0.321775918075361,-0.349558142247688,-1.41341667767183,72
"TRAVAGLINI_LUNG_BASAL_CELL",0.0425733529059679,0.0964047049086508,0.321775918075361,-0.270485602606087,-1.26525213290585,163
"TRAVAGLINI_LUNG_NATURAL_KILLER_CELL",0.0427455514946469,0.0965013207985211,0.321775918075361,-0.295525994844414,-1.3282361389925,129
"DESCARTES_MAIN_FETAL_ELF3_AGBL2_POSITIVE_CELLS",0.042999706371827,0.096781816456227,0.321775918075361,0.285112264542863,1.30971355783094,136
"DESCARTES_MAIN_FETAL_CILIATED_EPITHELIAL_CELLS",0.0437313789948437,0.0981321606962608,0.321775918075361,0.240847265743729,1.24213715128284,314
"MANNO_MIDBRAIN_NEUROTYPES_BASAL",0.0453707772644252,0.101505192378369,0.321775918075361,-0.334759049608141,-1.36256277764702,75
"GAUTAM_EYE_CHOROID_SCLERA_CHOROID_ENDOTHELIAL_CELLS",0.0480769230769231,0.107237448180562,0.287857117255149,-0.291549045885768,-1.30103228466596,121
"DESCARTES_FETAL_LIVER_MEGAKARYOCYTES",0.048828125,0.107943481083086,0.287857117255149,-0.33676858965611,-1.35780223695232,71
"HE_LIM_SUN_FETAL_LUNG_C3_AEROCYTE",0.0485436893203883,0.107943481083086,0.287857117255149,-0.339994230945711,-1.35259805708977,65
"LAKE_ADULT_KIDNEY_C26_MESANGIAL_CELLS",0.0487329434697856,0.107943481083086,0.287857117255149,-0.275644881729107,-1.27712782713023,152
"HE_LIM_SUN_FETAL_LUNG_C0_MYOFIBROBLAST_1_CELL",0.0491159135559921,0.108258448518385,0.287857117255149,-0.389576934650821,-1.43061578807038,44
"DESCARTES_FETAL_STOMACH_MESOTHELIAL_CELLS",0.0516528925619835,0.112823559562918,0.287857117255149,-0.566227128003915,-1.49034531330438,12
"DESCARTES_MAIN_FETAL_ISLET_ENDOCRINE_CELLS",0.051792828685259,0.112823559562918,0.282013350011725,-0.461970601954015,-1.48154751984724,24
"MANNO_MIDBRAIN_NEUROTYPES_HNPROG",0.051662147273136,0.112823559562918,0.321775918075361,0.278156532623036,1.29091054798028,142
"TRAVAGLINI_LUNG_GOBLET_CELL",0.0516252390057361,0.112823559562918,0.276500599254472,-0.299152045785872,-1.3220636712483,110
"DESCARTES_FETAL_ADRENAL_ERYTHROBLASTS",0.0520231213872832,0.112994826336811,0.276500599254472,-0.371402397210336,-1.39543843478318,50
"SU_HO_CONV_CENT_CHONDROSARCOMA_STROMAL_C0_MINERALISATION_STROMAL_CELL",0.0527376457365488,0.114213796725956,0.321775918075361,-0.277210538712063,-1.28752515351637,153
"GAO_LARGE_INTESTINE_ADULT_CJ_IMMUNE_CELLS",0.053742802303263,0.116053297727336,0.271288554688953,-0.242631565377215,-1.23790182595208,330
"ZHONG_PFC_C4_UNKNOWN_INP",0.0556701030927835,0.119867707526369,0.276500599254472,0.32647464004352,1.33937980970818,73
"JONES_OVARY_ENDOTHELIAL",0.0563106796116505,0.120897568618673,0.266350657088526,-0.281644516358032,-1.27282385996128,132
"DESCARTES_MAIN_FETAL_AFP_ALB_POSITIVE_CELLS",0.0569744597249509,0.121971185330714,0.266350657088526,-0.327463680081466,-1.32865714962485,74
"FAN_OVARY_CL9_PUTATIVE_APOPTOTIC_ENDOTHELIAL_CELL",0.0586011342155009,0.125094111720768,0.257206466468838,-0.237159852279489,-1.21683589522656,347
"GAUTAM_EYE_IRIS_CILIARY_BODY_MELANOCYTES",0.0596153846153846,0.126895604395604,0.257206466468838,-0.257827902837495,-1.26027142122532,231
"CUI_DEVELOPING_HEART_VALVAR_ENDOTHELIAL_CELL",0.0610687022900763,0.129250520471895,0.252961123069611,-0.292923961547844,-1.2942576445429,114
"ZHENG_CORD_BLOOD_C10_MULTILYMPHOID_PROGENITOR",0.060952380952381,0.129250520471895,0.252961123069611,-0.308482716080669,-1.31837799238716,93
"RUBENSTEIN_SKELETAL_MUSCLE_T_CELLS",0.0617760617760618,0.130377240858827,0.252961123069611,-0.262409098452728,-1.24709379931753,180
"DESCARTES_FETAL_MUSCLE_VASCULAR_ENDOTHELIAL_CELLS",0.062124248496994,0.130741709407516,0.257206466468838,-0.404858240152231,-1.38144733594475,31
"DESCARTES_MAIN_FETAL_PDE1C_ACSM3_POSITIVE_CELLS",0.0636550308008214,0.133585909708766,0.257206466468838,0.244780012506391,1.20989396478372,225
"DESCARTES_FETAL_INTESTINE_ERYTHROBLASTS",0.0641509433962264,0.133872416891285,0.245041785430996,-0.299731444778621,-1.31019037976669,102
"GAO_LARGE_INTESTINE_ADULT_CF_GOBLET_CELL_SUBTYPE_1",0.0640495867768595,0.133872416891285,0.257206466468838,-0.553122601304464,-1.45585337714715,12
"DESCARTES_FETAL_STOMACH_STROMAL_CELLS",0.065173116089613,0.135625618678105,0.252961123069611,0.479693463315289,1.46216945505266,20
"DESCARTES_FETAL_EYE_GANGLION_CELLS",0.0675675675675676,0.139827327327327,0.241339976815091,0.555479985259642,1.45381948222884,12
"GAO_ESOPHAGUS_25W_C2_KRT6BPOS_SECRETORY_PROGENITOR_CELLS",0.0674373795761079,0.139827327327327,0.241339976815091,-0.362837949921243,-1.3632599701054,50
"DESCARTES_FETAL_PANCREAS_DUCTAL_CELLS",0.0688259109311741,0.142036852198683,0.245041785430996,0.4220982992384,1.43519663850218,30
"GAO_ESOPHAGUS_25W_C4_FGFR1HIGH_EPITHELIAL_CELLS",0.0694444444444444,0.14261397735974,0.241339976815091,-0.270044423088351,-1.24156799243986,149
"HE_LIM_SUN_FETAL_LUNG_C1_SMG_BASAL_CELL",0.0696798493408663,0.14261397735974,0.234392647294686,-0.245534635512437,-1.23678675303994,284
"HU_FETAL_RETINA_BLOOD",0.0694980694980695,0.14261397735974,0.237793834423688,-0.252791159960872,-1.23967681182401,235
"DESCARTES_FETAL_LUNG_MEGAKARYOCYTES",0.0724907063197026,0.147960482762133,0.227987202850442,-0.30117768380686,-1.31044582632748,99
"DESCARTES_FETAL_INTESTINE_VASCULAR_ENDOTHELIAL_CELLS",0.0732673267326733,0.149137044852026,0.234392647294686,-0.462036263790241,-1.43852070083097,21
"TRAVAGLINI_LUNG_PLASMACYTOID_DENDRITIC_CELL",0.0735849056603774,0.149375353452265,0.227987202850442,-0.290058453130425,-1.27783411790281,106
"GAUTAM_EYE_CORNEA_MONOCYTES",0.0737864077669903,0.149377374419586,0.231126709673834,-0.248617208776563,-1.22864409430034,247
"SU_HO_FOETAL_FEMUR_C1_RESTING_CHONDROCYTE",0.0741482965931864,0.149703200438818,0.234392647294686,-0.395704086649329,-1.35021175836417,31
"HE_LIM_SUN_FETAL_LUNG_C7_FGFBP2_POS_NEURAL_PROGENITOR_CELL",0.0747474747474747,0.150505050505051,0.234392647294686,-0.389846387006815,-1.35672089148459,35
"CUI_DEVELOPING_HEART_5TH_WEEK_VENTRICULAR_CARDIOMYOCYTE",0.0758196721311475,0.151843160585228,0.234392647294686,0.350115356306125,1.31735552541604,49
"DESCARTES_FETAL_PANCREAS_ACINAR_CELLS",0.0756972111553785,0.151843160585228,0.231126709673834,-0.443703032011521,-1.42296311463301,24
"BUSSLINGER_GASTRIC_NECK_CELLS",0.076320939334638,0.152437264890899,0.227987202850442,-0.455143047235343,-1.40838249860813,20
"FAN_EMBRYONIC_CTX_BRAIN_EFFECTOR_T_CELL",0.0792682926829268,0.157900743445937,0.227987202850442,0.273951064324206,1.25243770954739,129
"MURARO_PANCREAS_ALPHA_CELL",0.0803921568627451,0.159712418300654,0.222056046145248,-0.223535954882702,-1.16730404125159,423
"FAN_EMBRYONIC_CTX_BIG_GROUPS_BRAIN_ENDOTHELIAL",0.0807692307692308,0.160034779050737,0.219250346703755,-0.243908709956431,-1.2259970913461,297
"FAN_EMBRYONIC_CTX_BRAIN_ENDOTHELIAL_1",0.0812379110251451,0.160536455474093,0.219250346703755,-0.230514719974657,-1.18128152071825,349
"DESCARTES_MAIN_FETAL_BRONCHIOLAR_AND_ALVEOLAR_EPITHELIAL_CELLS",0.0815109343936382,0.160649857468943,0.222056046145248,-0.518826059269009,-1.46585372433574,15
"DESCARTES_FETAL_MUSCLE_STROMAL_CELLS",0.0825147347740668,0.16219914883029,0.219250346703755,0.392522923610677,1.36850986700022,32
"LAKE_ADULT_KIDNEY_C12_THICK_ASCENDING_LIMB",0.0836501901140684,0.163998399039424,0.213927855492356,-0.233457678807455,-1.18969553683879,325
"CUI_DEVELOPING_HEART_RIGHT_VENTRICULAR_CARDIOMYOCYTE",0.0851485148514852,0.166497752137418,0.216542836735348,-0.449904913016061,-1.4007505070489,21
"ZHONG_PFC_C8_ORG_PROLIFERATING",0.0868686868686869,0.169416679887884,0.216542836735348,0.328132994524122,1.298296355663,60
"LAKE_ADULT_KIDNEY_C11_THIN_ASCENDING_LIMB",0.087890625,0.170962181788512,0.211400189384923,-0.269818854541843,-1.23499561692159,140
"FAN_EMBRYONIC_CTX_ASTROCYTE_2",0.0886792452830189,0.17204697327044,0.206587922696891,-0.292998746270018,-1.27533023967577,101
"DESCARTES_MAIN_FETAL_SCHWANN_CELLS",0.092,0.177564766839378,0.208955027549354,-0.483623775208225,-1.40206760979019,17
"HE_LIM_SUN_FETAL_LUNG_C0_MID_AIRWAY_SMC_1_CELL",0.0918163672654691,0.177564766839378,0.208955027549354,0.365924287389368,1.33838144488418,42
"FAN_EMBRYONIC_CTX_EX_4_EXCITATORY_NEURON",0.092436974789916,0.177947147851389,0.213927855492356,0.297046742448669,1.27406661698573,92
"DESCARTES_FETAL_EYE_SKELETAL_MUSCLE_CELLS",0.0933852140077821,0.179309238236592,0.204294756516886,-0.329620068119587,-1.28337249914679,58
"HE_LIM_SUN_FETAL_LUNG_C3_DEFINITIVE_ERYTHROCYTE",0.09375,0.179546915167095,0.211400189384923,-0.51360051675435,-1.37842237297354,13
"CUI_DEVELOPING_HEART_TRABECULAR_VENTRICULAR_CARDIOMYOCYTE",0.0941619585687382,0.179751966414129,0.199915231309662,-0.301515320510968,-1.2790069216015,89
"SU_HO_CONV_CENT_CHONDROSARCOMA_STROMAL_C5_VASCULAR_SMOOTH_MUSCLE_CELL",0.0943396226415094,0.179751966414129,0.199915231309662,-0.28950229363459,-1.26011129476791,101
"AIZARANI_LIVER_C7_EPCAM_POS_BILE_DUCT_CELLS_2",0.0951456310679612,0.179907348085358,0.20207170902116,-0.25518128993885,-1.20156661323423,170
"DURANTE_ADULT_OLFACTORY_NEUROEPITHELIUM_PERICYTES",0.094949494949495,0.179907348085358,0.206587922696891,0.323557516632651,1.28019294524392,60
"HE_LIM_SUN_FETAL_LUNG_C3_GRIA2_POS_ARTERIAL_ENDO_CELL",0.0946969696969697,0.179907348085358,0.199915231309662,-0.297118863655575,-1.26684856120204,91
"DESCARTES_FETAL_INTESTINE_MESOTHELIAL_CELLS",0.0964566929133858,0.181924648659424,0.20207170902116,-0.387884532899968,-1.3184696789884,30
"DESCARTES_FETAL_STOMACH_MUC13_DMBT1_POSITIVE_CELLS",0.100616016427105,0.188813431330461,0.20207170902116,-0.382984919753044,-1.31778080517977,34
"SU_HO_FOETAL_FEMUR_C2_HYPERTROPHIC_CHONDROCYTE",0.100569259962049,0.188813431330461,0.193813302725311,-0.236629619252632,-1.19384455529518,300
"HE_LIM_SUN_FETAL_LUNG_C0_LATE_AIRWAY_SMC_CELL",0.100970873786408,0.18900326877104,0.195789002148949,-0.303788534931936,-1.25400514839966,79
"CUI_DEVELOPING_HEART_ENDOCARDIAL_CELL",0.101419878296146,0.189367943184533,0.199915231309662,-0.379541387695517,-1.30019278171655,32
"ZHENG_CORD_BLOOD_C3_MEGAKARYOCYTE_ERYTHROID_PROGENITOR",0.101694915254237,0.189406779661017,0.191892240384838,-0.299808210866216,-1.27176548177061,89
"DESCARTES_FETAL_STOMACH_VASCULAR_ENDOTHELIAL_CELLS",0.103030303030303,0.19141540089171,0.197822021315103,-0.503526090387577,-1.38773235922834,14
"DESCARTES_FETAL_INTESTINE_ENS_NEURONS",0.103792415169661,0.192351615177605,0.195789002148949,-0.352756340011172,-1.28006856425219,42
"DESCARTES_FETAL_LUNG_MESOTHELIAL_CELLS",0.104838709677419,0.193808532778356,0.195789002148949,-0.368905758953294,-1.29665918328828,37
"DESCARTES_FETAL_SPLEEN_ERYTHROBLASTS",0.108870967741935,0.200764532098371,0.191892240384838,-0.365712903885306,-1.28543668338325,37
"DURANTE_ADULT_OLFACTORY_NEUROEPITHELIUM_PLASMA_CELLS",0.114688128772636,0.210969520828676,0.186432558434075,0.44708357899983,1.38894430364727,21
"DESCARTES_FETAL_KIDNEY_ERYTHROBLASTS",0.115456238361266,0.21133881469077,0.178219874951973,-0.283875108890698,-1.23539789541727,100
"DESCARTES_MAIN_FETAL_IGFBP1_DKK1_POSITIVE_CELLS",0.115456238361266,0.21133881469077,0.178219874951973,-0.283675279768805,-1.23452825778827,100
"DESCARTES_FETAL_LUNG_CSH1_CSH2_POSITIVE_CELLS",0.116465863453815,0.211646757483699,0.184706471207739,0.254079452109,1.20785269144882,157
"DESCARTES_FETAL_STOMACH_ERYTHROBLASTS",0.116504854368932,0.211646757483699,0.181383128498408,-0.312695046794884,-1.24399379242376,65
"MENON_FETAL_KIDNEY_1_EMBRYONIC_RED_BLOOD_CELLS",0.116190476190476,0.211646757483699,0.179782316298324,-0.288918236135117,-1.23476429720052,93
"ZHENG_CORD_BLOOD_C4_PUTATIVE_EARLY_ERYTHROID_COMMITMENT",0.116760828625235,0.211646757483699,0.178219874951973,-0.292876913269054,-1.24236340167921,89
"TRAVAGLINI_LUNG_ARTERY_CELL",0.118867924528302,0.214943213042682,0.176694268938498,-0.282644720523473,-1.23026246274822,101
"MANNO_MIDBRAIN_NEUROTYPES_HRGL2C",0.119842829076621,0.216181374484461,0.179782316298324,-0.250285319589208,-1.1931472659187,193
"FAN_EMBRYONIC_CTX_ASTROCYTE_1",0.120689655172414,0.217183075129102,0.176694268938498,-0.335303461934051,-1.24977628885716,47
"GAUTAM_EYE_IRIS_CILIARY_BODY_SMOOTH_MUSCLE_CELLS",0.122153209109731,0.219287086233131,0.183023938384487,0.235474046757494,1.17024864925784,232
"AIZARANI_LIVER_C12_NK_NKT_CELLS_4",0.122568093385214,0.219341358596291,0.176694268938498,-0.337029992093678,-1.26022919476602,49
"LAKE_ADULT_KIDNEY_C14_DISTAL_CONVOLUTED_TUBULE",0.122772277227723,0.219341358596291,0.178219874951973,-0.259863933499452,-1.1952906346437,150
"GAO_LARGE_INTESTINE_ADULT_CI_MESENCHYMAL_CELLS",0.125,0.222683607635392,0.175204047558551,-0.225702897981687,-1.14905144072785,339
"HE_LIM_SUN_FETAL_LUNG_C1_PROXIMAL_SECRETORY_PROGENITORS_CELL",0.1252408477842,0.222683607635392,0.173747838999571,-0.295697312470327,-1.23731281936748,85
"LAKE_ADULT_KIDNEY_C3_PROXIMAL_TUBULE_EPITHELIAL_CELLS_S1_S2",0.126705653021442,0.22475169404994,0.173747838999571,-0.254564758708852,-1.1885406539106,161
"HE_LIM_SUN_FETAL_LUNG_C0_ACTC_POS_SMC_CELL",0.129896907216495,0.229865073340353,0.176694268938498,0.211525853260936,1.12786062719024,445
"LAKE_ADULT_KIDNEY_C5_PROXIMAL_TUBULE_EPITHELIAL_CELLS_STRESS_INFLAM",0.131931166347992,0.23291165623046,0.16823816568964,-0.232397296682285,-1.16824275110473,289
"DURANTE_ADULT_OLFACTORY_NEUROEPITHELIUM_RESPIRATORY_COLUMNAR_CELLS",0.136633663366337,0.240643213257496,0.16823816568964,-0.421392338772502,-1.31197840949346,21
"GAUTAM_EYE_CHOROID_SCLERA_FIBROBLASTS",0.137404580152672,0.241430217485237,0.16440575583821,-0.248587363984328,-1.17637100564437,175
"ZHONG_PFC_C2_SOX5_BCL11B_POS_EXCITATORY_NEURON",0.13855421686747,0.242877391920624,0.16823816568964,0.434926244898501,1.31063316376661,19
"DESCARTES_MAIN_FETAL_EXTRAVILLOUS_TROPHOBLASTS",0.138996138996139,0.243080102235032,0.16440575583821,-0.299558020416112,-1.23336832220513,78
"DESCARTES_MAIN_FETAL_CLC_IL5RA_POSITIVE_CELLS",0.140243902439024,0.244116138591292,0.16823816568964,0.24484033619092,1.16321203732522,162
"DESCARTES_MAIN_FETAL_LYMPHOID_CELLS",0.139917695473251,0.244116138591292,0.169570644405628,0.257906084558496,1.18419576837303,137
"HE_LIM_SUN_FETAL_LUNG_C1_PROXIMAL_SECRETORY_3_CELL",0.142300194931774,0.247118054135598,0.163180127180689,-0.252470486186293,-1.17876267817643,161
"JONES_OVARY_PERICYTE",0.142857142857143,0.247508305647841,0.16823816568964,0.255153298656273,1.18547585402773,146
"DESCARTES_MAIN_FETAL_SMOOTH_MUSCLE_CELLS",0.143700787401575,0.247880066925241,0.163180127180689,0.444194707385919,1.32888778385485,18
"GAUTAM_EYE_IRIS_CILIARY_BODY_SCHWANN_CELLS",0.143737166324435,0.247880066925241,0.166933848713193,0.2938653569397,1.21813971705822,79
"GAUTAM_EYE_IRIS_CILIARY_BODY_CILIARY_BODY_CELLS",0.145454545454545,0.250262439638883,0.16440575583821,0.288030020524152,1.19069280061414,75
"BUSSLINGER_GASTRIC_D_CELLS",0.146,0.250622119815668,0.163180127180689,-0.443845562541197,-1.28674709327552,17
"HE_LIM_SUN_FETAL_LUNG_C0_ADVENTITIAL_FIBROBLAST",0.147843942505133,0.253203993485803,0.16440575583821,-0.360431845859005,-1.24017981792803,34
"HU_FETAL_RETINA_RGC",0.14902807775378,0.254646600749004,0.16823816568964,0.217098248447538,1.12040621315119,324
"LAKE_ADULT_KIDNEY_C20_COLLECTING_DUCT_INTERCALATED_CELLS_TYPE_A_CORTEX",0.15,0.255720823798627,0.157402899305283,-0.267080832188898,-1.19184332858135,121
"TRAVAGLINI_LUNG_CAPILLARY_CELL",0.150826446280992,0.256542699724518,0.163180127180689,-0.494754564576805,-1.30222504377765,12
"DURANTE_ADULT_OLFACTORY_NEUROEPITHELIUM_IMMATURE_NEURONS",0.152830188679245,0.259358748441999,0.154190966581424,-0.272661216369014,-1.18680744832172,101
"FAN_EMBRYONIC_CTX_BIG_GROUPS_BRAIN_IMMUNE",0.155339805825243,0.263018534863195,0.155241966228839,-0.252396598792494,-1.16447625390722,147
"ZHONG_PFC_MAJOR_TYPES_OPC",0.15606936416185,0.263654594785891,0.154190966581424,-0.32394500733419,-1.21713084618094,50
"DESCARTES_FETAL_KIDNEY_VASCULAR_ENDOTHELIAL_CELLS",0.158110882956879,0.266034102358088,0.158514105424824,-0.358207958743283,-1.23252783059685,34
"ZHENG_CORD_BLOOD_C2_PUTATIVE_BASOPHIL_EOSINOPHIL_MAST_CELL_PROGENITOR",0.15819209039548,0.266034102358088,0.151148761385484,-0.279800045007152,-1.19200303516869,90
"ZHONG_PFC_C4_PTGDS_POS_OPC",0.159090909090909,0.266943079443079,0.151148761385484,-0.2718564002071,-1.1988645951079,107
"HE_LIM_SUN_FETAL_LUNG_C1_MID_BASAL_CELL",0.16195856873823,0.271144120696587,0.149207542435322,-0.281204901185579,-1.19285154198836,89
"DESCARTES_MAIN_FETAL_EPICARDIAL_FAT_CELLS",0.163900414937759,0.273779841095585,0.156312403073186,-0.52025276298239,-1.31541716184569,10
"ZHONG_PFC_C1_NEUROD1_POS_EXCITATORY_NEURON",0.166336633663366,0.277227722772277,0.151148761385484,-0.443600117550329,-1.27652991042457,16
"CUI_DEVELOPING_HEART_CORONARY_VASCULAR_ENDOTHELIAL_CELL",0.168986083499006,0.280319827991668,0.150169802128406,-0.375120329618597,-1.23984348367872,28
"DESCARTES_MAIN_FETAL_CSH1_CSH2_POSITIVE_CELLS",0.169354838709677,0.280319827991668,0.151148761385484,0.290173136190392,1.18111712197705,67
"DESCARTES_MAIN_FETAL_URETERIC_BUD_CELLS",0.16969696969697,0.280319827991668,0.151148761385484,-0.46393361116581,-1.27861434995929,14
"HU_FETAL_RETINA_MULLER",0.168986083499006,0.280319827991668,0.150169802128406,-0.37706178072885,-1.24626034599695,28
"HU_FETAL_RETINA_RPC",0.170385395537525,0.280834335565169,0.151148761385484,0.280694977979649,1.15883027402299,74
"AIZARANI_LIVER_C24_EPCAM_POS_BILE_DUCT_CELLS_3",0.172211350293542,0.281972430700415,0.147331213699377,-0.24902419063316,-1.15594049354465,155
"GAUTAM_EYE_IRIS_CILIARY_BODY_CRYAA_HIGH_CILIARY_BODY_CELLS",0.171597633136095,0.281972430700415,0.148261500475107,-0.298710419209965,-1.1970737889681,68
"HE_LIM_SUN_FETAL_LUNG_C0_MYOFIBROBLAST_2_CELL",0.171936758893281,0.281972430700415,0.148261500475107,-0.30355644487384,-1.1907712217041,61
"DESCARTES_FETAL_SPLEEN_MEGAKARYOCYTES",0.172888015717092,0.282449617218761,0.147331213699377,-0.30152170877686,-1.19418785005222,64
"FAN_EMBRYONIC_CTX_BIG_GROUPS_CAJAL_RETZIUS",0.173640167364017,0.282449617218761,0.152144922367565,0.211123546705859,1.10569152641638,341
"HE_LIM_SUN_FETAL_LUNG_C2_ADC_1_CELL",0.173489278752437,0.282449617218761,0.14641623786055,-0.245817569321315,-1.14770078963687,161
"TRAVAGLINI_LUNG_VEIN_CELL",0.176352705410822,0.286236961941312,0.147331213699377,-0.357678192254261,-1.22046073615641,31
"LAKE_ADULT_KIDNEY_C15_CONNECTING_TUBULE",0.177480916030534,0.2874419183538,0.142901149386948,-0.257672790575705,-1.15379949322398,123
"TRAVAGLINI_LUNG_CAPILLARY_INTERMEDIATE_2_CELL",0.178137651821862,0.287879719321665,0.147331213699377,0.20850193893584,1.09911377349244,380
"DESCARTES_FETAL_LIVER_ERYTHROBLASTS",0.179282868525896,0.289103326951933,0.14551614609036,-0.367587553711958,-1.23312349202817,29
"HE_LIM_SUN_FETAL_LUNG_C0_MESENCHYMAL_3_CELL",0.179732313575526,0.289202102837509,0.142056643575821,-0.262946426492786,-1.16205763205612,110
"HE_LIM_SUN_FETAL_LUNG_C6_MUC16_POS_CILIATED_CELL",0.181262729124236,0.291036062925767,0.14641623786055,-0.3503768104175,-1.20404412459886,33
"DESCARTES_FETAL_HEART_EPICARDIAL_FAT_CELLS",0.183953033268102,0.293458265063674,0.142056643575821,0.353085814640654,1.23806221303668,33
"JONES_OVARY_STROMAL",0.183556405353728,0.293458265063674,0.140406238523342,-0.259179111457605,-1.15775676567501,122
"MANNO_MIDBRAIN_NEUROTYPES_HNBM",0.183953033268102,0.293458265063674,0.142056643575821,-0.244832593719277,-1.13648360225607,155
"DURANTE_ADULT_OLFACTORY_NEUROEPITHELIUM_FIBROBLASTS_STROMAL_CELLS",0.186475409836066,0.296846539162113,0.144630528034484,0.299349275006554,1.16878903048182,57
"DESCARTES_MAIN_FETAL_HEPATOBLASTS",0.1875,0.297207446808511,0.142901149386948,-0.337428272749818,-1.18601962138939,37
"TRAVAGLINI_LUNG_SIGNALING_ALVEOLAR_EPITHELIAL_TYPE_2_CELL",0.187258687258687,0.297207446808511,0.139599673451922,-0.318580065358673,-1.1799394561815,46
"MANNO_MIDBRAIN_NEUROTYPES_HNBGABA",0.19375,0.306462314225053,0.142901149386948,0.205996337512831,1.08803349670789,399
"HE_LIM_SUN_FETAL_LUNG_C2_PROMYELOCYTE_LIKE_CELL",0.1947261663286,0.307353800666965,0.140406238523342,0.321342400585825,1.18153936776109,44
"AIZARANI_LIVER_C38_RESIDENT_B_CELLS_3",0.196392785571142,0.308787810963832,0.13880510939114,0.388834487267713,1.220360528796,22
"DESCARTES_FETAL_MUSCLE_MEGAKARYOCYTES",0.196463654223969,0.308787810963832,0.137250779610133,-0.233909212708589,-1.11507993387113,193
"SU_HO_FOETAL_FEMUR_C4_FIBROBLAST",0.2,0.313684210526316,0.135740943810425,-0.235569908000601,-1.12121947260428,186
"AIZARANI_LIVER_C5_NK_NKT_CELLS_3",0.201244813278008,0.314973499773353,0.139599673451922,0.252558538963997,1.14443377279718,125
"FAN_OVARY_CL3_MATURE_CUMULUS_GRANULOSA_CELL_1",0.201960784313725,0.315431413655609,0.135002033828631,-0.229639362768674,-1.11839479391688,227
"HE_LIM_SUN_FETAL_LUNG_C4_CD4_T_CELL",0.208251473477407,0.324576041298469,0.132846300606183,0.344465032948713,1.20095863979254,32
"DESCARTES_MAIN_FETAL_ENDOCARDIAL_CELLS",0.216942148760331,0.337415241808865,0.133554954557592,0.300191288123043,1.14142230862244,51
"HAY_BONE_MARROW_EARLY_ERYTHROBLAST",0.217898832684825,0.338197146562905,0.128788713061714,-0.272994182871467,-1.14520723367685,86
"HE_LIM_SUN_FETAL_LUNG_C1_CLUB_CELL",0.221774193548387,0.343144715551355,0.130105630751129,0.317889586249516,1.16473905966221,43
"HE_LIM_SUN_FETAL_LUNG_C4_NKT2_CELL",0.222007722007722,0.343144715551355,0.126875729929857,0.460943688242376,1.20639614740386,12
"LAKE_ADULT_KIDNEY_C27_VASCULAR_SMOOTH_MUSCLE_CELLS_AND_PERICYTES",0.222903885480573,0.343816552138771,0.130777137971974,0.244697045552057,1.11748352216918,128
"GAUTAM_EYE_CORNEA_ELF3_HIGH_EPITHELIAL_CELLS",0.225433526011561,0.346656592046172,0.12563992130984,-0.246404757342607,-1.11900268350881,133
"HAY_BONE_MARROW_CD34_POS_EO_B_MAST",0.226141078838174,0.346656592046172,0.130777137971974,-0.486212775795893,-1.22934979897876,10
"LAKE_ADULT_KIDNEY_C29_UNKNOWN_NOVEL_PT_CFH_POS_SUBPOPULATION_S2",0.22568093385214,0.346656592046172,0.126253987849115,-0.296679741645351,-1.15511966141418,58
"DESCARTES_FETAL_HEART_CLC_IL5RA_POSITIVE_CELLS",0.226993865030675,0.347249341782039,0.129442887745046,-0.477813208843926,-1.24088309460121,11
"BUSSLINGER_GASTRIC_ISTHMUS_CELLS",0.227969348659004,0.348026976948684,0.124434168630393,-0.207182210021033,-1.07838959713992,407
"BUSSLINGER_DUODENAL_EC_CELLS",0.236363636363636,0.359369202226345,0.12563992130984,-0.435808537330087,-1.20110083911524,14
"CUI_DEVELOPING_HEART_COMPACT_VENTRICULAR_CARDIOMYOCYTE",0.235887096774194,0.359369202226345,0.12563992130984,0.314749495282037,1.15323384917744,43
"MANNO_MIDBRAIN_NEUROTYPES_HDA1",0.239332096474954,0.363141368378494,0.118815039412263,-0.211797536546545,-1.08305964417997,324
"DESCARTES_MAIN_FETAL_SATELLITE_CELLS",0.242125984251968,0.366633858267716,0.122107920287081,-0.33979921829594,-1.15502147744235,30
"DURANTE_ADULT_OLFACTORY_NEUROEPITHELIUM_OLFACTORY_HORIZONTAL_BASAL_CELLS",0.243460764587525,0.367162489104669,0.123257226381337,0.415897152954531,1.19194865360428,16
"HE_LIM_SUN_FETAL_LUNG_C7_LATE_SCHWANN_CELL",0.243190661478599,0.367162489104669,0.120985142145252,-0.282479079416171,-1.13698576424562,70
"DESCARTES_FETAL_HEART_VISCERAL_NEURONS",0.246492985971944,0.370984393028481,0.122107920287081,0.344598478035068,1.15867033995235,28
"DESCARTES_FETAL_CEREBRUM_ASTROCYTES",0.249488752556237,0.374736130351606,0.122679189568808,0.288698429502232,1.12177256545475,55
"HE_LIM_SUN_FETAL_LUNG_C1_LATE_TIP_CELL",0.25,0.374748490945674,0.120985142145252,-0.4034890451069,-1.16975002067668,17
"DESCARTES_MAIN_FETAL_LYMPHATIC_ENDOTHELIAL_CELLS",0.251450676982592,0.376166173397653,0.118287526124085,-0.302825687360086,-1.13104287393208,48
"HE_LIM_SUN_FETAL_LUNG_C2_CXCL9_POS_MACROPHAGE_CELL",0.255725190839695,0.381794122596338,0.116234148779716,-0.245427140903309,-1.09896629040641,123
"DESCARTES_FETAL_INTESTINE_LYMPHATIC_ENDOTHELIAL_CELLS",0.257085020242915,0.383056680161943,0.119887845115423,-0.400206845942348,-1.18396707991103,18
"DESCARTES_MAIN_FETAL_MESOTHELIAL_CELLS",0.260416666666667,0.387246340652029,0.120985142145252,-0.436791073238798,-1.17227800211785,13
"AIZARANI_LIVER_C22_RESIDENT_B_CELLS_2",0.261133603238866,0.387538913173218,0.118815039412263,0.336758165404579,1.14502756312656,30
"DESCARTES_FETAL_STOMACH_ENS_GLIA",0.262,0.388051689860835,0.11776578836269,-0.399898535515254,-1.15934081943565,17
"HE_LIM_SUN_FETAL_LUNG_C0_MYL4_POS_SMC_CELL",0.262833675564682,0.388514064078746,0.119348440591015,0.267221049094246,1.10769291258261,79
"DESCARTES_MAIN_FETAL_VASCULAR_ENDOTHELIAL_CELLS",0.268924302788845,0.396729912035028,0.115734447701689,-0.36271725550579,-1.16324036210835,24
"DESCARTES_FETAL_LUNG_VISCERAL_NEURONS",0.269749518304432,0.397160852049015,0.11331290842208,-0.295336688185905,-1.10964325753339,50
"DESCARTES_FETAL_LUNG_STROMAL_CELLS",0.270955165692008,0.398149109350189,0.11378726182188,0.461499123837552,1.18064027354063,11
"DESCARTES_FETAL_LUNG_LYMPHATIC_ENDOTHELIAL_CELLS",0.271653543307087,0.398389546779094,0.114266502484433,0.383427099263009,1.14709063331281,18
"DESCARTES_FETAL_KIDNEY_URETERIC_BUD_CELLS",0.273567467652495,0.400408179569959,0.109684061970549,-0.250836633429604,-1.08727671234098,97
"MANNO_MIDBRAIN_NEUROTYPES_HOPC",0.27831094049904,0.406552256219186,0.11101149245045,-0.220970246804322,-1.06907205662036,214
"DESCARTES_MAIN_FETAL_ACINAR_CELLS",0.282868525896414,0.411595804282869,0.112378519110475,-0.358719169633645,-1.1504184332173,24
"RUBENSTEIN_SKELETAL_MUSCLE_ENDOTHELIAL_CELLS",0.282692307692308,0.411595804282869,0.110122263835536,-0.242267858301637,-1.07960586827529,120
"DESCARTES_FETAL_LUNG_VASCULAR_ENDOTHELIAL_CELLS",0.283433133732535,0.411613420332824,0.112378519110475,-0.358825635766327,-1.14308451097738,23
"DESCARTES_MAIN_FETAL_LENS_FIBRE_CELLS",0.28544776119403,0.413732649979674,0.107554375265169,-0.247171420434055,-1.08580070356004,104
"DESCARTES_FETAL_ADRENAL_SLC26A4_PAEP_POSITIVE_CELLS",0.29,0.418729141067435,0.11101149245045,0.330527965293234,1.11814027617979,29
"HE_LIM_SUN_FETAL_LUNG_C0_INTERM_CHONDROCYTE",0.290581162324649,0.418729141067435,0.11101149245045,-0.327833822181318,-1.11862651014507,31
"VANGURP_PANCREATIC_ALPHA_CELL",0.290258449304175,0.418729141067435,0.110564716336619,-0.339480705227182,-1.12204779900501,28
"DESCARTES_MAIN_FETAL_NEUROENDOCRINE_CELLS",0.291666666666667,0.419481981981982,0.11331290842208,-0.425113871668359,-1.14093824412825,13
"DESCARTES_MAIN_FETAL_SYNCYTIOTROPHOBLASTS_AND_VILLOUS_CYTOTROPHOBLASTS",0.296296296296296,0.425319346321273,0.107972360317345,-0.288380771380432,-1.10213565156075,54
"HE_LIM_SUN_FETAL_LUNG_C4_CD16_POS_NK_CELL",0.299595141700405,0.429227654936157,0.109684061970549,-0.385465160029325,-1.14035545507161,18
"DURANTE_ADULT_OLFACTORY_NEUROEPITHELIUM_RESPIRATORY_CILIATED_CELLS",0.307377049180328,0.438712226247447,0.108820126769161,0.255532207101946,1.08522877153448,86
"SU_HO_CONV_CENT_CHONDROSARCOMA_C2_STROMAL",0.307392996108949,0.438712226247447,0.105520936843198,-0.231439516741046,-1.06336360649358,143
"DESCARTES_FETAL_LIVER_STELLATE_CELLS",0.309236947791165,0.440500049912845,0.107140237276725,0.29927234003732,1.08850071512765,41
"DESCARTES_MAIN_FETAL_RETINAL_PIGMENT_CELLS",0.310810810810811,0.441897049721477,0.104343952581949,-0.27069607423649,-1.08219271312557,66
"DESCARTES_FETAL_CEREBELLUM_OLIGODENDROCYTES",0.312625250501002,0.443630117377612,0.106323255932708,0.334954819923658,1.09434522632808,25
"BUSSLINGER_ESOPHAGEAL_EARLY_SUPRABASAL_CELLS",0.313346228239845,0.443807870795979,0.103958471559957,-0.265716835453168,-1.07951023711694,73
"DURANTE_ADULT_OLFACTORY_NEUROEPITHELIUM_SUSTENTACULAR_CELLS",0.32,0.452371916508539,0.104732821580651,0.342189679307683,1.10648115891641,24
"HE_LIM_SUN_FETAL_LUNG_C0_MESENCHYMAL_1_CELL",0.322200392927308,0.454032887870317,0.103197466945307,-0.220222585504013,-1.04983375061279,193
"TRAVAGLINI_LUNG_PERICYTE_CELL",0.322393822393822,0.454032887870317,0.102080107662747,-0.260884729031552,-1.07413902684903,78
"DESCARTES_FETAL_MUSCLE_SKELETAL_MUSCLE_CELLS",0.325536062378168,0.457593144286292,0.102080107662747,-0.275787839632593,-1.0802621457826,59
"DURANTE_ADULT_OLFACTORY_NEUROEPITHELIUM_GLOBOSE_BASAL_CELLS",0.328685258964143,0.459474309807352,0.102821842840815,-0.342635143362698,-1.09883668942215,24
"DURANTE_ADULT_OLFACTORY_NEUROEPITHELIUM_VASCULAR_SMOOTH_MUSCLE_CELLS",0.328155339805825,0.459474309807352,0.101350743797099,-0.259738800375556,-1.07217276314617,79
"HE_LIM_SUN_FETAL_LUNG_C1_PROXIMAL_SECRETORY_1_CELL",0.328793774319066,0.459474309807352,0.101350743797099,-0.278129817563773,-1.07757993504726,57
"TRAVAGLINI_LUNG_MYOFIBROBLAST_CELL",0.329341317365269,0.459474309807352,0.102821842840815,-0.297513784165783,-1.07960651403251,42
"MANNO_MIDBRAIN_NEUROTYPES_HRN",0.333980582524272,0.464246329083328,0.10027910675413,-0.221024314547395,-1.04911249156327,179
"MANNO_MIDBRAIN_NEUROTYPES_HSERT",0.334008097165992,0.464246329083328,0.102821842840815,0.208547920004818,1.04251518473191,238
"HE_LIM_SUN_FETAL_LUNG_C4_ILC3_CELL",0.3359375,0.46605854283054,0.10027910675413,-0.261189413364564,-1.05307793133799,71
"DESCARTES_FETAL_STOMACH_SQUAMOUS_EPITHELIAL_CELLS",0.339285714285714,0.467223395827832,0.100633389423036,-0.362679322865231,-1.10008392882161,19
"DESCARTES_MAIN_FETAL_HORIZONTAL_CELLS",0.338613861386139,0.467223395827832,0.100633389423036,-0.372073442746381,-1.0707005245248,16
"HE_LIM_SUN_FETAL_LUNG_C4_TREG_CELL",0.338056680161943,0.467223395827832,0.102080107662747,0.295710314886307,1.06260459398629,39
"HE_LIM_SUN_FETAL_LUNG_C7_TM4SF4_POS_PENK_POS_NEURON_CELL",0.338809034907598,0.467223395827832,0.102821842840815,0.266363913385632,1.07186745097889,65
"SU_HO_CONV_CENT_CHONDROSARCOMA_C3_CHONDROBLASTIC_OSTEOSARCOMA",0.341085271317829,0.468834920907349,0.0988903007520636,-0.200051482595606,-1.0362922355109,389
"DESCARTES_FETAL_INTESTINE_CHROMAFFIN_CELLS",0.342574257425743,0.470014404755393,0.0999276973731092,-0.345679188377521,-1.07625030175828,21
"HE_LIM_SUN_FETAL_LUNG_C3_HMOX1_POS_PRIMITIVE_ERYTHROBLAST",0.345238095238095,0.472028420223773,0.0995791200495904,-0.35974768399177,-1.09119164132001,19
"ZHONG_PFC_C1_ASTROCYTE",0.345309381237525,0.472028420223773,0.0999276973731092,0.333922160001658,1.06578259088311,23
"ZHONG_PFC_C7_ORG_UNDERGOING_NEURONAL_DIFFERENTIATION",0.348178137651822,0.475078228114665,0.10027910675413,0.294830964893681,1.05944474025497,39
"DESCARTES_FETAL_STOMACH_LYMPHATIC_ENDOTHELIAL_CELLS",0.352490421455939,0.4800829323303,0.096240602328129,0.406435257766357,1.10089912703485,13
"HE_LIM_SUN_FETAL_LUNG_C0_MID_AIRWAY_SMC_2_CELL",0.353398058252427,0.480440790872369,0.096887770327544,-0.229047770366286,-1.03512566466067,132
"DESCARTES_FETAL_MUSCLE_SMOOTH_MUSCLE_CELLS",0.356164383561644,0.483319609751229,0.096887770327544,-0.348396024199874,-1.0780673593681,20
"DESCARTES_FETAL_KIDNEY_MEGAKARYOCYTES",0.359767891682785,0.484678262755289,0.0956031492204301,-0.255664084167758,-1.03866958844188,73
"DESCARTES_FETAL_STOMACH_CILIATED_EPITHELIAL_CELLS",0.358633776091082,0.484678262755289,0.0946646223153342,-0.233182920616936,-1.0355119238971,117
"HE_LIM_SUN_FETAL_LUNG_C7_PCP4_POS_NEURON_CELL",0.359528487229862,0.484678262755289,0.0965629554309422,-0.321894607116678,-1.06034383625615,27
"LAKE_ADULT_KIDNEY_C30_IMMUNE_CELLS_MACROPHAGES",0.358921161825726,0.484678262755289,0.0999276973731092,-0.427884489306269,-1.08187142975365,10
"HE_LIM_SUN_FETAL_LUNG_C1_LATE_BASAL_CELL",0.361702127659574,0.486404485751594,0.0952879846194844,-0.254568194657825,-1.03421739051207,73
"VANGURP_PANCREATIC_GAMMA_CELL",0.363457760314342,0.487884741322855,0.0959206777921745,-0.326053403800681,-1.06908259216245,26
"FAN_EMBRYONIC_CTX_NSC_1",0.367676767676768,0.492660417120849,0.096887770327544,-0.389191390083741,-1.07262264312172,14
"GAO_LARGE_INTESTINE_ADULT_CG_GOBLET_CELL_SUBTYPE_2",0.376,0.502908438061041,0.0949751525905595,0.330145661529079,1.06753644621601,24
"GAO_LARGE_INTESTINE_24W_C6_SECRETORY_PROGENITOR",0.377777777777778,0.50359147332341,0.0952879846194844,-0.383030332951473,-1.0556425928071,14
"MENON_FETAL_KIDNEY_7_LOOPOF_HENLE_CELLS_DISTAL",0.377862595419847,0.50359147332341,0.0919686140000427,-0.207778858691794,-1.01873158564435,233
"DESCARTES_FETAL_HEART_STROMAL_CELLS",0.382692307692308,0.509117445054945,0.0916795246008379,0.434947806307248,1.08298433885371,10
"DESCARTES_MAIN_FETAL_HEMATOPOIETIC_STEM_CELLS",0.384769539078156,0.509239982789968,0.0937465422491719,-0.298257193892826,-1.04707998234134,36
"FAN_EMBRYONIC_CTX_BRAIN_ENDOTHELIAL_2",0.384313725490196,0.509239982789968,0.0925528864684773,-0.209696779556776,-1.02126997623522,227
"HU_FETAL_RETINA_BIPOLAR",0.385518590998043,0.509239982789968,0.0922597260527354,-0.286305667075057,-1.03851835051869,40
"MANNO_MIDBRAIN_NEUROTYPES_HDA",0.385057471264368,0.509239982789968,0.0911073131586733,-0.203636204785855,-1.01886388737027,273
"DESCARTES_FETAL_PANCREAS_VASCULAR_ENDOTHELIAL_CELLS",0.388998035363458,0.512926613001374,0.0919686140000427,-0.320527289080123,-1.05096325041912,26
"FAN_EMBRYONIC_CTX_BIG_GROUPS_GLIAL",0.394785847299814,0.518722145041202,0.0880945010398517,-0.234136754503875,-1.01894123399628,100
"TRAVAGLINI_LUNG_DIFFERENTIATING_BASAL_CELL",0.394392523364486,0.518722145041202,0.0883594442500905,-0.230972713428925,-1.02450026097403,112
"HAY_BONE_MARROW_CD34_POS_MKP",0.40122199592668,0.526250681277072,0.0922597260527354,-0.300598122447131,-1.03298332662668,33
"DESCARTES_FETAL_CEREBELLUM_PURKINJE_NEURONS",0.401980198019802,0.526318536950356,0.0905428948469474,-0.333859784717266,-1.03945133559645,21
"HE_LIM_SUN_FETAL_LUNG_C4_TH17_CELL",0.402834008097166,0.526511115846296,0.0916795246008379,-0.352018674838011,-1.0414077788718,18
"DESCARTES_FETAL_ADRENAL_CSH1_CSH2_POSITIVE_CELLS",0.406779661016949,0.529809173876971,0.0870515867946735,-0.239262272519052,-1.01930417858503,90
"DESCARTES_FETAL_HEART_ERYTHROBLASTS",0.406570841889117,0.529809173876971,0.0919686140000427,0.202594623364766,1.01991052266322,257
"HE_LIM_SUN_FETAL_LUNG_C2_PLATELET_CELL",0.407563025210084,0.52990306070072,0.0931454575337804,0.194977805671306,1.00975421411255,323
"HE_LIM_SUN_FETAL_LUNG_C3_MID_CAP_CELL",0.409181636726547,0.531080695751354,0.0899860794997137,-0.28168594618851,-1.02217106770108,42
"SU_HO_CONV_CENT_CHONDROSARCOMA_STROMAL_C4_CANCER_ASSOCIATED_FIBROBLAST",0.41233140655106,0.534238083270503,0.0875697115548511,-0.225077276007005,-1.01248782555215,126
"BUSSLINGER_ESOPHAGEAL_PROLIFERATING_BASAL_CELLS",0.414538310412574,0.534596836317972,0.0883594442500905,-0.25627064739532,-1.01496935224319,64
"DESCARTES_FETAL_HEART_SATB2_LRRC7_POSITIVE_CELLS",0.41468253968254,0.534596836317972,0.0888945288620449,-0.342754049876254,-1.03964631572752,19
"DESCARTES_FETAL_LIVER_MESOTHELIAL_CELLS",0.415132924335378,0.534596836317972,0.0905428948469474,0.224556346328411,1.02466501846573,130
"MENON_FETAL_KIDNEY_3_STROMAL_CELLS",0.415478615071283,0.534596836317972,0.0902635484340068,0.257338486997786,1.02701040032786,63
"DESCARTES_MAIN_FETAL_OLIGODENDROCYTES",0.42,0.53948275862069,0.0886261133285098,-0.349277354804628,-1.0125855905118,17
"JONES_OVARY_MAST_CELL",0.423228346456693,0.542693834957377,0.0873098257637931,-0.282936903621377,-1.0180842259072,39
"DESCARTES_FETAL_PANCREAS_MESOTHELIAL_CELLS",0.424361493123772,0.543211876936787,0.0870515867946735,-0.310024741562506,-1.01652689553503,26
"HE_LIM_SUN_FETAL_LUNG_C1_PULMONARY_NE_PRECURSOR_CELL",0.430528375733855,0.550160617361444,0.0860347242455604,-0.214431244491732,-1.00773582295275,167
"DESCARTES_FETAL_HEART_LYMPHATIC_ENDOTHELIAL_CELLS",0.433925049309665,0.551639144723496,0.0860347242455604,0.3708174022697,1.02232668321179,14
"DESCARTES_MAIN_FETAL_STELLATE_CELLS",0.43452380952381,0.551639144723496,0.0862865626267245,-0.336773914994846,-1.02150728805081,19
"DURANTE_ADULT_OLFACTORY_NEUROEPITHELIUM_MATURE_NEURONS",0.433526011560694,0.551639144723496,0.0847985102819124,-0.220019835570075,-0.999180328672614,133
"JONES_OVARY_THECA",0.435387673956262,0.551639144723496,0.0862865626267245,0.285488179953216,1.01482716258861,36
"LAKE_ADULT_KIDNEY_C28_INTERSTITIUM",0.435318275154004,0.551639144723496,0.0880945010398517,0.243092586414926,1.00767486687855,79
"DESCARTES_FETAL_CEREBELLUM_ASTROCYTES",0.437751004016064,0.551643684423767,0.0865399737444125,0.277872766073926,1.01066708853965,41
"DESCARTES_FETAL_LUNG_NEUROENDOCRINE_CELLS",0.43811394891945,0.551643684423767,0.0852884689790502,-0.304960714522578,-0.999922673369216,26
"DESCARTES_MAIN_FETAL_CARDIOMYOCYTES",0.439834024896266,0.551643684423767,0.0880945010398517,-0.40159494951176,-1.01540044817831,10
"GAUTAM_EYE_IRIS_CILIARY_BODY_PIGMENTED_CILIARY_BODY_CELLS",0.436440677966102,0.551643684423767,0.0897104652742981,0.230582519983853,1.00853989699252,106
"MANNO_MIDBRAIN_NEUROTYPES_HRGL1",0.439163498098859,0.551643684423767,0.0833634065110386,-0.20761042564783,-0.999279018812,205
"RUBENSTEIN_SKELETAL_MUSCLE_SMOOTH_MUSCLE_CELLS",0.438697318007663,0.551643684423767,0.0838361057159929,-0.194101838218066,-1.01030587085083,407
"DURANTE_ADULT_OLFACTORY_NEUROEPITHELIUM_RESPIRATORY_HORIZONTAL_BASAL_CELLS",0.443339960238569,0.554174950298211,0.0852884689790502,-0.310659937559667,-1.00068423930333,25
"GAUTAM_EYE_IRIS_CILIARY_BODY_COL9A1_HIGH_CILIARY_BODY_CELLS",0.443137254901961,0.554174950298211,0.0845557442441281,-0.244025809509316,-0.995441168569139,77
"BUSSLINGER_GASTRIC_PARIETAL_CELLS",0.445297504798464,0.555118705060675,0.083129129135339,-0.207345668898045,-1.00414093615304,215
"GAO_LARGE_INTESTINE_24W_C5_LGR5POS_STEM_CELL",0.445585215605749,0.555118705060675,0.086794975677172,-0.292544856127106,-1.00659314812438,34
"DESCARTES_FETAL_INTESTINE_INTESTINAL_EPITHELIAL_CELLS",0.447033898305085,0.55599374663988,0.0883594442500905,0.230799815124406,0.993669241072056,95
"DESCARTES_FETAL_PLACENTA_SMOOTH_MUSCLE_CELLS",0.451866404715128,0.557241839886468,0.0835990603684159,-0.300734086952634,-0.986064164591484,26
"DESCARTES_MAIN_FETAL_RETINAL_PROGENITORS_AND_MULLER_GLIA",0.452,0.557241839886468,0.0845557442441281,0.310807332642543,1.00500534767098,24
"DURANTE_ADULT_OLFACTORY_NEUROEPITHELIUM_RESPIRATORY_SECRETORY_CELLS",0.451485148514851,0.557241839886468,0.0840745577910723,-0.345123525415012,-0.993147849951714,16
"FAN_EMBRYONIC_CTX_OPC",0.449901768172888,0.557241839886468,0.0838361057159929,-0.303265933459871,-0.994365728063489,26
"HE_LIM_SUN_FETAL_LUNG_C7_TM4SF4_POS_CHODL_POS_NEURON_CELL",0.450901803607214,0.557241839886468,0.0847985102819124,-0.299756513353226,-1.02282180708041,31
"TRAVAGLINI_LUNG_NEUROENDOCRINE_CELL",0.452525252525253,0.557241839886468,0.0850427463764322,0.244692541048801,0.998380204643218,68
"DESCARTES_FETAL_PLACENTA_MEGAKARYOCYTES",0.455078125,0.559460731229373,0.0828962134571565,-0.218405635083001,-0.998092540426104,138
"CUI_DEVELOPING_HEART_SMOOTH_MUSCLE_CELL",0.457760314341847,0.561831028310833,0.0828962134571565,0.287332664661017,1.00176973890595,32
"DESCARTES_FETAL_PANCREAS_ENS_NEURONS",0.4642166344294,0.568818080016288,0.0813027345384498,-0.267999533871941,-1.00096846355885,48
"HE_LIM_SUN_FETAL_LUNG_C7_COL20A1_POS_SCHWANN_CELL",0.466531440162272,0.570715801183732,0.0835990603684159,0.271041333135723,0.996588078032899,44
"HE_LIM_SUN_FETAL_LUNG_C0_AIRWAY_FIBROBLAST",0.469184890656064,0.572846864095359,0.0822054920415869,-0.343850125021412,-0.971489340928824,15
"HE_LIM_SUN_FETAL_LUNG_C1_GHRL_POS_NE_PRECURSOR_CELL",0.469811320754717,0.572846864095359,0.0793434960134973,-0.196299343235127,-0.987227035802165,281
"DESCARTES_FETAL_CEREBRUM_MEGAKARYOCYTES",0.474187380497132,0.577237905997326,0.0795564677235957,-0.195949944742721,-0.985024807917682,289
"HAY_BONE_MARROW_EOSINOPHIL",0.477669902912621,0.580528674828553,0.0799858801499946,-0.256393870058889,-0.975754047773596,53
"DURANTE_ADULT_OLFACTORY_NEUROEPITHELIUM_BOWMANS_GLAND",0.481262327416174,0.583942074796497,0.080419996876154,0.354661886575469,0.97778666250573,14
"BUSSLINGER_GASTRIC_OXYNTIC_ENTEROCHROMAFFIN_LIKE_CELLS",0.484555984555985,0.585652034666485,0.0789209638180035,-0.267077707258593,-0.989187833539154,46
"DESCARTES_FETAL_ADRENAL_SCHWANN_CELLS",0.484599589322382,0.585652034666485,0.0822054920415869,0.276599727221844,0.986131953085149,38
"DESCARTES_FETAL_KIDNEY_METANEPHRIC_CELLS",0.48502994011976,0.585652034666485,0.0806388495950661,0.303152698699092,0.967575403354843,23
"MENON_FETAL_KIDNEY_9_ENDOTHELIAL_CELLS",0.485875706214689,0.585723950048452,0.0774767547848578,-0.231461436904854,-0.981843242271894,89
"DESCARTES_FETAL_EYE_ASTROCYTES",0.487551867219917,0.586795058285684,0.0824344091527096,-0.385723258834128,-0.975270158076284,10
"DESCARTES_MAIN_FETAL_ENS_NEURONS",0.488505747126437,0.586994809047089,0.0780892306943345,0.363880110736805,0.985631262546068,13
"LAKE_ADULT_KIDNEY_C2_PODOCYTES",0.49079754601227,0.588798988372208,0.0813027345384498,0.208359952357954,0.990253743477922,161
"CUI_DEVELOPING_HEART_CARDIAC_FIBROBLASTS",0.49317738791423,0.589754661309954,0.0785029047348687,-0.257595946170128,-0.987601050544935,55
"DESCARTES_FETAL_PANCREAS_LYMPHATIC_ENDOTHELIAL_CELLS",0.492985971943888,0.589754661309954,0.0799858801499946,0.29677672244223,0.969611930241726,25
"DESCARTES_FETAL_INTESTINE_SMOOTH_MUSCLE_CELLS",0.495107632093933,0.591114079983943,0.0785029047348687,-0.317108748830381,-0.981252849452625,20
"DESCARTES_FETAL_ADRENAL_CHROMAFFIN_CELLS",0.496,0.591232,0.0795564677235957,0.299245896574827,0.967621078207258,24
"JONES_OVARY_OOCYTE",0.496907216494845,0.591367214518626,0.0810802057550866,0.263388871943687,0.986275784457901,48
"LAKE_ADULT_KIDNEY_C1_EPITHELIAL_CELLS_UNASSIGNED",0.497975708502024,0.591693624934622,0.0799858801499946,-0.323682598407398,-0.957578673978075,18
"ZHENG_CORD_BLOOD_C7_PUTATIVE_LYMPHOID_PRIMED_MULTIPOTENT_PROGENITOR_1",0.512241054613936,0.607674499502201,0.0747385227439092,-0.228783518004974,-0.970483697414838,89
"HE_LIM_SUN_FETAL_LUNG_C0_ASPN_POS_CHONDROCYTE",0.514344262295082,0.609199483958404,0.0789209638180035,0.248043416905461,0.968713769340472,58
"GAUTAM_EYE_IRIS_CILIARY_BODY_PUTATIVE_STEM_CELLS",0.516314779270633,0.610562715169241,0.0753093764172773,-0.195407486554228,-0.972147475323785,259
"FAN_EMBRYONIC_CTX_BIG_GROUPS_EXCITATORY_NEURON",0.517241379310345,0.610689108694464,0.0780892306943345,0.289239895462285,0.956499408334711,27
"HU_FETAL_RETINA_PHOTORECEPTOR",0.529531568228106,0.623224357551246,0.0770736734944102,-0.2820622186748,-0.969286057379293,33
"TRAVAGLINI_LUNG_FIBROMYOCYTE_CELL",0.52882703777336,0.623224357551246,0.0758886900606117,-0.328771790983629,-0.928888103556121,15
"ZHONG_PFC_C5_BCL11B_CALB2_POS_INP",0.532,0.625141955835962,0.0758886900606117,-0.324875654617104,-0.941842928114752,17
"GAO_SMALL_INTESTINE_24W_C9_ENTEROENDOCRINE_CELL",0.537074148296593,0.630110614930649,0.0755015292281669,0.285927781449872,0.934166890852809,25
"DESCARTES_MAIN_FETAL_SQUAMOUS_EPITHELIAL_CELLS",0.548707753479125,0.642747289845831,0.0739901439101341,0.265346795778768,0.943230419929377,36
"HE_LIM_SUN_FETAL_LUNG_C2_GMP_CELL",0.554671968190855,0.648713683362931,0.0734381410838857,0.269350472045207,0.930370186309885,31
"DESCARTES_FETAL_CEREBELLUM_SLC24A4_PEX5L_POSITIVE_CELLS",0.557471264367816,0.650389942963567,0.0713052987340038,0.343769220444572,0.931157490540442,13
"FAN_EMBRYONIC_CTX_EX_2_EXCITATORY_NEURON",0.557851239669422,0.650389942963567,0.0751181635276301,-0.351035156198453,-0.923946547191601,12
"CUI_DEVELOPING_HEART_C3_FIBROBLAST_LIKE_CELL",0.560546875,0.652511596679688,0.072003313661988,-0.232515380867541,-0.937468380261218,71
"DESCARTES_FETAL_LUNG_CILIATED_EPITHELIAL_CELLS",0.56198347107438,0.652597009600622,0.0747385227439092,0.199356155834899,0.961824884505419,180
"RUBENSTEIN_SKELETAL_MUSCLE_PERICYTES",0.562372188139059,0.652597009600622,0.0741758965588009,0.209491288156927,0.956705717574994,128
"HE_LIM_SUN_FETAL_LUNG_C4_T_ALPHA_BETA_ENTRY_CELL",0.564681724845996,0.653242057469359,0.0741758965588009,0.236152360865602,0.950294001414507,65
"LAKE_ADULT_KIDNEY_C25_ENDOTHELIAL_CELLS_UNASSIGNED",0.563894523326572,0.653242057469359,0.0736212741014394,-0.273865548324863,-0.938179657440919,32
"CUI_DEVELOPING_HEART_COMPACT_ATRIAL_CARDIOMYOCYTE",0.570833333333333,0.657351643601177,0.0743625384422526,-0.345542051244977,-0.927380091533391,13
"DESCARTES_FETAL_HEART_SMOOTH_MUSCLE_CELLS",0.57088122605364,0.657351643601177,0.070113215764256,0.340182869793199,0.921443248909349,13
"GAO_STOMACH_24W_C5_PUTATIVE_PIT_CELL_PROGENITOR",0.570576540755467,0.657351643601177,0.072003313661988,0.261639886317911,0.930053438624054,36
"CUI_DEVELOPING_HEART_TRABECULAR_ATRIAL_CARDIOMYOCYTE",0.571984435797665,0.657605562761205,0.0707899094502623,-0.205415996453014,-0.954154427518745,154
"GAUTAM_EYE_IRIS_CILIARY_BODY_MGP_HIGH_FIBROBLASTS",0.581818181818182,0.667880655553999,0.0718276293603809,0.226152898206298,0.934897783370754,75
"MANNO_MIDBRAIN_NEUROTYPES_HOMTN",0.583493282149712,0.668773069540824,0.069119845655101,-0.196741516173494,-0.95185148389893,214
"HE_LIM_SUN_FETAL_LUNG_C3_DEFINITIVE_ERYTHROBLAST",0.58531746031746,0.66983334552459,0.070619624712259,-0.301424569088797,-0.91428516405878,19
"DESCARTES_FETAL_MUSCLE_LYMPHATIC_ENDOTHELIAL_CELLS",0.591182364729459,0.670366608407073,0.070619624712259,-0.261837131035458,-0.919221477821024,36
"DESCARTES_FETAL_PLACENTA_TROPHOBLAST_GIANT_CELLS",0.59026369168357,0.670366608407073,0.0713052987340038,-0.267569363838189,-0.916610853912972,32
"DESCARTES_MAIN_FETAL_SATB2_LRRC7_POSITIVE_CELLS",0.586872586872587,0.670366608407073,0.069119845655101,-0.245691418074682,-0.931220266205198,52
"DESCARTES_MAIN_FETAL_VISCERAL_NEURONS",0.591093117408907,0.670366608407073,0.0711327399327894,0.270233640135973,0.91883433937815,30
"GAO_LARGE_INTESTINE_24W_C8_GOBLET_CELL",0.589178356713427,0.670366608407073,0.0707899094502623,0.290397539479786,0.911415284510532,22
"MENON_FETAL_KIDNEY_2_NEPHRON_PROGENITOR_CELLS",0.59026369168357,0.670366608407073,0.0713052987340038,-0.267712437115959,-0.917100979230114,32
"DESCARTES_FETAL_MUSCLE_ERYTHROBLASTS",0.593220338983051,0.670989216217845,0.0673623868166279,-0.218739872349563,-0.927879254331766,89
"DESCARTES_MAIN_FETAL_INTESTINAL_EPITHELIAL_CELLS",0.593625498007968,0.670989216217845,0.070113215764256,-0.283342100446392,-0.908682899753967,24
"HU_FETAL_RETINA_HORIZONTAL",0.594433399602386,0.670989216217845,0.0699458736501659,-0.286684139796935,-0.901944059725704,22
"MANNO_MIDBRAIN_NEUROTYPES_HDA2",0.600767754318618,0.677113429602678,0.0676760401641789,-0.18978179032213,-0.945380761861935,263
"DESCARTES_FETAL_SPLEEN_VASCULAR_ENDOTHELIAL_CELLS",0.613636363636364,0.690572644877781,0.0702812841717392,-0.336700660799118,-0.886217256275616,12
"AIZARANI_LIVER_C30_HEPATOCYTES_4",0.618320610687023,0.691289184592756,0.065981614400873,-0.185507155643787,-0.948041763458494,341
"DESCARTES_FETAL_INTESTINE_STROMAL_CELLS",0.617933723196881,0.691289184592756,0.0670512579829467,0.344974961821731,0.882539775813843,11
"DESCARTES_FETAL_STOMACH_NEUROENDOCRINE_CELLS",0.622916666666667,0.691289184592756,0.0699458736501659,-0.333738395642878,-0.895700950967826,13
"DESCARTES_MAIN_FETAL_CORNEAL_AND_CONJUNCTIVAL_EPITHELIAL_CELLS",0.623552123552124,0.691289184592756,0.066132620475844,-0.196920643799424,-0.935861276487396,180
"HE_LIM_SUN_FETAL_LUNG_C1_EARLY_AIRWAY_PROGENITOR_CELL",0.615841584158416,0.691289184592756,0.0679922591544058,-0.285520049541942,-0.888948625804905,21
"HE_LIM_SUN_FETAL_LUNG_C7_SST_POS_NEURON_CELL",0.620331950207469,0.691289184592756,0.0699458736501659,0.189190868027256,0.93745449361844,229
"LAKE_ADULT_KIDNEY_C16_COLLECTING_SYSTEM_PRINCIPAL_CELLS_CORTEX",0.622676579925651,0.691289184592756,0.0643583367917361,-0.212260084557156,-0.923558938324989,99
"MENON_FETAL_KIDNEY_8_CONNECTING_TUBULE_CELLS",0.617283950617284,0.691289184592756,0.0697792517076235,0.189550038609934,0.942155599909064,230
"TRAVAGLINI_LUNG_SEROUS_CELL",0.62111801242236,0.691289184592756,0.0697792517076235,0.244861681920708,0.924940235712723,50
"ZHENG_CORD_BLOOD_C9_GRANULOCYTE_MACROPHAGE_PROGENITOR",0.622857142857143,0.691289184592756,0.0655321029282414,-0.214277048237408,-0.915766524164054,93
"DESCARTES_FETAL_KIDNEY_STROMAL_CELLS",0.627329192546584,0.693412831524043,0.0692836467392548,0.244097351683295,0.922053055552851,50
"MANNO_MIDBRAIN_NEUROTYPES_HPROGM",0.627049180327869,0.693412831524043,0.0687943095604775,0.193558236912699,0.943483984848228,195
"GAUTAM_EYE_IRIS_CILIARY_BODY_RIBOSOMAL_GENES_HIGH_FIBROBLASTS",0.630769230769231,0.696182336182336,0.0653834195468773,0.353654527900937,0.880570747863169,10
"DESCARTES_FETAL_PLACENTA_SYNCYTIOTROPHOBLASTS_AND_VILLOUS_CYTOTROPHOBLASTS",0.634730538922156,0.698804604578402,0.0668966276500666,-0.273116514304514,-0.87004724878946,23
"DESCARTES_MAIN_FETAL_PAEP_MECOM_POSITIVE_CELLS",0.635021097046414,0.698804604578402,0.0696133438850965,0.213278476900801,0.912000354998608,91
"CUI_DEVELOPING_HEART_5TH_WEEK_ATRIAL_CARDIOMYOCYTE",0.639278557114228,0.702452101843805,0.0667426134241917,-0.262490162083436,-0.895662479255749,31
"DESCARTES_FETAL_MUSCLE_SCHWANN_CELLS",0.640776699029126,0.703061326622532,0.0650877566917313,-0.251495116143643,-0.901502064411362,38
"HE_LIM_SUN_FETAL_LUNG_C1_LATE_AIRWAY_PROGENITOR_CELL",0.65625,0.718979779411765,0.0673623868166279,-0.321329151686852,-0.862396507255879,13
"DESCARTES_MAIN_FETAL_PHOTORECEPTOR_CELLS",0.657894736842105,0.719723317103331,0.0658311958368866,0.256068730776713,0.870671552809764,30
"DESCARTES_FETAL_STOMACH_ENS_NEURONS",0.662027833001988,0.723182896754371,0.0646484568421928,-0.267239554161313,-0.86082039437838,25
"GAO_LARGE_INTESTINE_24W_C10_ENTEROCYTE",0.664646464646465,0.724980404336188,0.0652353056017703,-0.255592051991961,-0.889496704836324,35
"DESCARTES_FETAL_PLACENTA_STROMAL_CELLS",0.670756646216769,0.730575586888147,0.0653834195468773,-0.323354975537158,-0.839754354363843,11
"DESCARTES_FETAL_EYE_RETINAL_PIGMENT_CELLS",0.68063872255489,0.739177621433518,0.0635007968065945,0.265318543470048,0.846819763825908,23
"DESCARTES_MAIN_FETAL_SYMPATHOBLASTS",0.680244399185336,0.739177621433518,0.0645031249656493,0.276783536760182,0.843673020505976,20
"MENON_FETAL_KIDNEY_4_PODOCYTES",0.691511387163561,0.749892261189015,0.0645031249656493,0.192317876270044,0.9202103194871,171
"GAUTAM_EYE_CHOROID_SCLERA_MELANOCYTES",0.693050193050193,0.750468595672084,0.0610363728309177,-0.19642569528279,-0.907344628956744,145
"GAO_LARGE_INTESTINE_24W_C7_GOBLET_PROGENITOR",0.701244813278008,0.758240037579269,0.0639271933359996,-0.322721950456377,-0.815976429805145,10
"DESCARTES_MAIN_FETAL_PDE11A_FAM19A2_POSITIVE_CELLS",0.703777335984095,0.758775854280971,0.0617054053637522,-0.292696539110379,-0.826963689063027,15
"GAUTAM_EYE_CORNEA_FIBROBLASTS",0.703488372093023,0.758775854280971,0.0605092988656667,-0.194504539108447,-0.903390930729924,153
"DESCARTES_MAIN_FETAL_ERYTHROBLASTS",0.706004140786749,0.760076712263191,0.0635007968065945,0.19180711818865,0.919762211435908,172
"DESCARTES_MAIN_FETAL_GOBLET_CELLS",0.712871287128713,0.766362350520766,0.0609039347452418,-0.283922806215807,-0.817033044056929,16
"HE_LIM_SUN_FETAL_LUNG_C4_CD8_T_CELL",0.717601547388781,0.770335955049917,0.059476028695732,-0.230345592237263,-0.86033236781471,48
"FAN_OVARY_CL10_PUTATIVE_EARLY_ATRESIA_GRANULOSA_CELL",0.723608445297505,0.775666606829699,0.0587185879555941,-0.182753156388476,-0.910368259915525,263
"BUSSLINGER_DUODENAL_K_CELLS",0.72972972972973,0.781104380242311,0.0585937568945671,0.305363387914757,0.799206549813617,12
"TRAVAGLINI_LUNG_AIRWAY_SMOOTH_MUSCLE_CELL",0.73469387755102,0.785289725646356,0.0609039347452418,0.194794899889942,0.895430609140691,138
"HAY_BONE_MARROW_CD34_POS_MULTILIN",0.739562624254473,0.78936125368135,0.0593487680335629,-0.286207519626345,-0.808630081473308,15
"HE_LIM_SUN_FETAL_LUNG_C4_ACTIVATED_NK_CELL",0.740812379110251,0.789563980596763,0.0579754757571486,-0.227976753252697,-0.851484840789037,48
"GAUTAM_EYE_CORNEA_CYTOTOXIC_T_CELLS",0.746913580246914,0.794929453262787,0.0605092988656667,0.194702957745894,0.893993714987775,137
"DESCARTES_FETAL_INTESTINE_ENS_GLIA",0.752895752895753,0.799603274948443,0.0571258510018113,0.297698851810059,0.779146687699865,12
"DESCARTES_MAIN_FETAL_CCL19_CCL21_POSITIVE_CELLS",0.7534516765286,0.799603274948443,0.0580983576873206,-0.191672868958648,-0.889341510620542,156
"DESCARTES_FETAL_PLACENTA_IGFBP1_DKK1_POSITIVE_CELLS",0.755339805825243,0.800466792802,0.0572461135202884,-0.222534121620374,-0.846894545056594,53
"DESCARTES_FETAL_CEREBRUM_OLIGODENDROCYTES",0.76,0.804261363636364,0.0583452776743612,-0.27154200312896,-0.787224009243013,17
"FAN_OVARY_CL18_B_LYMPHOCYTE",0.764023210831721,0.80737204548884,0.0565299525056311,-0.174918172659051,-0.913421413777949,416
"ZHONG_PFC_C2_THY1_POS_OPC",0.771543086172345,0.814163738241355,0.0577308549299813,0.275931492316129,0.771557589136094,15
"DESCARTES_FETAL_HEART_SCHWANN_CELLS",0.773737373737374,0.815324389581815,0.0579754757571486,-0.275482887389177,-0.759238745601754,14
"DESCARTES_MAIN_FETAL_ASTROCYTES",0.778008298755187,0.818008962525218,0.0589694466690997,-0.29662426023175,-0.749990524397914,10
"DESCARTES_MAIN_FETAL_THYMIC_EPITHELIAL_CELLS",0.778481012658228,0.818008962525218,0.0597317976364411,0.197449794175751,0.867565273195858,107
"DURANTE_ADULT_OLFACTORY_NEUROEPITHELIUM_OLFACTORY_MICROVILLAR_CELLS",0.782340862422998,0.820906961274836,0.0582216241124161,-0.237204788925776,-0.816178135537733,34
"TRAVAGLINI_LUNG_CD4_NAIVE_T_CELL",0.791411042944785,0.829256296756491,0.0574877409561325,0.188716353274484,0.861124830246313,130
"CUI_DEVELOPING_HEART_C1_5TH_WEEK_CARDIAC_CELLS",0.794820717131474,0.83165931778504,0.0560595875032335,-0.21073966215142,-0.827335123637527,62
"HE_LIM_SUN_FETAL_LUNG_C3_VENOUS_ENDOTHELIAL_CELL",0.807392996108949,0.843629427911876,0.0542315935495841,-0.210042735852746,-0.817799329927837,58
"DESCARTES_MAIN_FETAL_BIPOLAR_CELLS",0.809145129224652,0.844276080213398,0.0551351763385257,-0.264530116237573,-0.747384309554816,15
"DESCARTES_FETAL_PANCREAS_CCL19_CCL21_POSITIVE_CELLS",0.81532416502947,0.849533570555182,0.0542315935495841,-0.236009358143661,-0.777431689359406,27
"JONES_OVARY_GRANULOSA",0.824242424242424,0.857626544777383,0.0550211117163117,0.204654019002229,0.809737428044129,60
"DESCARTES_FETAL_EYE_STROMAL_CELLS",0.825910931174089,0.858138079600392,0.0550211117163117,0.219197053122672,0.787662059492111,39
"HE_LIM_SUN_FETAL_LUNG_C0_MYOFIBROBLAST_3_CELL",0.827037773359841,0.858138079600392,0.0541200569620232,-0.259280284241131,-0.732551812908515,15
"DESCARTES_MAIN_FETAL_MUC13_DMBT1_POSITIVE_CELLS",0.831013916500994,0.860112847222222,0.0538979025357319,-0.231766962529978,-0.766033551199348,28
"VANGURP_PANCREATIC_DELTA_CELL",0.83125,0.860112847222222,0.0560595875032335,0.214669303209427,0.797550640830146,47
"GAO_ESOPHAGUS_25W_C3_FGFR1LOW_EPITHELIAL_CELLS",0.833333333333333,0.861072584373555,0.0559428593065705,0.213293817784204,0.792440365322943,47
"GAO_LARGE_INTESTINE_ADULT_CA_ENTEROENDOCRINE_CELLS",0.836935166994106,0.863596536579791,0.0530212512043078,-0.185608261790692,-0.84809017618085,139
"DESCARTES_FETAL_EYE_SMOOTH_MUSCLE_CELLS",0.838174273858921,0.863678885234988,0.0554793308704233,0.211313779748596,0.778990619282407,45
"HE_LIM_SUN_FETAL_LUNG_C2_ADC_2_CELL",0.840148698884758,0.864517652857935,0.0502948063662358,-0.192419530651022,-0.837231257171187,99
"DESCARTES_FETAL_PANCREAS_ENS_GLIA",0.845381526104418,0.867505836016241,0.0535669384770951,0.237112753946553,0.714529974954509,19
"GAO_STOMACH_24W_C6_PIT_CELL",0.844580777096115,0.867505836016241,0.0544555953940371,-0.269986053703161,-0.701155019613071,11
"DURANTE_ADULT_OLFACTORY_NEUROEPITHELIUM_UNSPECIFIED",0.857715430861723,0.878951851433265,0.052805004567129,0.223286250950162,0.729508065857049,25
"DESCARTES_FETAL_PLACENTA_PAEP_MECOM_POSITIVE_CELLS",0.860040567951318,0.88012393286227,0.0532386494755899,0.194651417037715,0.803605239282664,74
"DESCARTES_FETAL_CEREBRUM_SKOR2_NPSR1_POSITIVE_CELLS",0.868421052631579,0.885862369841484,0.0526973085708419,-0.241728245132882,-0.71512590907359,18
"GAO_SMALL_INTESTINE_24W_C7_SECRETORY_PROGENITOR",0.869215291750503,0.885862369841484,0.0523759084097997,0.224258118615297,0.6966975550616,21
"GAUTAM_EYE_CORNEA_CONJUNCTIVAL_CELLS",0.868173258003766,0.885862369841484,0.0493910105981501,-0.19038933036172,-0.811095865438848,90
"CUI_DEVELOPING_HEART_RIGHT_ATRIAL_CARDIOMYOCYTE",0.884086444007859,0.899787432767561,0.0504983044100709,-0.217427131058865,-0.712912541839165,26
"HE_LIM_SUN_FETAL_LUNG_C1_PULMONARY_NEUROENDOCRINE_CELL",0.886100386100386,0.900606804426723,0.0495901956956338,-0.184166636282151,-0.818708834108641,119
"GAO_ESOPHAGUS_25W_C1_CILIATED_EPITHELIAL_CELLS",0.887814313346228,0.90111943248357,0.0495901956956338,-0.171375572594461,-0.848891702222467,255
"GAO_SMALL_INTESTINE_24W_C3_ENTEROCYTE_PROGENITOR_SUBTYPE_1",0.893909626719057,0.906071662456731,0.0499913914024592,0.204664040452597,0.713550067861289,32
"GAUTAM_EYE_IRIS_CILIARY_BODY_CYTOTOXIC_T_CELLS",0.89980732177264,0.91081040043562,0.0487989701682839,-0.188687572202636,-0.78734225225614,84
"HE_LIM_SUN_FETAL_LUNG_C1_MUC5AC_POS_ASCL1_POS_PROGENITOR_CELL",0.910358565737052,0.920240341213166,0.0497903187820785,-0.21310727145546,-0.683438617415914,24
"CUI_DEVELOPING_HEART_C2_CARDIOMYOCYTE",0.91304347826087,0.921703782255214,0.0492917662312669,-0.201647558219347,-0.734685708777435,43
"CUI_DEVELOPING_HEART_LEFT_VENTRICULAR_CARDIOMYOCYTE",0.931102362204724,0.93866205662046,0.0482149710025564,-0.203826231694983,-0.692831715312569,30
"DESCARTES_FETAL_KIDNEY_MESANGIAL_CELLS",0.958333333333333,0.964808558558559,0.0494904866135495,-0.219057099508124,-0.587914530983837,13
"DESCARTES_MAIN_FETAL_ENS_GLIA",0.963461538461538,0.96866241046403,0.0455878202571231,0.218836828837829,0.544885742516804,10
"DESCARTES_FETAL_ADRENAL_SYMPATHOBLASTS",0.966135458167331,0.97004166621922,0.0470699590082662,-0.19098939693354,-0.612506220411345,24
"SU_HO_CONV_CENT_CHONDROSARCOMA_C1_HIGH_GRADE_CHONDROSARCOMA_2",0.9723991507431,0.975016645092341,0.0496901392724606,0.155070436404914,0.829642421927188,469
"GAO_STOMACH_24W_C1_PROCRPOS_MULTIPOTENT_PROGENITOR",0.983870967741935,0.985193374956642,0.046788296531803,-0.171619334835135,-0.603221232368934,37
"HAY_BONE_MARROW_CD34_POS_PRE_PC",0.993788819875776,0.993788819875776,0.0475434194201301,0.14269733497752,0.604442794750349,85
