"p_val","avg_log2FC","pct.1","pct.2","p_val_adj","cluster","gene"
0,3.88456847360874,0.959,0.252,0,"1","APOE"
0,2.65096679589104,0.885,0.188,0,"1","SELENOP"
0,3.63487314983211,0.932,0.263,0,"1","APOC1"
0,3.06984801703605,0.808,0.158,0,"1","SLC40A1"
0,2.26409004633882,0.844,0.237,0,"1","DAB2"
0,2.71893623847614,0.775,0.171,0,"1","FOLR2"
0,2.78702468878888,0.894,0.307,0,"1","PLD3"
0,2.62551895208499,0.971,0.394,0,"1","C1QC"
0,2.41095390140055,0.7,0.151,0,"1","SLCO2B1"
0,2.54070900132783,0.964,0.436,0,"1","C1QB"
0,2.33692866942688,0.835,0.311,0,"1","MS4A4A"
0,4.01369486148703,0.655,0.141,0,"1","RNASE1"
0,2.32782063480367,0.927,0.416,0,"1","LGMN"
0,2.51568788135616,0.68,0.17,0,"1","GPNMB"
0,2.13518301395361,0.744,0.234,0,"1","A2M"
0,2.44495588675635,0.968,0.47,0,"1","C1QA"
0,1.90808824218364,0.876,0.381,0,"1","CREG1"
0,2.27687099801911,0.783,0.292,0,"1","LIPA"
0,1.23556574231676,0.623,0.166,0,"1","PLTP"
0,2.48818784514392,0.565,0.112,0,"1","MERTK"
0,2.55801248372194,0.57,0.119,0,"1","KCNMA1"
0,1.05009710468735,0.766,0.32,0,"1","CCL3"
0,2.73834578537192,0.602,0.162,0,"1","PDK4"
0,2.55065245060313,0.569,0.129,0,"1","GPR34"
0,1.4204801388605,0.887,0.449,0,"1","CTSL"
0,3.12695780122364,0.495,0.061,0,"1","CXCL12"
0,1.74035631192074,0.671,0.239,0,"1","SLC1A3"
0,1.84731933851306,0.778,0.352,0,"1","CPM"
0,2.87951623951906,0.647,0.221,0,"1","CCL4L2"
0,1.29598679227357,0.723,0.302,0,"1","FCGR3A"
0,3.0811771904374,0.476,0.057,0,"1","IGF1"
0,1.89386498428754,0.621,0.203,0,"1","TSPAN4"
0,1.51871701349402,0.762,0.347,0,"1","TMEM176B"
0,2.7851012839042,0.486,0.073,0,"1","LILRB5"
0,2.62359757990027,0.511,0.1,0,"1","C2"
0,1.69664452071945,0.682,0.275,0,"1","CCL4"
0,2.21925418245103,0.956,0.549,0,"1","CTSD"
0,1.99856014855772,0.565,0.159,0,"1","FCHO2"
0,1.66864385909699,0.898,0.497,0,"1","CTSC"
0,1.91605559287016,0.898,0.502,0,"1","BLVRB"
0,1.89143438850538,0.627,0.234,0,"1","MCOLN1"
0,1.94657058794949,0.579,0.186,0,"1","SERPING1"
0,4.73703733924807,0.421,0.033,0,"1","VCAM1"
0,2.13809769017971,0.542,0.154,0,"1","CD59"
0,1.7070797642831,0.634,0.247,0,"1","BLVRA"
0,1.72391154194908,0.597,0.211,0,"1","CD84"
0,2.10528538002201,0.546,0.162,0,"1","PLA2G7"
0,2.97047637678939,0.448,0.072,0,"1","SDC3"
0,1.44821241523995,0.615,0.249,0,"1","ADAP2"
0,1.29662935299135,0.58,0.217,0,"1","CCL3L1"
0,2.96302332310212,0.426,0.068,0,"1","FUCA1"
0,2.00394392116481,0.621,0.27,0,"1","MMP19"
0,1.98975894762017,0.484,0.134,0,"1","AP2A2"
0,1.83762358915169,0.598,0.25,0,"1","EGR1"
0,2.14157385522653,0.556,0.217,0,"1","ACP5"
0,1.52427468684899,0.431,0.099,0,"1","MAF"
0,1.71598987136163,0.929,0.603,0,"1","MS4A7"
0,1.77210701462103,0.427,0.101,0,"1","NRP1"
0,2.06173129872638,0.436,0.112,0,"1","NPL"
0,1.51215181152698,0.812,0.498,0,"1","IGSF6"
0,1.42585843194995,0.87,0.557,0,"1","CD163"
0,2.42755609909888,0.396,0.086,0,"1","VAT1"
0,2.94126769508466,0.353,0.05,0,"1","IGSF21"
0,3.21516259594761,0.345,0.044,0,"1","OTOA"
0,2.59000171206529,0.339,0.063,0,"1","GFRA2"
0,6.66814223695228,0.287,0.011,0,"1","CD5L"
0,3.00095751992393,0.298,0.038,0,"1","TMEM37"
0,3.54956287708934,0.286,0.035,0,"1","CCL18"
0,1.4158623913539,0.981,0.741,0,"1","CD68"
0,1.00655746414609,0.943,0.732,0,"1","GLUL"
0,1.45112520969958,0.946,0.74,0,"1","FCGRT"
0,1.22096227400965,0.96,0.768,0,"1","CD63"
0,1.39833824869675,0.991,0.835,0,"1","CTSB"
0,1.05420038816211,0.988,0.86,0,"1","NPC2"
0,0.938926326606901,0.992,0.933,0,"1","ITM2B"
0,0.903871308795594,0.989,0.956,0,"1","PSAP"
0,1.25060583705225,1,0.997,0,"1","FTL"
0,0.733989158093104,1,0.999,0,"1","B2M"
3.46834083380555e-321,0.995353489433422,0.916,0.682,8.36321025255532e-317,"1","ASAH1"
4.24380236961016e-314,1.47235208455982,0.627,0.261,1.0233080653841e-309,"1","TMEM176A"
3.55361771541678e-309,1.31962235029712,0.744,0.403,8.56883839718449e-305,"1","ABCA1"
1.77227738069985e-307,2.57421720171751,0.292,0.048,4.27349244808154e-303,"1","ME1"
9.29597882788939e-302,1.45185388343624,0.612,0.26,2.24153937476897e-297,"1","SCARB2"
4.19986496758555e-299,2.18383228875922,0.334,0.07,1.0127134396339e-294,"1","FRMD4A"
1.11847507659758e-292,1.90150972497106,0.438,0.133,2.69697895219975e-288,"1","HES1"
9.6485561186129e-292,2.17877944766873,0.389,0.105,2.32655633688113e-287,"1","SMPDL3A"
3.09590133846363e-291,1.72472350790285,0.471,0.156,7.46514689743736e-287,"1","RENBP"
3.30717352792647e-285,2.06540732122014,0.293,0.053,7.97458752788909e-281,"1","CD163L1"
1.40522868225083e-280,1.63632254985245,0.567,0.252,3.38842792151143e-276,"1","AKR1B1"
2.42941905750708e-280,0.645815465712681,0.994,0.901,5.85805817336682e-276,"1","TYROBP"
4.832774485e-279,1.19728614116956,0.859,0.584,1.16532691156805e-274,"1","PLIN2"
5.08141751622006e-277,2.30899193431788,0.338,0.08,1.22528220568614e-272,"1","NR1H3"
7.62923380585963e-277,1.48979945475778,0.608,0.28,1.83963714760693e-272,"1","MSR1"
2.75827764833861e-274,2.58269307784977,0.286,0.055,6.65103489343888e-270,"1","ALDH1A1"
6.99365986981998e-272,2.67722718715837,0.316,0.073,1.68638120440969e-267,"1","RCAN1"
1.73301315405508e-267,1.75639999675107,0.352,0.088,4.17881461837301e-263,"1","WWP1"
5.05878134021938e-261,1.20650658492043,0.853,0.676,1.2198239445671e-256,"1","ZFAND5"
1.70711365385572e-259,2.59801398678643,0.277,0.055,4.1163631535423e-255,"1","EPHX1"
6.25717118395478e-259,1.19913740795972,0.671,0.348,1.50879168758702e-254,"1","SNX6"
2.88540553328963e-257,1.78194702500663,0.436,0.149,6.95757836242129e-253,"1","LGALS3BP"
3.05258249176625e-256,0.628015281988037,0.978,0.896,7.36069216239597e-252,"1","ATP6V0C"
1.60893030848694e-252,0.912616133099044,0.85,0.637,3.87961365285457e-248,"1","MFSD1"
6.53811236278887e-251,1.21729656705656,0.71,0.38,1.57653503403928e-246,"1","MRC1"
1.15784092893017e-250,1.62533032211148,0.459,0.164,2.79190183192932e-246,"1","C3AR1"
8.04597776934092e-249,2.1866058034436,0.307,0.072,1.94012661952118e-244,"1","ACP2"
8.14152126361896e-249,1.85889307547395,0.4,0.127,1.96316502229644e-244,"1","GCLC"
3.02608967884493e-247,1.72155548363988,0.393,0.121,7.29681004259879e-243,"1","GATM"
5.00058508336257e-245,1.4545798432069,0.567,0.265,1.20579108115122e-240,"1","MGST3"
8.78310562905626e-245,1.10748633346006,0.72,0.418,2.11787026033434e-240,"1","HEXA"
1.26395453841614e-244,0.832588451939588,0.934,0.843,3.04777357848284e-240,"1","GRN"
1.93055983304781e-240,1.25992965158967,0.627,0.324,4.6551589254282e-236,"1","PEBP1"
1.14709674431747e-239,1.26581048747533,0.836,0.658,2.76599437957272e-235,"1","FGL2"
2.3185356050854e-236,1.52196831007262,0.691,0.407,5.59068490454242e-232,"1","FABP5"
6.23073495724091e-235,0.910954731045094,0.935,0.788,1.5024171202395e-230,"1","GADD45B"
6.19109419376288e-231,1.64442540718637,0.41,0.14,1.49285854294204e-226,"1","ITSN1"
1.62057905711576e-229,1.66076951916272,0.393,0.129,3.90770228042324e-225,"1","RGL1"
3.24162664426469e-229,1.40102197082427,0.516,0.219,7.81653432731545e-225,"1","DNPH1"
9.38219658553533e-227,1.0410839132323,0.836,0.589,2.26232906267014e-222,"1","JUN"
3.52675994421451e-226,0.874088278392875,0.82,0.551,8.50407625348446e-222,"1","PRDX1"
1.57108115631951e-225,0.745739470457153,0.931,0.71,3.78834799223324e-221,"1","MS4A6A"
5.13574368112582e-221,1.27234421419481,0.611,0.322,1.23838187382987e-216,"1","CTSA"
7.62066321048337e-220,2.25175823926726,0.357,0.116,1.83757051994385e-215,"1","TREM2"
1.64839210936384e-219,0.947347776354625,0.734,0.416,3.97476789330903e-215,"1","MARCKS"
2.32324115445539e-218,1.69245215041464,0.508,0.241,5.60203139573829e-214,"1","GYPC"
1.84101667559234e-213,1.73694604320111,0.358,0.114,4.43924350985582e-209,"1","GLMP"
1.8421012760278e-210,0.614781283324014,0.978,0.919,4.44185880688585e-206,"1","HLA-E"
4.0019572332388e-210,1.46422917452929,0.454,0.184,9.64991947650872e-206,"1","IL18BP"
8.48565133222475e-210,1.1090270935456,0.485,0.193,2.04614510573935e-205,"1","NRP2"
2.40258916120753e-209,0.927105046194193,0.86,0.7,5.79336324441971e-205,"1","NR4A2"
2.39544595669313e-208,1.1339546656113,0.599,0.308,5.77613883537414e-204,"1","LY96"
2.75818040034638e-202,1.21872928667982,0.552,0.265,6.65080039935523e-198,"1","LAMP2"
1.58061070703165e-200,0.968748259150277,0.94,0.831,3.81132659786542e-196,"1","FOS"
9.18463068418418e-200,1.67047070539944,0.367,0.127,2.21468999687733e-195,"1","CRYL1"
1.31314527848086e-199,1.1042882823824,0.828,0.646,3.1663872100009e-195,"1","ATF3"
4.92271371045198e-199,0.765655895461655,0.659,0.347,1.18701395700129e-194,"1","CD14"
4.57201633076675e-192,1.39905926847817,0.44,0.181,1.10245029783779e-187,"1","GNPDA1"
2.50547619904875e-190,1.11420239280771,0.394,0.144,6.04145475876626e-186,"1","EBI3"
2.35374119908567e-187,2.1810410302778,0.302,0.093,5.67557615335527e-183,"1","EGR2"
4.43767010996661e-187,1.08861753544831,0.563,0.285,1.07005539361625e-182,"1","MPEG1"
4.56039458081949e-187,1.62961609986886,0.289,0.081,1.099647945273e-182,"1","SIGLEC1"
5.29243125571152e-186,1.03729656224168,0.624,0.34,1.27616394868972e-181,"1","CFD"
4.52287318555979e-181,1.16312343369797,0.466,0.202,1.09060041123403e-176,"1","FRMD4B"
2.88016579673153e-180,0.682171171217668,0.912,0.8,6.94494378565875e-176,"1","RNASET2"
1.08031969328592e-179,1.54268012679284,0.353,0.125,2.60497487642034e-175,"1","PLXND1"
1.2991834195147e-179,1.18613329722357,0.561,0.297,3.13272097947579e-175,"1","PTMS"
4.92018362216735e-179,0.924151269795752,0.662,0.376,1.18640387681321e-174,"1","LAIR1"
7.10234823829468e-179,1.43295013511096,0.395,0.155,1.7125892307e-174,"1","NFIC"
2.23079040997658e-177,0.962134853524773,0.757,0.508,5.37910491557653e-173,"1","RGS1"
6.81964025427041e-174,1.78599162612096,0.267,0.074,1.64441985451222e-169,"1","ABCC5"
2.08071561273977e-173,1.32059682363261,0.442,0.195,5.01722955699942e-169,"1","FEZ2"
6.52585224842624e-173,0.567513813937224,0.98,0.868,1.57357875266302e-168,"1","FCER1G"
7.58602996830758e-173,1.39313811222188,0.362,0.133,1.82921940625801e-168,"1","IDH1"
1.21594254875957e-172,1.78887799725154,0.283,0.086,2.93200226782394e-168,"1","MITF"
5.44215130479027e-171,0.972273580416829,0.681,0.441,1.31226594412408e-166,"1","CD4"
9.55987299701109e-171,0.913856596095396,0.686,0.42,2.30517217576928e-166,"1","RAB20"
7.89542339232294e-169,1.31334120968455,0.43,0.187,1.90382344259083e-164,"1","TTYH3"
1.69367645830345e-168,0.991537507016495,0.599,0.323,4.08396204390712e-164,"1","LAMP1"
3.93426034032114e-166,1.02179339482791,0.606,0.32,9.48668195861637e-162,"1","CD81"
2.50160612782705e-165,0.826370211987571,0.758,0.52,6.03212285602935e-161,"1","CSF1R"
4.07387337868775e-163,1.16771674747808,0.532,0.28,9.82333087802976e-159,"1","CD72"
2.83781514854523e-161,1.053423014312,0.643,0.409,6.84282366768711e-157,"1","ATOX1"
2.94315831281439e-161,0.969827784370601,0.68,0.438,7.09683763968935e-157,"1","IL18"
1.29901845916263e-160,0.932729490435883,0.624,0.366,3.13232321057884e-156,"1","RASSF4"
3.786105247492e-158,1.39065566231019,0.379,0.154,9.12943558327747e-154,"1","FMNL2"
9.69706421688043e-158,0.811718582181138,0.748,0.538,2.33825309461638e-153,"1","BST2"
4.80534220276859e-156,0.816989940977604,0.742,0.539,1.15871216535359e-151,"1","CLTA"
1.62431193877223e-155,1.17752294255131,0.491,0.246,3.91670337796147e-151,"1","SLAMF8"
8.7507866015145e-155,1.06564998423759,0.517,0.266,2.11007717322319e-150,"1","GAA"
2.73309804349031e-154,1.44615536513658,0.402,0.181,6.59031931226818e-150,"1","EPB41L2"
3.10616896280138e-154,1.10664058552299,0.582,0.341,7.48990522000297e-150,"1","NEU1"
4.70955538117464e-153,0.735272477317142,0.805,0.603,1.13561508906264e-148,"1","ARL6IP1"
1.12236712138649e-152,1.47491364594386,0.341,0.132,2.70636383979925e-148,"1","AXL"
1.21084898663598e-152,1.33896514855208,0.402,0.177,2.91972016147534e-148,"1","SULT1A1"
3.60728443299067e-152,0.925916746044952,0.609,0.357,8.69824495327041e-148,"1","MPP1"
1.40890944838405e-149,1.18456482984632,0.338,0.127,3.39730335288846e-145,"1","MGLL"
2.17655108925133e-149,0.792078847397113,0.842,0.677,5.24831764151174e-145,"1","HERPUD1"
2.8900324499573e-148,1.05944140646307,0.512,0.268,6.96873524658204e-144,"1","NAGK"
9.00264880431448e-146,1.01664289488191,0.538,0.297,2.17080870618435e-141,"1","SCAMP2"
5.43066637507155e-145,0.950712314051239,0.615,0.384,1.309496583021e-140,"1","BCAP31"
1.48849611522745e-142,0.70828708263458,0.783,0.59,3.58921068264795e-138,"1","ATP6V0E1"
2.00792378010615e-142,1.68686734589977,0.269,0.09,4.84170661096997e-138,"1","SHMT1"
5.38467390089651e-142,1.39441783018581,0.39,0.177,1.29840641772318e-137,"1","STOM"
4.09637016794146e-141,0.671703080412818,0.877,0.712,9.87757738595724e-137,"1","SGK1"
1.34545171691886e-140,1.04219568617425,0.474,0.238,3.24428772500644e-136,"1","HNMT"
3.81494361630118e-140,0.531133954432479,0.805,0.542,9.19897354198703e-136,"1","MAFB"
1.63787469964813e-139,0.786986384710374,0.724,0.521,3.94940726326153e-135,"1","TPP1"
5.58886772815718e-137,0.850443543332297,0.71,0.483,1.34764367529054e-132,"1","RHOB"
3.31333951599985e-136,0.715914809961502,0.938,0.883,7.98945557493043e-132,"1","JUNB"
1.38484082479384e-135,0.915630968762755,0.561,0.317,3.33926668082538e-131,"1","ARHGAP18"
2.1929696208854e-135,0.860004548100608,0.714,0.506,5.28790764684097e-131,"1","ZNF331"
7.37710918725807e-135,1.07106114669837,0.601,0.387,1.77884233832354e-130,"1","MAFF"
6.44682997170823e-134,0.869334617272433,0.446,0.214,1.554524111078e-129,"1","C1orf54"
1.1360658146716e-131,1.27698533542074,0.511,0.299,2.73939549891762e-127,"1","CALM3"
1.93065319641693e-129,0.970041700033156,0.552,0.328,4.65538405252015e-125,"1","DAD1"
2.67478718339248e-127,1.08886697900728,0.438,0.221,6.44971433531428e-123,"1","FMN1"
6.15345525640184e-126,0.586279846725984,0.823,0.64,1.48378266597618e-121,"1","GRINA"
6.71648116304831e-126,1.54063624117001,0.286,0.109,1.61954510284584e-121,"1","ANKH"
3.99993521224348e-125,1.08932833059647,0.426,0.211,9.64504377728271e-121,"1","CYFIP1"
1.06797319825431e-124,0.955322208894824,0.607,0.393,2.57520377295062e-120,"1","ICAM1"
1.60518606615241e-124,0.528688899370472,0.939,0.852,3.8705851613133e-120,"1","CTSS"
1.60760961267379e-124,1.0290467275627,0.473,0.255,3.87642905904031e-120,"1","PCBD1"
1.38083716878128e-122,0.585196453146286,0.85,0.676,3.32961266508231e-118,"1","SDCBP"
2.10560627941844e-120,1.42686507717565,0.291,0.115,5.07724842156169e-116,"1","TMEM35B"
3.46656296858444e-120,0.536163763940406,0.758,0.484,8.35892328614765e-116,"1","C5AR1"
4.16341933301042e-120,0.774939325981681,0.692,0.51,1.0039253037688e-115,"1","MAN2B1"
4.94551631459611e-120,1.46200533054911,0.303,0.125,1.19251234893856e-115,"1","SIK1B"
1.08493226040915e-119,0.781631351165122,0.866,0.739,2.61609715952458e-115,"1","CSTB"
1.6258059041327e-119,1.4256170877772,0.285,0.112,3.92030577663517e-115,"1","TNS3"
1.21678521972007e-118,0.716527526446241,0.704,0.506,2.93403420031101e-114,"1","WASF2"
2.46985466894929e-115,0.59254033350657,0.878,0.759,5.95556056323742e-111,"1","CTSZ"
9.13558422018729e-115,0.614785805553426,0.965,0.961,2.20286342301376e-110,"1","MT-ND3"
5.88588402363019e-114,0.810775534392747,0.453,0.233,1.41926321461795e-109,"1","MTSS1"
6.03496361144796e-114,0.910752765414398,0.498,0.282,1.45521077562845e-109,"1","SNX5"
7.47393617194152e-113,1.4890921347697,0.251,0.092,1.80219022914026e-108,"1","PRKACB"
7.93330606742796e-112,0.859141802903396,0.515,0.299,1.9129580920389e-107,"1","IQGAP2"
9.79852875839552e-112,0.70854673021866,0.455,0.241,2.36271923951191e-107,"1","STAB1"
1.0994491713613e-111,0.652976022989223,0.948,0.907,2.6511017869035e-107,"1","ZFP36"
1.6095892642981e-110,0.68397659927969,0.897,0.816,3.881202593002e-106,"1","FOSB"
1.76919200012283e-110,1.47413006793762,0.308,0.134,4.26605266989619e-106,"1","MMP9"
1.04052157403142e-109,0.902260917350942,0.497,0.281,2.50900967146196e-105,"1","TIMP2"
1.67458882235578e-109,1.2147466039989,0.425,0.232,4.0379360273465e-105,"1","ATF6"
1.87336155322638e-109,0.818471621232357,0.604,0.403,4.51723671329477e-105,"1","AKR1A1"
5.54743240316426e-109,0.732043165720559,0.651,0.45,1.337652375375e-104,"1","ELL2"
1.345867754398e-108,0.759745681352592,0.543,0.32,3.24529091617989e-104,"1","ATP1B1"
3.78893181368104e-108,1.35002169697191,0.269,0.107,9.13625128232909e-104,"1","DENND4C"
5.88020341462067e-105,1.14773554154204,0.36,0.177,1.41789344936748e-100,"1","IMP3"
9.14211697997141e-105,0.965570295275782,0.446,0.247,2.20443866738051e-100,"1","SLC15A3"
3.20412662623703e-103,1.09011185809032,0.369,0.184,7.72611053384535e-99,"1","ISCU"
3.38541247684703e-103,0.7744447174052,0.647,0.464,8.16324510542123e-99,"1","NCOA4"
5.37366462224804e-103,0.54593019326509,0.946,0.912,1.29575175036267e-98,"1","DUSP1"
7.59699652501573e-103,0.530574164446767,0.835,0.677,1.83186377207704e-98,"1","VAMP8"
1.17953401761449e-102,0.534702275234214,0.827,0.677,2.84421037667382e-98,"1","CEBPB"
2.01873595883991e-101,1.06829683472336,0.509,0.307,4.86777801755067e-97,"1","KLF2"
4.69259011405495e-101,1.10565670599986,0.401,0.215,1.13152425420207e-96,"1","GM2A"
1.18752879661939e-100,1.45404477213284,0.263,0.108,2.86348818728833e-96,"1","DNASE2"
1.2895521445948e-99,1.30927940219669,0.287,0.126,3.10949708626145e-95,"1","APH1B"
1.21259094580453e-98,0.53559682426251,0.923,0.821,2.92392054761846e-94,"1","KLF6"
2.32584166026485e-98,1.05684895697237,0.403,0.216,5.60830199539663e-94,"1","FAM210A"
4.59731347681745e-98,0.79963116343505,0.526,0.323,1.10855019866499e-93,"1","DPP7"
5.9440178611178e-97,0.746245085177237,0.467,0.26,1.43328102685133e-92,"1","LRP1"
3.62254361186761e-96,1.07157882716801,0.411,0.229,8.73503941129636e-92,"1","ATP2A2"
6.80875335075359e-96,0.872487124119928,0.466,0.271,1.64179469546721e-91,"1","SNX2"
6.0199779500758e-95,1.24326224521184,0.336,0.169,1.45159728310178e-90,"1","ADI1"
2.12635524352392e-94,0.99469383418866,0.455,0.268,5.12728039870924e-90,"1","ABL2"
7.23946125061297e-93,1.3197006166418,0.28,0.126,1.74565129136031e-88,"1","TCN2"
7.61476459885945e-93,0.914589931321894,0.452,0.265,1.83614818772298e-88,"1","DRAM2"
1.90297423714752e-92,1.24746299150085,0.283,0.128,4.58864177803382e-88,"1","AIG1"
3.2216757902219e-92,0.862837952878619,0.327,0.154,7.76842683296207e-88,"1","STMN1"
2.10416049331325e-91,0.655366446891876,0.696,0.537,5.07376219752623e-87,"1","RASGEF1B"
3.8640361684472e-91,0.784098930341776,0.511,0.318,9.31735041297673e-87,"1","GNPTG"
4.73215715816983e-90,0.906955027752142,0.502,0.32,1.14106505554949e-85,"1","CKS2"
5.65287377285378e-90,0.800550413044538,0.486,0.291,1.36307745284823e-85,"1","FILIP1L"
1.78147900731989e-87,0.727479217500073,0.782,0.663,4.29568033035045e-83,"1","IER3"
2.73747605028877e-87,1.27960719721264,0.254,0.11,6.60087600006131e-83,"1","CBR1"
1.1666059404354e-86,0.771524097755309,0.511,0.327,2.81303690417187e-82,"1","SERPINB6"
3.42800194277182e-85,0.976680751573887,0.37,0.201,8.26594108460568e-81,"1","MDH1"
4.71864632891598e-85,1.09003546875375,0.284,0.131,1.13780718929151e-80,"1","LTC4S"
5.40712640778392e-85,0.912904876248546,0.373,0.2,1.30382039070894e-80,"1","DST"
1.6661749422281e-84,1.04717604462454,0.306,0.148,4.01764763819462e-80,"1","MYO5A"
1.74270484190292e-84,0.845089929956434,0.457,0.276,4.2021841852805e-80,"1","NENF"
2.26034346923994e-84,0.825939628160187,0.489,0.308,5.45036620737827e-80,"1","SELENOS"
2.97936634137858e-84,0.662054237502299,0.582,0.391,7.18414605896616e-80,"1","RNF13"
6.38248152584135e-84,0.600369038439485,0.682,0.507,1.53900777032613e-79,"1","CHCHD10"
9.79244981164715e-84,0.571442645756621,0.789,0.654,2.36125342308248e-79,"1","HSP90B1"
3.18763942911659e-83,0.963699066279586,0.407,0.237,7.68635495542883e-79,"1","SCPEP1"
4.64328580925742e-82,0.727908303256649,0.276,0.125,1.11963550718624e-77,"1","TCEAL9"
8.79485541984227e-82,0.983115338930809,0.358,0.194,2.12070348738657e-77,"1","WASHC2A"
1.38546147013641e-81,0.871959303020613,0.371,0.201,3.34076324293991e-77,"1","ZFHX3"
5.6318571832194e-80,0.762101612969492,0.519,0.34,1.35800972258969e-75,"1","APBB1IP"
2.42696486316486e-79,0.723523354151994,0.532,0.352,5.85214037454943e-75,"1","CORO1B"
4.10015532928597e-79,0.976086010479188,0.32,0.163,9.88670454550727e-75,"1","GOLIM4"
6.01407318406789e-79,0.597967791682571,0.65,0.478,1.45017346687429e-74,"1","CD164"
6.28748724419019e-79,0.892219213566591,0.373,0.206,1.51610179919158e-74,"1","ATP6V1C1"
1.15794104056444e-78,1.32657024171197,0.326,0.177,2.79214323111304e-74,"1","WDR45B"
3.58180622147456e-78,0.658742236356291,0.644,0.48,8.6368093418416e-74,"1","EIF4A3"
2.65731246629844e-77,0.621492030612805,0.649,0.486,6.40757754998542e-73,"1","ADA2"
4.12249445507384e-77,0.764544119593248,0.439,0.263,9.94057087951955e-73,"1","SWAP70"
4.20887051709261e-77,1.01048591473111,0.277,0.131,1.01488494778654e-72,"1","GIMAP4"
5.53395574241285e-77,1.08370739594639,0.282,0.137,1.33440274816801e-72,"1","KIF1B"
9.00261606906904e-77,0.543496025040951,0.737,0.587,2.17080081273462e-72,"1","CD302"
1.09414870150089e-76,1.06223690882576,0.258,0.119,2.63832076392908e-72,"1","MKNK1"
1.11026248369027e-76,0.969682659216325,0.304,0.151,2.67717592692234e-72,"1","COLGALT1"
1.04402739738127e-75,0.788597593613997,0.415,0.242,2.51746326330545e-71,"1","NCF4"
1.06136366756031e-75,0.646090418921369,0.805,0.701,2.55926621158818e-71,"1","LGALS3"
3.25607122608685e-74,0.688577681649094,0.514,0.338,7.85136454746322e-70,"1","NUDT16"
3.81625544064543e-74,0.512546514030038,0.835,0.727,9.20213674402833e-70,"1","KLF4"
5.08767065222156e-74,0.839728164609621,0.33,0.174,1.22679002437018e-69,"1","PMP22"
2.28834098244624e-73,0.672189845663791,0.487,0.309,5.51787661097261e-69,"1","SMS"
1.35981418464668e-72,0.621935318064633,0.606,0.441,3.27891994343853e-68,"1","M6PR"
7.83864093200662e-72,0.886060245597633,0.364,0.207,1.89013148793476e-67,"1","CISD2"
1.32277829151192e-70,0.595109022940572,0.619,0.458,3.1896152943227e-66,"1","ATP6AP1"
4.4752875502108e-70,0.95495220439938,0.284,0.143,1.07912608698233e-65,"1","DSC2"
5.77922979384227e-70,1.12548204542745,0.253,0.121,1.39354568018919e-65,"1","CALU"
1.40584598022505e-69,0.953165283294806,0.288,0.146,3.38991641211667e-65,"1","LHFPL2"
3.28619678538612e-68,0.795724084715088,0.411,0.252,7.92400630860155e-64,"1","H2AFJ"
4.93537098872812e-68,0.830360757875383,0.401,0.245,1.19006600651201e-63,"1","CHKA"
1.05469786885572e-67,0.597818214204481,0.555,0.383,2.5431929711718e-63,"1","TMBIM4"
2.51667187770104e-67,0.67122216188637,0.389,0.224,6.06845089870051e-63,"1","DMXL2"
9.97689315795386e-67,0.818941978636235,0.372,0.218,2.40572824717741e-62,"1","VKORC1"
1.02176259347606e-66,0.687992139975165,0.52,0.359,2.46377614164882e-62,"1","MYDGF"
1.10531266120037e-66,0.500813723970823,0.795,0.693,2.66524041995246e-62,"1","RAB7A"
1.69156551242884e-66,1.04677439513671,0.265,0.133,4.07887192011966e-62,"1","BEX4"
2.18434205554172e-66,0.805965079528,0.352,0.199,5.26710399852775e-62,"1","LRRC25"
4.39152117462828e-66,0.627876899860086,0.58,0.424,1.05892750083812e-61,"1","COMT"
1.07455617244525e-65,0.812090567900168,0.379,0.226,2.59107729861723e-61,"1","PEPD"
6.47933140028287e-65,0.768582577961726,0.405,0.249,1.56236118055021e-60,"1","AP1B1"
7.10600498147952e-64,0.971964965804838,0.291,0.156,1.71347098118416e-59,"1","ATP6V1D"
1.86205261135647e-63,0.834595986577507,0.321,0.177,4.48996746176385e-59,"1","ABCG1"
1.10544025966218e-62,0.616720224954403,0.65,0.515,2.66554809812342e-58,"1","IER2"
6.11998752734038e-62,0.589591559291728,0.528,0.359,1.47571259246759e-57,"1","GNS"
1.21715001211016e-61,0.897094531289971,0.312,0.175,2.93491382420122e-57,"1","SIAH2"
2.79458318976839e-61,0.856421835442517,0.299,0.162,6.73857844548853e-57,"1","TCF12"
9.5823925522263e-61,0.670238658319861,0.456,0.295,2.31060231611833e-56,"1","CCDC107"
1.3252941600294e-60,1.17970735489097,0.272,0.145,3.19568180807889e-56,"1","TSC22D1"
3.32448316890763e-60,0.560581296632061,0.616,0.458,8.01632626518696e-56,"1","ARL4C"
6.55365029809013e-59,0.714716640460242,0.416,0.266,1.58028169637847e-54,"1","UNC93B1"
8.28644571400772e-59,0.89595685065994,0.315,0.181,1.99811065501868e-54,"1","HEBP1"
8.71731911812097e-59,0.604819334085286,0.518,0.366,2.10200715895251e-54,"1","OSTF1"
3.1840009905122e-58,0.599952186149459,0.556,0.411,7.67758158842207e-54,"1","KRTCAP2"
8.28810900958017e-58,0.602610607152899,0.508,0.353,1.99851172548007e-53,"1","PTTG1IP"
9.16761103471327e-58,0.529665517653976,0.66,0.527,2.21058604880041e-53,"1","POMP"
2.66112084055343e-57,0.59066725615853,0.563,0.413,6.41676068282649e-53,"1","NOP10"
5.70331076320118e-57,0.639793633029714,0.401,0.248,1.3752393243307e-52,"1","FPR3"
1.80421350047389e-55,0.802532558486904,0.305,0.173,4.3505000136927e-51,"1","ATP6V0A1"
3.7838927006947e-55,0.772271183234522,0.361,0.223,9.12410046918514e-51,"1","ATRAID"
5.59489953504057e-55,0.761655678668172,0.315,0.181,1.34909812488433e-50,"1","TFEC"
3.67801179927922e-53,0.508815658363165,0.509,0.354,8.86878985160198e-49,"1","FNBP1"
1.12155266647842e-52,0.549002628789651,0.582,0.443,2.70439994467943e-48,"1","ATP6AP2"
1.24880613861962e-52,0.712102160628713,0.285,0.16,3.01124624205348e-48,"1","PTGS2"
1.72016985636117e-52,0.503933995167096,0.619,0.476,4.1478455746437e-48,"1","UQCR10"
3.47378899952324e-52,0.812566260065017,0.253,0.134,8.3763474145504e-48,"1","SESN1"
3.4851411576493e-52,0.826525970391744,0.395,0.259,8.40372087343975e-48,"1","ADM"
3.92912378557403e-52,0.532526753952762,0.352,0.207,9.47429618415466e-48,"1","SLA"
6.92494502367035e-52,0.726566411119876,0.302,0.173,1.66981199355763e-47,"1","TLR4"
1.21652774325784e-51,0.834991580358467,0.291,0.167,2.93341334731763e-47,"1","TM6SF1"
2.34110075334149e-51,0.587363619663579,0.51,0.368,5.64509624653233e-47,"1","TMEM59"
1.59063112350826e-50,0.768224492317006,0.398,0.266,3.83548882811547e-46,"1","TSC22D2"
2.17147972884107e-50,0.521078626107375,0.55,0.399,5.23608907015448e-46,"1","PRNP"
4.38969902910792e-50,0.816195246776396,0.33,0.204,1.05848812688879e-45,"1","ME2"
9.28477309968867e-49,0.62054572030388,0.451,0.313,2.23883733752793e-44,"1","CIAO2A"
1.81167097262993e-48,0.660924371344677,0.721,0.625,4.36848221630255e-44,"1","HSPA5"
6.12231885225816e-48,0.642246407456465,0.462,0.331,1.47627474484501e-43,"1","NDUFC2"
1.15605842635252e-47,0.672404504767984,0.347,0.216,2.78760368346383e-43,"1","CREBL2"
1.28993008219508e-47,0.599926039238348,0.489,0.352,3.11040840719699e-43,"1","DDX24"
1.37018757168174e-47,0.642800816618013,0.339,0.209,3.30393329159618e-43,"1","IL6ST"
1.73133541161e-47,0.633654066602338,0.426,0.29,4.17476907801519e-43,"1","HLA-DOA"
2.91428345609743e-47,0.807293013423137,0.291,0.172,7.02721169768773e-43,"1","NDUFC1"
4.120891333329e-47,0.955986819044856,0.361,0.238,9.93670527205621e-43,"1","CD9"
2.58256938222196e-45,0.636705888513108,0.295,0.174,6.2273495513518e-41,"1","UGCG"
1.05484794924139e-44,0.556292433888486,0.447,0.314,2.54355486000576e-40,"1","RAP2B"
1.18279597774354e-44,0.726017376892952,0.282,0.165,2.85207594113299e-40,"1","RAB13"
1.56164457052517e-44,0.620820608504092,0.412,0.282,3.76559355290734e-40,"1","SCP2"
1.65003918904592e-44,0.558967292188212,0.453,0.318,3.97873949654643e-40,"1","PDXK"
8.88298055149384e-44,0.781151469192166,0.281,0.168,2.14195310038171e-39,"1","PDIA4"
2.07202749403117e-43,0.750029599767916,0.287,0.173,4.99627989635737e-39,"1","CPEB4"
2.08680932312255e-43,0.687747853769582,0.351,0.229,5.03192332084539e-39,"1","MGST2"
2.26000896329234e-43,0.527402116102494,0.553,0.431,5.44955961318681e-39,"1","NANS"
1.3209742874015e-42,0.782369080527089,0.265,0.155,3.18526529921125e-38,"1","NECAP2"
3.36224870223741e-42,0.532099225414772,0.463,0.326,8.10739029570506e-38,"1","VSIG4"
4.0223599597414e-42,0.664359304751752,0.332,0.213,9.69911657092443e-38,"1","PLEKHO2"
6.50121383495371e-42,0.635798523907223,0.363,0.24,1.56763769202239e-37,"1","ABHD12"
1.59094721517738e-41,0.646640354261531,0.335,0.217,3.83625101995722e-37,"1","CITED2"
6.50402031077097e-41,0.664580389633456,0.402,0.285,1.5683144175362e-36,"1","NFKBID"
1.41217678535156e-40,0.629793552141519,0.467,0.341,3.40518188251822e-36,"1","LILRB4"
1.69651872562408e-40,0.651436094984002,0.386,0.268,4.09081560309735e-36,"1","CD33"
2.62712495781225e-40,0.601038800605423,0.339,0.219,6.33478641077267e-36,"1","FCHSD2"
9.27458784262266e-40,0.694748896053909,0.263,0.156,2.2363813664916e-35,"1","GAS6"
9.33650217336536e-40,0.618265844618444,0.33,0.213,2.25131076906359e-35,"1","VOPP1"
1.30327725957652e-39,0.73036572170583,0.29,0.181,3.14259245601687e-35,"1","FUCA2"
1.57180857501635e-39,0.763231781748899,0.262,0.157,3.79010201693693e-35,"1","TNFSF12"
2.08158341042902e-39,0.588023727815354,0.532,0.411,5.01932207756749e-35,"1","BTG2"
6.45433415222859e-39,0.614076527581382,0.266,0.159,1.55633359412688e-34,"1","MYO1E"
8.38984957128966e-39,0.733273897420273,0.336,0.22,2.02304442712508e-34,"1","SLC37A2"
9.60049108528632e-39,0.629490874667719,0.287,0.176,2.31496641539509e-34,"1","GGA1"
1.2191865959005e-38,0.521203829446243,0.418,0.292,2.93982463869488e-34,"1","STX7"
1.64370332442832e-38,0.638839574930324,0.349,0.233,3.96346182619402e-34,"1","TMEM179B"
2.18205564689095e-38,0.539781103914461,0.485,0.366,5.26159078134815e-34,"1","PDIA6"
5.93604690002005e-38,0.667385247605063,0.286,0.177,1.43135898900184e-33,"1","ADAM9"
1.04332154987323e-37,0.672441115353572,0.267,0.162,2.51576125320933e-33,"1","SH3PXD2B"
1.5918771908815e-36,0.752772827001812,0.266,0.165,3.83849347037256e-32,"1","SLC39A1"
1.2586991215251e-35,0.672887943621785,0.282,0.178,3.03510119173348e-31,"1","MAN1A1"
7.70452407853097e-35,0.792343401129306,0.251,0.155,1.85779189105617e-30,"1","MCUR1"
1.18227207986065e-34,0.531453445898703,0.502,0.396,2.85081266616799e-30,"1","PRCP"
1.64528706414393e-34,0.685917671545484,0.3,0.197,3.96728069777026e-30,"1","NDUFAF3"
2.24126856924246e-34,0.571071852353297,0.409,0.297,5.40437090101435e-30,"1","AMD1"
3.00729448426206e-34,0.644003456396105,0.317,0.212,7.25148918990111e-30,"1","ARRDC2"
1.31341980341088e-33,0.595560995074873,0.353,0.245,3.16704917196465e-29,"1","TMEM147"
2.85115237954366e-33,0.607649855229025,0.268,0.168,6.87498373279362e-29,"1","RDX"
6.31747361749514e-33,0.637863009338888,0.348,0.243,1.5233324133866e-28,"1","SDHD"
1.05498187998035e-32,0.670762184580157,0.269,0.172,2.54387780719662e-28,"1","PARP1"
3.42992793181206e-32,0.533100895652043,0.378,0.268,8.27058522197841e-28,"1","GNG10"
8.49065588266203e-32,0.599154782489989,0.292,0.191,2.04735185298629e-27,"1","DSTN"
2.29738957721059e-31,0.572559194500147,0.516,0.42,5.53969548752791e-27,"1","RANBP2"
2.30430535192748e-31,0.528650746639089,0.284,0.184,5.55637149510272e-27,"1","TGFBR2"
3.82094442322786e-31,0.557871583379017,0.421,0.314,9.21344328772935e-27,"1","TNFSF13"
1.6858199507366e-30,0.552833331258088,0.293,0.193,4.06501764721117e-26,"1","WASHC4"
1.81451751263746e-30,0.527753152575846,0.706,0.64,4.37534607822271e-26,"1","CHMP1B"
2.72725099502237e-30,0.545668603879157,0.392,0.286,6.57622032429743e-26,"1","CLN8"
3.0846859638672e-30,0.555427554484624,0.332,0.23,7.43810326467297e-26,"1","DBNDD2"
3.27662539390786e-30,0.613293262976177,0.284,0.188,7.90092681233003e-26,"1","TMEM70"
4.65771364781431e-30,0.544802104780264,0.376,0.269,1.12311449189747e-25,"1","CLEC4E"
1.40022851785696e-28,0.606603736603522,0.281,0.187,3.3763710251085e-24,"1","MRPL57"
3.08745633514404e-27,0.539760150225844,0.259,0.171,7.44478346093284e-23,"1","SNHG12"
4.24266644408783e-27,0.557000937796712,0.282,0.191,1.0230341596629e-22,"1","ARL5B"
1.77609780202012e-26,0.607000723591127,0.304,0.214,4.28270463001112e-22,"1","DYNLRB1"
8.94494018676889e-26,0.514359183443452,0.286,0.195,2.15689342723558e-21,"1","SNX29"
9.23102554454176e-26,0.556251663470578,0.368,0.277,2.22587718955535e-21,"1","TMED9"
2.51403852382237e-25,0.551751741987137,0.29,0.2,6.06210109249287e-21,"1","SNX8"
7.68301956953167e-25,0.547578201798158,0.324,0.235,1.85260650880117e-20,"1","CD151"
1.76405249418853e-24,0.502615534472587,0.327,0.236,4.25365977923681e-20,"1","MLEC"
2.92059026423492e-24,0.538525494574205,0.302,0.215,7.04241930414967e-20,"1","SBDS"
5.66525843225787e-24,0.563221779561946,0.289,0.203,1.36606376577034e-19,"1","GNB4"
6.19476113721899e-24,0.561143797236224,0.258,0.175,1.49374275301762e-19,"1","ATP6V1E1"
7.37644300005706e-24,0.50784424120533,0.28,0.193,1.77868170060376e-19,"1","SDCCAG8"
1.60212509734737e-23,0.525803233639094,0.297,0.21,3.86320424723371e-19,"1","ABI3"
4.04297250369598e-23,0.589555967097665,0.257,0.176,9.74881959816212e-19,"1","CHMP5"
7.8052364150719e-22,0.505803173373097,0.274,0.192,1.88207665676629e-17,"1","LEPROT"
2.07264072630902e-21,0.559629770458381,0.365,0.281,4.99775858334894e-17,"1","STAT1"
7.70135051797468e-21,0.519816967535928,0.287,0.207,1.85702665039924e-16,"1","SDHC"
1.71708968797532e-20,0.549397400137775,0.276,0.2,4.14041836461488e-16,"1","SNRPC"
4.70851962779186e-20,0.501425577722947,0.352,0.268,1.13536533784945e-15,"1","IFI6"
1.42616961720853e-13,0.521451981215263,0.251,0.191,3.43892279797492e-09,"1","DDIT3"
0,3.04369606000495,0.781,0.125,0,"2","CD1C"
0,1.71631633540443,0.76,0.283,0,"2","CLEC10A"
0,2.77929539637364,0.655,0.187,0,"2","IL1R2"
0,2.18672102908803,0.659,0.211,0,"2","GPAT3"
0,2.57515313393572,0.527,0.104,0,"2","CST7"
0,2.73869844649932,0.493,0.07,0,"2","FCER1A"
0,1.99507000686114,0.777,0.359,0,"2","AREG"
0,1.15341025852155,0.938,0.525,0,"2","LSP1"
0,2.5157606675072,0.503,0.098,0,"2","CD1E"
0,2.13798187743902,0.499,0.131,0,"2","PLD4"
0,2.56653802422469,0.378,0.072,0,"2","SLC38A1"
0,1.59731613051569,0.894,0.601,0,"2","EZR"
0,1.23368734795616,0.958,0.691,0,"2","LRRFIP1"
0,1.29025097329126,0.983,0.814,0,"2","HLA-DQB1"
0,1.15754024948653,0.995,0.831,0,"2","HLA-DQA1"
0,0.857978932615115,0.953,0.901,0,"2","RPS5"
0,0.984350856896167,1,0.957,0,"2","HLA-DPB1"
0,0.982484007295797,1,0.968,0,"2","VIM"
0,0.751517876261984,1,0.988,0,"2","HLA-DRB1"
0,0.877608441358576,1,0.99,0,"2","HLA-DRA"
1.23602675322076e-317,0.791836262583071,1,0.966,2.98043131004121e-313,"2","HLA-DPA1"
2.92065819594632e-317,1.37984413713915,0.776,0.353,7.04258310788536e-313,"2","JAML"
1.85758880573895e-316,2.66303490854677,0.349,0.063,4.47920388727834e-312,"2","SPIB"
1.67251415806137e-313,0.739349195044398,0.983,0.964,4.03293338933337e-309,"2","RPS3"
6.98365362293638e-308,1.60425433118987,0.627,0.228,1.68396839809865e-303,"2","RAB11FIP1"
1.30385348807752e-300,0.850499441485014,0.979,0.972,3.14398191580132e-296,"2","RPS18"
1.6307758828482e-297,0.706663296235049,0.981,0.978,3.93228988631185e-293,"2","RPS23"
5.77602071803492e-297,1.45367198190074,0.712,0.303,1.39277187573976e-292,"2","PPA1"
8.03633786259733e-290,1.30403599312024,0.822,0.449,1.93780214880809e-285,"2","MYADM"
3.73799188875856e-288,1.39311271560702,0.848,0.511,9.01341984136351e-284,"2","CRIP1"
5.62997455224023e-287,1.72581187085926,0.644,0.262,1.35755576378169e-282,"2","RALA"
7.08080337340681e-286,0.665021233899336,0.99,0.98,1.70739411742959e-281,"2","RPL11"
3.68507643578495e-285,2.28595122842709,0.372,0.081,8.88582480960826e-281,"2","AFF3"
5.45655053727612e-284,0.693787128402278,0.984,0.96,1.31573803105339e-279,"2","RPL3"
3.63378367714075e-281,0.754165301194343,0.973,0.871,8.76214258068949e-277,"2","EEF1G"
6.4322335944001e-275,0.717834760744341,0.982,0.967,1.5510044866177e-270,"2","RPL18A"
1.99517623451506e-274,2.12005569702591,0.475,0.145,4.81096845428617e-270,"2","PKIB"
3.71468017005961e-270,0.665834774861364,0.993,0.967,8.95720829406473e-266,"2","RPL8"
1.00962049053443e-266,0.90339141902549,0.956,0.814,2.43449788882568e-262,"2","TAGLN2"
2.49266729550905e-264,0.793690574398367,0.948,0.853,6.01056864966098e-260,"2","EEF1B2"
1.00650035379501e-259,0.743484887685386,0.958,0.895,2.4269743031059e-255,"2","RPL10A"
1.05077499403638e-259,1.19578032021666,0.905,0.583,2.53373374311993e-255,"2","GPR183"
8.59219364625242e-257,0.641158492371764,0.983,0.969,2.07183565392085e-252,"2","RPL7A"
4.82901244292457e-255,1.44831599227072,0.655,0.284,1.1644197703624e-250,"2","ISG20"
1.70986756275974e-253,0.593264737834364,0.993,0.981,4.12300365408255e-249,"2","RPS2"
4.00110684945029e-249,1.78352213203681,0.386,0.097,9.64786894607948e-245,"2","FLT3"
1.33350894529479e-248,0.567315803594644,1,0.999,3.21549011978933e-244,"2","CD74"
3.03399186703543e-245,2.05855816432942,0.438,0.133,7.31586458898254e-241,"2","CRYBG1"
2.28006228928261e-243,0.645705230444435,0.983,0.962,5.49791419814715e-239,"2","RPS6"
3.55811828607611e-242,1.06482736414347,0.83,0.496,8.57969062321532e-238,"2","EIF3L"
1.85125794197209e-237,0.665439597706139,0.975,0.966,4.46393827547729e-233,"2","RPS3A"
4.30001406495947e-234,1.49203296003068,0.509,0.178,1.03686239148368e-229,"2","DUSP4"
2.67132058099071e-233,0.753454063121333,0.954,0.859,6.4413553169429e-229,"2","RPSA"
3.68473922673689e-233,0.595374310826238,0.989,0.985,8.88501169743065e-229,"2","RPS8"
6.99624612029679e-233,0.614087167161097,0.976,0.973,1.68700482698717e-228,"2","RPL32"
2.42682653254084e-230,0.816318882803274,0.95,0.787,5.85180681791572e-226,"2","SARAF"
7.9526980253592e-230,0.685365001955081,0.992,0.965,1.91763407485486e-225,"2","PABPC1"
7.95299655440494e-230,0.565233512346338,0.989,0.983,1.91770605916366e-225,"2","RPL19"
2.04089247941587e-229,0.590168370863344,0.978,0.978,4.9212040356155e-225,"2","RPS15"
3.84167218279009e-228,1.45778448949659,0.6,0.254,9.26342413436175e-224,"2","CYTIP"
5.47926148332383e-228,0.724383507599275,0.96,0.905,1.32121432147388e-223,"2","RPL5"
1.24423922289225e-227,0.650067744381436,0.97,0.951,3.00023403816008e-223,"2","RPS4X"
7.93461396391351e-225,1.45244920608084,0.66,0.317,1.91327346511847e-220,"2","TUBA1A"
2.94490224527995e-223,0.645321350297638,0.989,0.964,7.10104278404354e-219,"2","GAPDH"
3.1429858225695e-223,0.63079543845987,0.96,0.953,7.57868171396183e-219,"2","RPL29"
4.61105792394662e-222,1.07380552129808,0.844,0.554,1.11186439720125e-217,"2","LDHA"
3.03444144479178e-221,0.709068745109509,0.962,0.858,7.31694865582641e-217,"2","RPL4"
1.05197699356962e-220,1.85067928165371,0.377,0.104,2.53663212459443e-216,"2","CYP2S1"
2.55827024805629e-220,1.38327432423775,0.598,0.256,6.16875704913814e-216,"2","STK4"
6.71740718380215e-220,1.12808800483077,0.717,0.346,1.61976839423021e-215,"2","FCGR2B"
8.2074383560496e-220,0.563203334969809,0.983,0.967,1.97905961079424e-215,"2","RPL14"
3.2796229651116e-219,0.554760380774622,0.995,0.991,7.90815485577359e-215,"2","RPL13"
3.5387926662813e-218,0.971443726375614,0.906,0.663,8.5330907562041e-214,"2","AKAP13"
9.13481517705986e-218,0.560005961957248,0.999,0.995,2.20267798364444e-213,"2","RPL10"
3.83316053303055e-215,0.946765245912896,0.954,0.774,9.24289999329656e-211,"2","S100A10"
1.34502830338047e-211,1.54959342602983,0.54,0.224,3.24326674794133e-207,"2","EIF2AK4"
5.75703358078773e-211,1.41083505314289,0.555,0.226,1.38819350733534e-206,"2","SEPTIN6"
1.64240895169825e-210,0.615556397896796,0.975,0.963,3.96034070522998e-206,"2","RPS7"
2.07210566587175e-210,0.577183951423716,0.972,0.966,4.99646839211656e-206,"2","RPL18"
6.53327481372142e-210,0.582029460449878,0.977,0.972,1.57536855583265e-205,"2","RPL30"
1.40186148995654e-209,0.558700810950369,0.987,0.987,3.3803086107322e-205,"2","RPL28"
3.42473946639553e-207,0.52078132664341,1,0.999,8.25807427531953e-203,"2","EEF1A1"
3.86053421116603e-207,1.28512283982525,0.599,0.259,9.30890614338465e-203,"2","TES"
8.96092008387742e-207,0.604534204737992,0.972,0.968,2.16074665982536e-202,"2","RPL26"
1.19794077740601e-203,0.576286283657675,0.966,0.967,2.8885945965591e-199,"2","RPS14"
3.44673662470214e-203,2.01550797999965,0.32,0.081,8.31111602314426e-199,"2","NDRG2"
9.32437245181763e-202,1.04112764413801,0.872,0.614,2.24838592930678e-197,"2","SERPINB1"
2.18757499767596e-199,0.545961486681935,0.986,0.984,5.27489959189605e-195,"2","RPS19"
1.44633550179995e-197,0.581704882992843,0.97,0.965,3.48754879549022e-193,"2","RPS16"
1.69440298759079e-196,0.591988571786008,0.96,0.946,4.08571392397767e-192,"2","RPL35A"
8.83550322755286e-196,1.14312159851495,0.867,0.626,2.13050489325982e-191,"2","INSIG1"
4.54487420803223e-194,1.23109006685686,0.671,0.35,1.09590551778281e-189,"2","IL13RA1"
1.35540829707669e-193,0.517394914710017,0.981,0.98,3.26829602674101e-189,"2","RPS12"
1.92689041827807e-193,1.13300855591437,0.71,0.39,4.6463108655939e-189,"2","CSF2RA"
1.28632578837126e-192,0.516661267035204,0.984,0.976,3.10171737349961e-188,"2","RPS9"
5.2389056319895e-191,1.14534044882295,0.66,0.326,1.26325731504163e-186,"2","CNN2"
4.61025461711756e-189,0.575988070174312,0.971,0.942,1.11167069582556e-184,"2","RACK1"
1.09670308311609e-188,0.575864897221737,0.973,0.969,2.64448014431784e-184,"2","RPS13"
2.1133916617723e-184,1.05241256977666,0.859,0.615,5.09602131403155e-180,"2","CXCR4"
2.53246451630501e-184,0.543471045607752,0.972,0.968,6.10653168816628e-180,"2","RPS15A"
4.96164948296209e-178,0.568005804774496,0.983,0.954,1.19640253982665e-173,"2","RPLP0"
1.9194898287953e-175,1.56650246041848,0.391,0.132,4.6284658241741e-171,"2","ADAM8"
1.43381270350741e-173,0.986665377166386,0.879,0.684,3.45735257196741e-169,"2","IFITM2"
2.31478536931644e-171,1.10806341610189,0.663,0.355,5.58164196103273e-167,"2","CKLF"
9.79460173699833e-171,1.16206288975627,0.652,0.357,2.36177231684241e-166,"2","PAK1"
1.28053532661858e-170,1.10698332601871,0.644,0.335,3.08775483307539e-166,"2","ARF6"
2.65068528777833e-170,0.536519747159447,0.96,0.959,6.39159743441989e-166,"2","RPL37"
1.00601084973796e-169,0.503530232598451,0.977,0.96,2.42579396197315e-165,"2","RPL6"
5.42401456916725e-165,0.566880889851023,0.939,0.905,1.3078926330633e-160,"2","RPL23A"
8.36725183416134e-165,1.03322345421033,0.688,0.371,2.01759543477132e-160,"2","LGALS2"
4.02713957058933e-164,0.536965589057369,0.948,0.942,9.71064164656206e-160,"2","RPS21"
1.81764059025367e-162,1.52050062750944,0.398,0.144,4.38287675527867e-158,"2","VDR"
8.40644610600912e-161,0.88897157959525,0.794,0.485,2.02704634954198e-156,"2","CD55"
1.15874007467405e-156,0.756808841981075,0.904,0.657,2.79406994206153e-152,"2","EMP3"
1.95182133267347e-156,0.612911767993347,0.935,0.869,4.70642677947555e-152,"2","RPS11"
1.37408423961677e-151,0.539748176599899,0.927,0.699,3.31332932698791e-147,"2","TIMP1"
4.92801072091496e-149,0.513213397599983,0.986,0.97,1.18829122513422e-144,"2","H3F3A"
1.66459948430592e-148,0.627218343291749,0.95,0.764,4.01384873650685e-144,"2","COTL1"
4.93979882186919e-147,1.60413814649996,0.346,0.12,1.19113368991732e-142,"2","ANKRD28"
6.45524346349302e-146,0.532243032383551,0.993,0.98,1.55655285635207e-141,"2","SRGN"
1.4832639126961e-143,0.919199469764272,0.71,0.42,3.57659427268411e-139,"2","SYAP1"
1.88289575117264e-142,1.24860923923507,0.515,0.247,4.54022652480258e-138,"2","MALT1"
3.34121887083398e-142,0.500772754574164,0.938,0.919,8.05668106324196e-138,"2","RPL22"
1.02762407407164e-140,1.10509638133569,0.575,0.3,2.47790992980894e-136,"2","HLA-DQA2"
4.22261069478429e-140,0.774183748633159,0.819,0.62,1.01819811683334e-135,"2","HINT1"
3.4968015739733e-136,1.77946966002873,0.286,0.091,8.43183763532183e-132,"2","TRMT6"
6.21522180434136e-136,0.998070664030699,0.68,0.414,1.49867643368083e-131,"2","RNASE6"
8.58215553387182e-136,0.976325285798727,0.607,0.332,2.06941516388251e-131,"2","GABARAPL2"
8.78210442446123e-135,0.944636955177557,0.641,0.364,2.11762883987034e-130,"2","CIB1"
3.83329947517718e-132,1.02106623284166,0.727,0.494,9.24323502449473e-128,"2","CD86"
1.11471746471363e-130,0.840552945533512,0.768,0.532,2.68791822266399e-126,"2","PLSCR1"
4.02861236987399e-130,1.16293379233112,0.519,0.257,9.71419300747715e-126,"2","JARID2"
1.65928105111817e-129,1.19569682465077,0.481,0.227,4.00102439856124e-125,"2","ARID5A"
2.66612403906305e-128,1.25059024902044,0.434,0.191,6.42882489539272e-124,"2","IL2RG"
1.69526719026464e-127,1.17917860876988,0.44,0.194,4.08779777588513e-123,"2","PLP2"
4.10725485438608e-127,0.893715499861959,0.697,0.43,9.90382363038115e-123,"2","NR4A3"
6.89458091094185e-126,1.61293977648421,0.285,0.094,1.66249029505541e-121,"2","FAM118A"
2.75669652063141e-125,0.693643966341575,0.836,0.589,6.64722232019851e-121,"2","RGCC"
1.72956085873662e-124,0.850291541668812,0.665,0.389,4.17049009867161e-120,"2","HMGN1"
2.88465516161214e-124,0.647760798745207,0.866,0.689,6.95576899119534e-120,"2","PCBP2"
1.76777584103352e-123,0.772077337621558,0.702,0.43,4.26263788548412e-119,"2","SLC2A3"
1.81311311783254e-123,0.904406849946164,0.577,0.301,4.3719596610296e-119,"2","CFP"
9.01941285753449e-123,1.55308748313157,0.33,0.125,2.17485102233729e-118,"2","SATB1"
4.27805226103231e-122,0.678785483549485,0.821,0.564,1.03156674170272e-117,"2","NAP1L1"
1.03089542896816e-121,0.516672396497492,0.953,0.855,2.48579814787093e-117,"2","HNRNPA1"
1.8734459772379e-121,0.729418350392942,0.835,0.613,4.51744028491374e-117,"2","SYNGR2"
2.61191194685875e-121,0.771224162121904,0.833,0.645,6.29810327746051e-117,"2","C1orf162"
4.93967384377117e-121,1.30934898178248,0.384,0.161,1.19110355394854e-116,"2","BIN1"
6.11772309201024e-121,0.577214700692846,0.895,0.733,1.47516656917643e-116,"2","EIF3K"
1.82979468627981e-120,0.518303846319513,0.918,0.861,4.4121839270265e-116,"2","BTF3"
2.69802046747388e-120,0.872332975042248,0.639,0.365,6.50573675321978e-116,"2","HMGA1"
7.06788599042211e-120,0.580314536939473,0.893,0.721,1.70427934887048e-115,"2","CCNI"
3.89673726830355e-118,0.771722216371772,0.852,0.691,9.39620257506034e-114,"2","CXCL16"
4.14819335740918e-118,0.931250473817756,0.593,0.33,1.00025386427208e-113,"2","OSBPL8"
1.33067658525113e-115,0.534458065949974,0.933,0.811,3.20866045001604e-111,"2","GSTP1"
5.11179599832605e-115,1.05631486107658,0.536,0.291,1.23260736907636e-110,"2","GNA15"
3.29969323175822e-112,1.22636282472254,0.395,0.176,7.9565502897386e-108,"2","TRABD"
2.04502229254407e-111,0.884495903013361,0.692,0.448,4.93116225401151e-107,"2","MXD1"
1.45002359465945e-110,1.73468504883658,0.276,0.099,3.49644189380232e-106,"2","PKP2"
5.78728116876661e-108,0.875424257634619,0.79,0.578,1.39548710822469e-103,"2","AHNAK"
1.47024953205042e-107,0.664097630513687,0.802,0.553,3.54521269663317e-103,"2","GSN"
2.32354754778596e-107,1.68353511949562,0.283,0.105,5.60277020197628e-103,"2","FLT1"
2.84373771860258e-107,1.20046847820619,0.431,0.206,6.8571047608664e-103,"2","CD109"
2.31477155999926e-106,0.952259178375982,0.602,0.366,5.58160866262621e-102,"2","BID"
2.60331914128703e-106,1.09090529198567,0.634,0.404,6.27738344538542e-102,"2","AHR"
4.16582618911602e-105,1.04448489831165,0.436,0.211,1.00450566898155e-100,"2","MIR181A1HG"
6.88637994846726e-105,0.728814388549154,0.761,0.55,1.66051279697391e-100,"2","GDI2"
1.06936298716577e-104,0.839527595635991,0.669,0.431,2.57855497095282e-100,"2","YPEL5"
4.35701052983133e-103,1.12220991143276,0.369,0.161,1.05060594905823e-98,"2","BORCS5"
7.99306760086922e-103,1.04830037677097,0.499,0.27,1.92736839059759e-98,"2","ACAA1"
9.30301372179379e-103,0.710194186106699,0.709,0.444,2.24323569873614e-98,"2","CORO1A"
1.94919469436685e-102,0.764879767633159,0.672,0.426,4.70009316652678e-98,"2","EIF3G"
1.46497578948894e-101,0.98304778512496,0.493,0.258,3.53249612119468e-97,"2","OXSR1"
1.76254028622137e-100,0.624823842654454,0.791,0.567,4.25001339216558e-96,"2","EIF3F"
2.90971680368436e-100,1.27200162893838,0.354,0.156,7.01620012872409e-96,"2","GLO1"
8.32505067432628e-100,0.676530365157902,0.794,0.599,2.0074194691003e-95,"2","SNHG29"
2.23614084494211e-98,0.731800390221319,0.813,0.624,5.39200641940891e-94,"2","ATP1B3"
5.88374405576333e-98,0.968488648860531,0.529,0.302,1.41874720416621e-93,"2","NDUFV2"
1.37431028392204e-96,0.895634444175378,0.673,0.453,3.31387438762122e-92,"2","SERPINB9"
1.43532861545256e-96,0.640015262639393,0.766,0.516,3.46100789044076e-92,"2","PTPN1"
2.66252064624122e-96,0.970565267089226,0.519,0.293,6.42013603428145e-92,"2","SPINT2"
6.28632970326192e-96,0.543387118462672,0.868,0.677,1.51582268134755e-91,"2","ANXA1"
6.90319478387694e-96,1.42704581056478,0.32,0.138,1.66456735823625e-91,"2","C12orf45"
3.99246284594672e-95,0.636094701556014,0.312,0.124,9.62702566043134e-91,"2","CCR7"
8.279794372254e-94,1.04621811446393,0.458,0.244,1.99650681698161e-89,"2","CHPT1"
1.39182926389295e-93,0.64944180114835,0.74,0.487,3.35611790402506e-89,"2","SKIL"
5.57934453449855e-93,0.732775979837334,0.675,0.448,1.34534734760364e-88,"2","ALDH2"
1.11915328036899e-92,0.797328563719643,0.571,0.333,2.69861430495374e-88,"2","MAP2K1"
1.69914548519052e-92,1.03830815773396,0.484,0.266,4.09714950843991e-88,"2","RASSF5"
9.69859357421509e-92,0.846088596720314,0.632,0.396,2.33862186855048e-87,"2","GRASP"
5.90678286255206e-90,0.667009921646339,0.815,0.62,1.42430255164718e-85,"2","LMNA"
1.55627835073729e-89,0.748040684925684,0.639,0.409,3.75265398713282e-85,"2","ATP2B1"
1.70275136938871e-89,1.07824988733309,0.423,0.217,4.105844377007e-85,"2","AC004687.1"
1.93646585023293e-89,0.833632381770557,0.629,0.41,4.66940010466667e-85,"2","STK17B"
2.66621148220703e-89,0.543123922646049,0.86,0.649,6.4290357470458e-85,"2","RILPL2"
2.75771702256681e-89,1.34523325129001,0.299,0.126,6.64968305651535e-85,"2","RUNX3"
1.02665227559497e-88,0.623090858238822,0.762,0.548,2.47556663214214e-84,"2","COMMD6"
1.0660479555952e-88,1.39150182465692,0.323,0.145,2.5705614353267e-84,"2","IFITM1"
2.1636218657123e-88,0.812116924914233,0.574,0.344,5.21714140479207e-84,"2","SLC16A3"
2.46465829094949e-88,0.638377377475077,0.755,0.557,5.94303053696649e-84,"2","RPS4Y1"
1.22800403300197e-87,1.2458634605669,0.311,0.135,2.96108612477764e-83,"2","ANTXR2"
1.4167420916253e-87,0.703089354506941,0.711,0.484,3.41619020553608e-83,"2","ROCK1"
2.3464484137559e-87,1.28911766552395,0.367,0.179,5.65799106008959e-83,"2","TOB1"
2.44173845425863e-87,0.539521394301028,0.846,0.641,5.88776393475384e-83,"2","PKM"
5.27158163016507e-86,1.42508688538654,0.258,0.101,1.2711364784817e-81,"2","SLCO4A1"
4.45624764730811e-85,0.802035068782604,0.601,0.379,1.0745349951954e-80,"2","PPP1CB"
2.03320619600062e-84,1.21586779025149,0.328,0.15,4.9026701004163e-80,"2","STK38L"
6.92758546568511e-84,0.593584525604639,0.917,0.801,1.67044868334065e-79,"2","CEBPD"
3.30361142328678e-82,0.68999196886476,0.616,0.389,7.96599822497141e-78,"2","HNRNPA0"
4.25942535055387e-81,0.545162569885868,0.819,0.637,1.02707523477905e-76,"2","ATP5F1B"
5.52175112949261e-81,0.700100057933397,0.707,0.513,1.33145984985455e-76,"2","SMAP2"
1.64165924321005e-80,0.601544352044042,0.813,0.669,3.9585329331524e-76,"2","MYL12A"
2.09678773298429e-80,0.922780398351787,0.486,0.283,5.05598426054501e-76,"2","PSTPIP2"
5.82907001782811e-80,0.643259630044878,0.712,0.492,1.40556365339889e-75,"2","JMJD1C"
7.11057622106933e-80,1.09504737643047,0.362,0.179,1.71457324418645e-75,"2","TNFRSF12A"
1.41926162609634e-78,0.778055399429525,0.578,0.361,3.42226555900611e-74,"2","ETV3"
2.18785475664707e-78,0.539040433875284,0.912,0.788,5.27557417470309e-74,"2","IFITM3"
3.10240256063604e-78,1.1349412614017,0.387,0.205,7.48082329446169e-74,"2","SPTLC2"
5.27113859542023e-78,0.637007167429757,0.875,0.697,1.27102964951368e-73,"2","HLA-DRB5"
5.35063109834669e-78,0.673763696022945,0.41,0.211,1.29019767674434e-73,"2","ALOX5AP"
2.24878040029282e-77,0.678078557417138,0.72,0.517,5.42248417922609e-73,"2","MSN"
9.35186993504872e-76,0.754485969280566,0.477,0.269,2.2550163974383e-71,"2","ITGA5"
1.47899960973304e-75,1.10142023538046,0.374,0.194,3.56631175894929e-71,"2","REV3L"
1.80220509669174e-75,1.05668576913133,0.347,0.169,4.3456571496528e-71,"2","CAPN2"
1.93882813466256e-75,0.508518091303744,0.862,0.734,4.67509628111184e-71,"2","SLC25A5"
2.15235819697992e-75,1.1885809099021,0.317,0.15,5.18998132037768e-71,"2","VASH1"
2.25065989411489e-75,0.562938032915536,0.91,0.867,5.42701620267923e-71,"2","RPS26"
3.80338582404415e-74,1.02211330736332,0.322,0.151,9.17110423751765e-70,"2","CCND3"
1.68677214504544e-73,0.669001288275238,0.604,0.388,4.06731367334807e-69,"2","SMDT1"
5.14112535111614e-72,1.07324771503007,0.426,0.241,1.23967955591464e-67,"2","NEDD9"
7.0171482155929e-72,0.90794579275306,0.427,0.236,1.69204494922592e-67,"2","CIITA"
5.34715890733296e-71,0.929598529073314,0.4,0.217,1.2893604273252e-66,"2","PDE4A"
4.07314636076692e-70,0.552452269589138,0.768,0.589,9.82157781971727e-66,"2","NFE2L2"
1.12264801873298e-69,1.15704592407365,0.324,0.162,2.70704116757084e-65,"2","SMARCA2"
1.7463070158799e-68,0.833113521526003,0.532,0.336,4.21087010739121e-64,"2","NLRP3"
4.38613330404452e-68,0.579490406129632,0.684,0.485,1.05762832360426e-63,"2","EIF3E"
5.1603426504608e-68,1.12310707242482,0.261,0.114,1.24431342330561e-63,"2","DENND1B"
6.6166222401517e-68,0.763945411375855,0.718,0.575,1.59546612076778e-63,"2","CREM"
7.66884189503617e-68,0.969329140293396,0.328,0.163,1.84918784615007e-63,"2","CCDC6"
1.17653029228035e-66,0.587523527570641,0.711,0.514,2.8369674937756e-62,"2","ELF1"
4.80517958971679e-63,0.738213725713738,0.497,0.31,1.15867295446841e-58,"2","FILIP1L"
4.18577695677602e-62,0.868100758973581,0.399,0.226,1.0093163975874e-57,"2","PTRHD1"
8.01895093826703e-62,0.758457934359035,0.473,0.289,1.93360963974433e-57,"2","SUPT4H1"
9.94903886508453e-62,0.881093174144052,0.347,0.185,2.39901174153783e-57,"2","HPS5"
2.86129281923079e-61,0.531081703844937,0.737,0.555,6.8994353750112e-57,"2","CMTM6"
8.16325563805139e-61,0.591852050919535,0.706,0.542,1.96840583200333e-56,"2","AP1S2"
1.83095099668476e-60,0.885878650250186,0.431,0.261,4.41497213830596e-56,"2","UBE2F"
1.89158655260835e-60,0.503213853948232,0.779,0.609,4.56118265430453e-56,"2","RNH1"
2.40597569793761e-60,0.666922271441439,0.532,0.343,5.80152920043695e-56,"2","MTHFD2"
2.45283637691361e-60,0.65563279902656,0.551,0.361,5.91452435565179e-56,"2","XRCC6"
3.74952288711343e-60,0.728512930244133,0.53,0.345,9.04122453769661e-56,"2","TIPARP"
6.62931831108823e-60,0.902838153030706,0.31,0.156,1.59852752435271e-55,"2","DIAPH1"
1.63171680566777e-59,0.86916149537909,0.36,0.197,3.93455873350668e-55,"2","MBOAT7"
1.86096797375307e-59,0.976393908790748,0.301,0.151,4.48735207511078e-55,"2","TTC7A"
2.00426783195458e-59,1.03921270849958,0.29,0.144,4.83289102319208e-55,"2","UPF2"
2.0605168401618e-59,0.837230064844046,0.362,0.196,4.96852425668215e-55,"2","FBL"
2.73472923279351e-59,0.592611827842974,0.595,0.398,6.59425259903499e-55,"2","GABARAPL1"
2.74636859076285e-59,0.908210604869424,0.356,0.194,6.62231858290647e-55,"2","HGSNAT"
4.82611207797999e-59,0.644893911063896,0.536,0.344,1.16372040536331e-54,"2","EMD"
1.01499713606605e-58,0.985871876864963,0.295,0.148,2.44746259419606e-54,"2","CNPPD1"
2.26105003859947e-57,0.616302455827745,0.627,0.443,5.4520699580749e-53,"2","PLXDC2"
3.34930222183569e-57,0.509447585991349,0.712,0.515,8.0761724475124e-53,"2","STX11"
4.44650933369683e-57,0.827670614049895,0.375,0.212,1.07218679563432e-52,"2","ILF2"
5.23782493757574e-56,0.901422011723605,0.317,0.166,1.26299672719764e-51,"2","AKIRIN1"
7.4236771373316e-56,0.694196639878354,0.538,0.36,1.79007126812477e-51,"2","H2AFV"
1.44258968213498e-55,0.748957772344986,0.545,0.376,3.47851650053209e-51,"2","MYH9"
1.95774562024263e-55,0.914638077138958,0.324,0.175,4.72071201409104e-51,"2","BAIAP2"
7.09785996320793e-55,1.03796447788145,0.28,0.141,1.71150697292833e-50,"2","IGFBP7"
3.55572255660359e-54,1.07966343677928,0.256,0.124,8.57391380073823e-50,"2","FBXO34"
6.61790707577303e-54,0.6748825607761,0.521,0.352,1.59577593318115e-49,"2","RIN3"
7.49189808682082e-54,1.07944178746306,0.253,0.122,1.80652138567511e-49,"2","MAD1L1"
1.32384098308197e-53,0.873996673900447,0.363,0.21,3.19217776250554e-49,"2","DNAJC4"
2.95156645789563e-53,0.545959331983016,0.626,0.443,7.11711219992373e-49,"2","CSNK1A1"
4.64290779596423e-52,1.04911624536898,0.298,0.16,1.11954435684086e-47,"2","LDLRAD4"
7.39474900554161e-52,0.700248506579525,0.434,0.266,1.78309582770625e-47,"2","MAPK1IP1L"
2.64897569203265e-51,0.584863155934479,0.465,0.284,6.38747508619833e-47,"2","LIMD2"
3.1638878744485e-51,1.11555050265015,0.287,0.153,7.62908283165767e-47,"2","PDCL3"
4.06246559595121e-51,1.02868336874739,0.25,0.123,9.79582329151715e-47,"2","INSR"
3.0288351550626e-50,0.941375134235944,0.29,0.153,7.30343020940244e-46,"2","AGO2"
3.5419504531509e-50,0.595076608558725,0.572,0.407,8.54070512768277e-46,"2","TMEM14C"
7.20928570615129e-49,0.736789637161506,0.461,0.304,1.73837506232426e-44,"2","CAT"
1.19872258598741e-48,0.59411668678058,0.489,0.315,2.89047977159145e-44,"2","GLIPR2"
6.96525667562171e-48,0.872435167608747,0.272,0.14,1.67953234219266e-43,"2","RFTN1"
3.82655787110102e-47,0.610056694440534,0.458,0.292,9.2269789945859e-43,"2","RARA"
1.76316023683039e-46,0.508369270143209,0.637,0.468,4.25150827906912e-42,"2","EIF4B"
1.78766160901415e-46,0.77352560596358,0.298,0.16,4.31058843781582e-42,"2","SULF2"
3.40064427403432e-46,0.849693242248379,0.334,0.197,8.19997353797895e-42,"2","CREB5"
5.27328724729292e-46,0.859445579183161,0.295,0.161,1.27154775393974e-41,"2","PAF1"
6.09499790233894e-46,0.738873254823609,0.395,0.246,1.46968684419099e-41,"2","ARL5A"
8.46353188079177e-46,0.782946119635734,0.36,0.214,2.04081144241532e-41,"2","TP53BP2"
1.00670950089582e-45,0.757910443507536,0.351,0.206,2.4274786195101e-41,"2","PQBP1"
3.87415023012632e-45,0.66255483272528,0.416,0.262,9.3417384499036e-41,"2","HNRNPUL1"
3.8970988896082e-45,0.602807684218932,0.484,0.319,9.39707455251226e-41,"2","TET2"
4.00812624616624e-45,0.934918923711692,0.255,0.133,9.66479481738065e-41,"2","HDAC9"
5.54004812285806e-44,0.822727577967925,0.303,0.17,1.33587180386476e-39,"2","MZT2A"
1.18719472022962e-43,0.930820154483146,0.267,0.144,2.86268262888967e-39,"2","HLA-DQB2"
2.23628395158844e-43,0.58451330544444,0.497,0.34,5.39235149246521e-39,"2","EIF3M"
7.65061796171902e-43,0.617562100305829,0.519,0.367,1.84479350910931e-38,"2","DDAH2"
2.31826222911862e-41,0.512086372556205,0.607,0.456,5.59002571307373e-37,"2","ANP32B"
4.42746667794318e-41,0.543393553556779,0.523,0.366,1.06759504005244e-36,"2","ZNF385A"
6.11670773980133e-41,0.76323162115395,0.349,0.214,1.4749217372983e-36,"2","CLNS1A"
6.53578938315801e-41,0.876631536428295,0.275,0.153,1.57597489396089e-36,"2","BBX"
7.12612090460346e-41,0.630475185396044,0.356,0.216,1.71832153372703e-36,"2","ASAP1"
8.88397052279606e-41,0.576052785701161,0.561,0.411,2.14219181216181e-36,"2","HAVCR2"
2.28247818554779e-40,0.563199079987829,0.779,0.659,5.50373964881138e-36,"2","PTPRC"
5.30965153042869e-40,0.6467312846189,0.394,0.249,1.28031627353227e-35,"2","SMCHD1"
5.72614372901426e-40,0.790988023764904,0.331,0.201,1.38074503737721e-35,"2","CLEC4A"
8.21488451416613e-40,0.569223392746702,0.444,0.293,1.98085510290088e-35,"2","PPP2CA"
9.09763783723668e-40,0.548640336155962,0.492,0.338,2.19371341169288e-35,"2","UQCRFS1"
3.40011055053771e-39,0.589410382578821,0.382,0.237,8.19868657051157e-35,"2","CYB5R3"
5.48523668602026e-39,0.692374243978618,0.328,0.196,1.32265512210007e-34,"2","STRAP"
6.89523093368935e-39,0.720943396175389,0.306,0.178,1.66264703504051e-34,"2","ACTN4"
8.71049023350064e-39,0.554514943340196,0.434,0.285,2.10036051000401e-34,"2","KMT2E"
1.29813504614567e-38,0.550419761794136,0.456,0.306,3.13019303677106e-34,"2","RTRAF"
3.15596873674686e-38,0.779213913148963,0.29,0.167,7.60998741491769e-34,"2","MOB3A"
3.47255054514757e-38,0.808164716212702,0.281,0.161,8.37336112951433e-34,"2","TMUB1"
4.43308557581937e-38,0.559577348457367,0.495,0.35,1.06894992489732e-33,"2","DNAJC15"
1.28348243618861e-37,0.558313856971785,0.303,0.175,3.09486119838159e-33,"2","EMP1"
2.65923924554763e-37,0.623021575924082,0.544,0.407,6.412223592789e-33,"2","TNFSF13B"
6.3619570136618e-37,0.854607873750203,0.272,0.157,1.53405869470427e-32,"2","TTYH2"
9.83890099856662e-37,0.666563802115727,0.348,0.216,2.37245419778437e-32,"2","EIF6"
1.05733619673939e-36,0.6986332344503,0.348,0.217,2.54955477119769e-32,"2","MYD88"
1.34341689953781e-36,0.667797210821468,0.361,0.229,3.23938116985553e-32,"2","ETHE1"
1.75234840574853e-36,0.610812337554032,0.362,0.227,4.22543771078144e-32,"2","AMPD2"
2.29423088531053e-36,0.711378185603105,0.327,0.201,5.53207893374928e-32,"2","HACD4"
3.24680295970008e-36,0.638723500341153,0.27,0.152,7.82901597672481e-32,"2","ELOVL5"
4.21836282021019e-36,0.719166666641361,0.419,0.287,1.01717382683728e-31,"2","PTGER4"
8.04238110276499e-36,0.827918090217714,0.254,0.143,1.93925935530972e-31,"2","COPS3"
8.18295504051476e-36,0.727835944740506,0.407,0.272,1.97315594891932e-31,"2","ZC3HAV1"
9.88717849454917e-36,0.53001848886521,0.466,0.323,2.38409535039064e-31,"2","EIF3I"
1.14100178275285e-35,0.803893447829871,0.291,0.173,2.75129759875196e-31,"2","ST8SIA4"
1.80624206592613e-35,0.837312374352184,0.278,0.163,4.35539149356769e-31,"2","RCC2"
2.21550056051058e-35,0.550189357723595,0.423,0.28,5.34223650155917e-31,"2","FMNL1"
2.73344952912535e-35,0.676485840786235,0.303,0.181,6.59116684957995e-31,"2","KPNA2"
1.10508060556833e-34,0.682011948435159,0.324,0.201,2.66468086420691e-30,"2","TAF15"
3.41297880434197e-34,0.832087285517245,0.255,0.146,8.2297157909098e-30,"2","FDFT1"
6.53239890756318e-34,0.911603489750539,0.28,0.169,1.57515734858071e-29,"2","ENTPD1"
1.03488100852666e-33,0.691366775333704,0.327,0.205,2.49540857586032e-29,"2","CHST11"
5.66645862841521e-33,0.616526525418844,0.406,0.278,1.36635316906976e-28,"2","SSR1"
9.87783686116631e-33,0.621193807801695,0.386,0.259,2.38184280233303e-28,"2","ACOT9"
1.36517885129957e-32,0.537488820110935,0.443,0.309,3.29185576413865e-28,"2","NDUFS8"
1.40512259320132e-32,0.601236042981943,0.326,0.204,3.38817210898633e-28,"2","SIPA1L1"
5.03396028968073e-32,0.659449221417641,0.318,0.199,1.21383884465071e-27,"2","PPM1G"
7.76835715584446e-32,0.55014543903456,0.535,0.404,1.87318396098878e-27,"2","TMEM123"
1.30499916338119e-31,0.665190263583918,0.289,0.176,3.14674448266107e-27,"2","EDEM1"
1.89551279672863e-31,0.692374243978618,0.294,0.181,4.57065000675174e-27,"2","PRMT1"
4.52549435652396e-31,0.551244673824711,0.402,0.274,1.09123245418862e-26,"2","ELMO1"
5.66009342627311e-31,0.532613777136183,0.352,0.228,1.36481832787723e-26,"2","NDEL1"
6.97001890290468e-31,0.513243972510704,0.415,0.284,1.6806806580574e-26,"2","PAIP2"
8.94201110698838e-31,0.837106999095085,0.297,0.189,2.15618713822811e-26,"2","LPXN"
1.23193274420919e-30,0.666651461244758,0.386,0.265,2.97055942611163e-26,"2","IPO7"
2.88986626005007e-30,0.581479798995709,0.319,0.202,6.96833451285873e-26,"2","AL135905.2"
1.24309229478044e-29,0.747802538031912,0.255,0.152,2.99746845040407e-25,"2","MRTFA"
1.73720929073228e-29,0.794863748110862,0.259,0.158,4.18893276274275e-25,"2","NUDT1"
1.25144207974506e-28,0.542496853534109,0.346,0.227,3.01760228688926e-24,"2","RSL24D1"
1.34881418485157e-28,0.590502666712944,0.335,0.22,3.2523956439326e-24,"2","DCXR"
2.02023817509512e-28,0.523217610982607,0.449,0.328,4.87140031160686e-24,"2","PHB2"
2.02280324288054e-28,0.533566889648146,0.435,0.313,4.87758545955786e-24,"2","C17orf49"
2.19393580083332e-28,0.802170963794053,0.257,0.158,5.29023739654938e-24,"2","SLC25A19"
5.81215220995953e-28,0.523436538155901,0.299,0.189,1.40148426238754e-23,"2","G3BP2"
1.34110253346618e-27,0.568625955841441,0.353,0.239,3.233800538947e-23,"2","IRF7"
1.49653095900185e-27,0.528703274057594,0.379,0.259,3.60858510144117e-23,"2","PHF20"
2.1619309885216e-27,0.741169468970718,0.255,0.157,5.21306419262214e-23,"2","SMIM14"
2.46657460240626e-27,0.75048524209158,0.302,0.199,5.94765133878222e-23,"2","WIPI2"
2.59140817754253e-27,0.636830073468726,0.293,0.187,6.24866253850831e-23,"2","IMPDH2"
3.24075877052493e-27,0.536668165256319,0.443,0.324,7.81444162336677e-23,"2","KYNU"
4.13319305169543e-27,0.694421346189259,0.26,0.16,9.9663684055532e-23,"2","OGDH"
1.51499703291448e-26,0.602416663971193,0.322,0.214,3.65311234546668e-22,"2","EIF2A"
1.56792888992622e-26,0.701526622185001,0.267,0.168,3.78074693227909e-22,"2","UBL3"
6.75368698499267e-26,0.508670479771443,0.387,0.271,1.62851654269128e-21,"2","CCT3"
7.80705691068708e-26,0.655380036496417,0.267,0.168,1.88251563287398e-21,"2","TNFRSF10B"
8.91549815745002e-26,0.51389171650633,0.378,0.264,2.14979407070592e-21,"2","YIF1B"
1.03814336319075e-25,0.513031827073826,0.44,0.325,2.50327509166186e-21,"2","RIPK2"
1.406330497355e-25,0.575341922578219,0.311,0.205,3.3910847282721e-21,"2","DNAJA2"
1.73578688848843e-25,0.631072788915179,0.334,0.228,4.18550292421215e-21,"2","SNHG15"
3.189334572316e-25,0.532065148155913,0.36,0.249,7.69044245422557e-21,"2","SEC13"
3.6098487916339e-25,1.05311236212165,0.36,0.261,8.70442839126683e-21,"2","TXNRD1"
4.46847925290806e-25,0.535785292146008,0.356,0.245,1.07748440225372e-20,"2","FOXP1"
7.26469874551655e-25,0.630660035862671,0.28,0.181,1.7517368085064e-20,"2","RPS10"
7.85998763737048e-25,0.515000966129747,0.437,0.321,1.89527881899914e-20,"2","MBP"
2.67283407949284e-24,0.637456450165185,0.27,0.174,6.44500481588108e-20,"2","SDE2"
5.86786584658755e-24,0.60005300993259,0.259,0.164,1.41491849158765e-19,"2","SF3A1"
4.15949031457397e-23,0.561257284209189,0.284,0.187,1.00297789955322e-18,"2","SNRPA"
4.5989533455711e-23,0.595654807167995,0.281,0.186,1.10894562021756e-18,"2","TUBB6"
5.0274791534883e-23,0.52697125103254,0.331,0.228,1.21227604828063e-18,"2","SNRPF"
6.96063825301281e-23,0.741186933388181,0.269,0.181,1.67841870194898e-18,"2","VMO1"
1.2910476447925e-22,0.567717457674839,0.26,0.167,3.11310318588814e-18,"2","SUPT5H"
1.42914467357034e-22,0.517248686212621,0.348,0.245,3.44609655138016e-18,"2","NR3C1"
6.92572357810313e-22,0.521343587833405,0.34,0.238,1.66999972638801e-17,"2","KCTD20"
1.21814393140083e-21,0.67043590417655,0.25,0.163,2.93731046178681e-17,"2","NCOA3"
1.99129608153083e-21,0.654648973518328,0.308,0.21,4.80161224139529e-17,"2","HIST1H4C"
2.49924704181746e-21,0.549503640150975,0.276,0.183,6.02643439193444e-17,"2","NBDY"
8.57391608712746e-21,0.501487229160506,0.279,0.186,2.06742838608904e-16,"2","NUP98"
1.66039924578912e-20,0.546223876779006,0.3,0.208,4.0037207013713e-16,"2","TOMM22"
1.12589524213389e-19,0.57221908531195,0.276,0.189,2.71487119735745e-15,"2","RP2"
1.71330597290915e-19,0.510296082004035,0.259,0.172,4.13129469247582e-15,"2","TERF2IP"
5.7983032183193e-19,0.509824981524954,0.276,0.188,1.39814485503333e-14,"2","NR1H2"
6.26157271262346e-19,0.518912722597396,0.27,0.183,1.5098530281949e-14,"2","CCT7"
1.7541020934848e-18,0.598610127828691,0.253,0.172,4.2296663780199e-14,"2","MRPL3"
2.0730601026066e-18,0.504479185539436,0.28,0.194,4.9987698254153e-14,"2","NAA10"
3.94028425731558e-18,0.539599346293741,0.259,0.176,9.50120742966505e-14,"2","TIMM17A"
8.99444409555778e-18,0.507868554497028,0.322,0.232,2.16883030476185e-13,"2","ALCAM"
2.31475908255316e-17,0.54466900332584,0.26,0.179,5.58157857576044e-13,"2","RAB4B"
7.33606809760485e-17,0.503600341225353,0.272,0.19,1.76894610037546e-12,"2","OLA1"
1.66048632368432e-16,0.528831957980483,0.274,0.195,4.0039306723e-12,"2","ELOVL1"
5.66176117861769e-16,0.50420164073319,0.416,0.326,1.36522047300008e-11,"2","HMGB2"
1.60582586274114e-15,0.507403093921643,0.266,0.189,3.87212790282771e-11,"2","SPEN"
2.13165568276627e-15,0.592341003586804,0.26,0.186,5.14006134785431e-11,"2","DOCK5"
2.40691041162416e-15,0.514360717042251,0.277,0.2,5.80378307554933e-11,"2","RANBP1"
0,2.23150853610772,0.841,0.213,0,"3","SLC11A1"
0,1.99320380528002,0.854,0.252,0,"3","FCN1"
0,2.95628593361987,0.614,0.134,0,"3","SMIM25"
0,2.14537332140733,0.718,0.315,0,"3","STXBP2"
0,1.67080321921221,0.953,0.589,0,"3","S100A4"
0,1.36757680929466,0.957,0.674,0,"3","S100A6"
4.1662928273806e-310,2.4636358942204,0.372,0.067,1.00461818946628e-305,"3","APOBEC3A"
1.83424240243775e-294,1.74714435699628,0.653,0.238,4.42290870499814e-290,"3","SLC25A37"
5.74440302146947e-293,1.3057333913012,0.928,0.685,1.38514790056693e-288,"3","SERPINA1"
5.61559803555162e-291,2.53726889906138,0.463,0.123,1.35408915431256e-286,"3","LILRA5"
8.21700600267436e-275,1.58653897347239,0.704,0.297,1.98136665742487e-270,"3","FPR1"
1.59024615318149e-257,1.14486139287402,0.952,0.77,3.83456054916652e-253,"3","COTL1"
1.97833959160208e-253,2.46272804409994,0.291,0.049,4.77037025723009e-249,"3","RETN"
6.4704194830696e-251,1.64871880431943,0.58,0.203,1.56021224995257e-246,"3","TREM1"
4.14185848848266e-227,1.14250663586674,0.484,0.144,9.98726337327823e-223,"3","VCAN"
4.64874610734329e-225,1.08318235100583,0.941,0.704,1.12095214886369e-220,"3","TIMP1"
2.68337478588481e-224,0.806756971980616,0.982,0.916,6.47042162120403e-220,"3","S100A11"
5.10114274713211e-223,0.693149260987317,1,0.999,1.23003855061597e-218,"3","FTH1"
1.25034861906456e-218,1.18244003457946,0.862,0.504,3.01496562515037e-214,"3","C5AR1"
6.32753978571116e-204,1.51586372231908,0.868,0.679,1.52575966852853e-199,"3","LST1"
4.2236532724013e-201,1.28774565389806,0.742,0.416,1.01844951357413e-196,"3","FGR"
2.70788531337849e-198,0.596380370204068,0.988,0.96,6.52952385614955e-194,"3","OAZ1"
6.60078609362903e-197,2.40535835293752,0.275,0.057,1.59164755075677e-192,"3","TESC"
9.52888726801646e-196,1.65361927445004,0.506,0.188,2.29770058693681e-191,"3","ZBTB16"
2.21594945929886e-194,2.57113708806386,0.256,0.05,5.34331893120734e-190,"3","MAPK7"
4.61509330892269e-193,0.842290126974063,0.923,0.806,1.11283744958053e-188,"3","SERP1"
5.14255700266661e-188,1.67007616635401,0.532,0.215,1.240024770053e-183,"3","THBS1"
5.35487496555402e-185,1.19993077021186,0.792,0.533,1.29122100044404e-180,"3","CD37"
2.5593073844687e-182,0.929540313275244,0.862,0.593,6.17125789616939e-178,"3","TSPO"
1.82481914477854e-178,1.69939705065141,0.353,0.099,4.40018640380449e-174,"3","CD300E"
5.65675946477963e-177,1.01829927337881,0.793,0.473,1.36401440974231e-172,"3","UPP1"
9.3585500473178e-176,2.19640339671653,0.29,0.07,2.25662717290974e-171,"3","SPATA13"
3.65091778624412e-174,0.545982510748059,0.988,0.965,8.80345805797044e-170,"3","FAU"
1.745242719795e-169,1.93243671618737,0.363,0.113,4.20830377024169e-165,"3","MYO1G"
1.66125958823423e-167,0.693230609505446,0.995,0.942,4.0057952451092e-163,"3","IFI30"
1.1300770733325e-164,0.935468716626745,0.842,0.597,2.72495484692666e-160,"3","TNFRSF1B"
1.22416091882403e-164,2.05442724056598,0.315,0.088,2.95181922356039e-160,"3","CDC42EP2"
2.06636448073996e-161,1.74451961993238,0.389,0.132,4.98262467240826e-157,"3","C19orf38"
5.037946768505e-160,1.53393546029275,0.485,0.199,1.21480010428961e-155,"3","ERGIC1"
1.55883277675897e-159,1.28272032946177,0.643,0.336,3.7588134745989e-155,"3","IRAK3"
1.04818167727012e-157,1.36961868947167,0.651,0.363,2.52748047840145e-153,"3","CD52"
2.88051264235829e-157,1.18310644365678,0.631,0.317,6.94578013451853e-153,"3","CSTA"
3.31497983913036e-156,1.03588740263736,0.873,0.664,7.99341088609503e-152,"3","TSC22D3"
1.84889780526995e-155,0.652830167995641,0.983,0.926,4.45824727784743e-151,"3","SH3BGRL3"
2.65028051644436e-150,1.20131200061022,0.671,0.367,6.39062140930229e-146,"3","SAMSN1"
9.00856289933361e-149,1.11006411347548,0.694,0.388,2.17223477191631e-144,"3","GABARAPL1"
7.66117676051657e-148,1.52416966011221,0.45,0.181,1.84733955226336e-143,"3","PTK2B"
1.27909634721671e-146,0.525916960557478,0.982,0.956,3.08428502204366e-142,"3","RPL39"
3.75337300876364e-145,0.827727277726887,0.898,0.666,9.05050833603176e-141,"3","EMP3"
1.91993681579951e-141,0.503482068733311,0.987,0.969,4.62954364393735e-137,"3","RPL8"
3.13593730163381e-139,0.515760622139914,0.989,0.969,7.56168561542961e-135,"3","RPL34"
1.06989105772477e-134,0.641268311266286,0.948,0.847,2.57982830749173e-130,"3","EEF1D"
1.02793605117451e-130,0.549620999806354,0.972,0.917,2.4786622001971e-126,"3","PFDN5"
3.70855884680304e-128,0.647396266586318,0.967,0.847,8.94244794729616e-124,"3","BTG1"
1.28156742496322e-126,0.536840328955382,0.968,0.889,3.09024353181382e-122,"3","GABARAP"
2.52270664180944e-126,1.31213724049166,0.472,0.214,6.08300252539511e-122,"3","AMPD2"
3.21877192731521e-125,0.935744220320952,0.73,0.449,7.76142474833516e-121,"3","CORO1A"
5.13305053360961e-124,1.01050245218337,0.723,0.492,1.23773247516928e-119,"3","PRELID1"
7.30891248304058e-124,0.895371727640958,0.793,0.608,1.76239806703558e-119,"3","TKT"
2.96480469526535e-123,0.987748258497168,0.668,0.385,7.14903356169334e-119,"3","FLNA"
5.26578984028893e-122,0.505392253990746,0.964,0.919,1.26973990418887e-117,"3","ATP5F1E"
2.75358999501636e-121,0.504545733946024,0.99,0.983,6.63973155498294e-117,"3","RPS19"
8.92174657019286e-121,0.646698385892359,0.946,0.781,2.15130075047061e-116,"3","S100A10"
4.46774283236364e-119,1.86065208879483,0.251,0.073,1.07730682916785e-114,"3","CCDC69"
4.92860709232055e-118,1.41051892183094,0.638,0.411,1.18843502817125e-113,"3","LILRB2"
1.72188937263007e-117,0.946818418893924,0.78,0.533,4.15199184422289e-113,"3","CRIP1"
8.3157702210574e-114,1.07395696575681,0.623,0.361,2.00518167340357e-109,"3","GPCPD1"
2.74575207513473e-113,1.1186407472595,0.845,0.696,6.62083197877237e-109,"3","IFITM2"
5.9630860854854e-112,0.514499761332229,0.975,0.911,1.4378789477931e-107,"3","RPL41"
1.17697795547454e-111,1.09673841673507,0.557,0.297,2.83804694403576e-107,"3","SLC43A2"
3.58300607544857e-111,0.991159155310067,0.637,0.385,8.63970254972913e-107,"3","NCF2"
3.80795663262627e-111,1.54717283757363,0.325,0.121,9.18212582825172e-107,"3","PHC2"
2.86255211412761e-110,1.3808515951587,0.258,0.078,6.9024719127959e-106,"3","AQP9"
3.39909570058056e-110,1.32996222453826,0.415,0.184,8.1962394628099e-106,"3","AGTRAP"
1.98201565937829e-109,1.52484802268365,0.336,0.13,4.77923435945887e-105,"3","MPHOSPH6"
4.97711366041179e-109,1.38897743287961,0.381,0.159,1.20013141693509e-104,"3","LPCAT1"
1.63514850924561e-108,1.1729404220501,0.569,0.328,3.94283360034395e-104,"3","CD48"
3.84026862785234e-108,1.64620009176736,0.312,0.116,9.26003974234035e-104,"3","CNIH4"
9.95272876449966e-107,0.544057413699243,0.943,0.857,2.3999014869838e-102,"3","ATP5MC2"
3.5799258463669e-106,0.543008056799357,0.961,0.873,8.63227519334452e-102,"3","AIF1"
1.15983573758549e-104,1.17680043089063,0.439,0.203,2.79671191403989e-100,"3","ANPEP"
4.39232271917961e-104,0.519596494068036,0.98,0.883,1.05912077727578e-99,"3","FCER1G"
6.22339710189462e-103,1.6956771645143,0.252,0.081,1.50064774317985e-98,"3","PRAM1"
7.00191345763254e-102,1.75210959756013,0.283,0.102,1.68837139203893e-97,"3","SIDT2"
3.59695839391393e-100,0.8001865582012,0.732,0.503,8.67334577524466e-96,"3","GSTO1"
6.1533165090239e-100,1.56681704648406,0.306,0.117,1.48374920982093e-95,"3","BIN2"
1.9375585791527e-96,0.971006862861898,0.593,0.35,4.67203500191091e-92,"3","ADGRE5"
1.5806530336169e-95,0.73268245412747,0.794,0.568,3.81142865996044e-91,"3","JUND"
1.85235803834609e-95,0.659757832399914,0.877,0.689,4.46659093786393e-91,"3","CEBPB"
7.1065762990247e-95,1.04410497519089,0.534,0.3,1.71360874298382e-90,"3","SLC7A7"
5.60895810856076e-93,1.48613564106709,0.307,0.122,1.35248806871726e-88,"3","MAPKAPK3"
2.62052024101058e-92,1.49489181749895,0.288,0.109,6.31886045714882e-88,"3","LILRA2"
2.88519174708095e-92,1.4996425284257,0.282,0.106,6.95706285973629e-88,"3","RXRA"
4.18237016160966e-92,0.534834964563565,0.486,0.238,1.00849491706894e-87,"3","EREG"
1.038244415839e-90,0.93201019880336,0.586,0.349,2.50351875991259e-86,"3","SLC16A3"
5.50238637609227e-90,0.687635586582323,0.815,0.658,1.32679042686713e-85,"3","HIGD2A"
1.3075068904239e-88,0.748025942793667,0.755,0.544,3.15279136487914e-84,"3","ZEB2"
5.15464379251806e-87,1.01329600893627,0.559,0.332,1.24293925768988e-82,"3","METRNL"
1.11194666883674e-85,0.515955079514968,0.924,0.837,2.68123700256604e-81,"3","RPL7"
1.82107670896721e-85,1.09492372609281,0.491,0.274,4.39116226833263e-81,"3","RAC2"
2.75144370446366e-85,1.33029053487107,0.317,0.133,6.63455620457323e-81,"3","DNMBP"
1.64093986635265e-84,1.02193071015858,0.424,0.212,3.95679829973615e-80,"3","ABHD5"
1.28328215552785e-83,0.548573996794716,0.866,0.715,3.0943782616243e-79,"3","LRRFIP1"
1.75195001068517e-83,0.765192002192537,0.716,0.524,4.22447706076515e-79,"3","GMFG"
5.42892522750941e-83,0.721455431482924,0.765,0.597,1.30907674010934e-78,"3","ELOB"
9.88820312108491e-83,0.572863846914871,0.881,0.744,2.38434241858721e-78,"3","FXYD5"
1.81295679629198e-80,0.744345263899852,0.728,0.506,4.37158272289885e-76,"3","CD55"
5.30980754887896e-80,1.03843843318597,0.481,0.271,1.28035389426118e-75,"3","KCNAB2"
1.97953528234976e-79,1.23242084925783,0.344,0.157,4.77325342632998e-75,"3","UBALD2"
2.8891609430071e-79,1.16380458806405,0.366,0.173,6.96663378187302e-75,"3","POLE4"
3.42389125822452e-78,1.14110250039233,0.37,0.177,8.25602899095679e-74,"3","SH3BP2"
2.06516471681092e-74,0.620835770206722,0.801,0.651,4.97973168164618e-70,"3","TMA7"
2.40760985985557e-74,1.16900448576509,0.386,0.196,5.80546965506973e-70,"3","ACSL4"
4.11189426985198e-74,0.546119605908899,0.629,0.377,9.91501065289408e-70,"3","CFD"
9.50929592464115e-74,0.831265670173009,0.8,0.604,2.29297652630872e-69,"3","MT2A"
1.04048297581464e-73,0.641681552795122,0.756,0.556,2.50891659958184e-69,"3","COMMD6"
1.58189608895058e-72,0.797296979451672,0.713,0.545,3.81442603928655e-68,"3","SRSF5"
1.66873208275623e-72,1.33146267862993,0.283,0.121,4.02381367115009e-68,"3","IQSEC1"
4.74473830457879e-72,1.35967403998032,0.258,0.104,1.14409874738308e-67,"3","ZDHHC20"
1.4678455129296e-71,0.805786039035097,0.448,0.24,3.53941588532715e-67,"3","LTA4H"
3.3696683261333e-71,1.15887673428982,0.343,0.165,8.12528123480523e-67,"3","SECTM1"
4.42234221925515e-71,1.39348959692418,0.262,0.108,1.066359379329e-66,"3","LFNG"
8.08894950586247e-71,1.06466472056008,0.561,0.382,1.95048839434862e-66,"3","JPT1"
1.57551345259295e-70,0.900370488352952,0.525,0.323,3.79903558823738e-66,"3","TCIRG1"
2.22325380359752e-70,1.10066343015765,0.407,0.218,5.36093189661471e-66,"3","SLA"
6.60622097318206e-70,1.2564351592199,0.407,0.225,1.59295806326339e-65,"3","PECAM1"
9.90522799307627e-70,1.31342236693176,0.318,0.151,2.38844762597048e-65,"3","TICAM1"
1.15517736352986e-69,1.12705334572702,0.353,0.174,2.78547917667955e-65,"3","TSPAN14"
1.45466401752913e-69,0.565958614207058,0.827,0.652,3.50763134546799e-65,"3","C1orf162"
2.90646798338474e-69,0.812560402233099,0.615,0.417,7.00836624833563e-65,"3","PILRA"
2.99061090175222e-69,0.998362500499777,0.409,0.217,7.21126006739513e-65,"3","DUSP6"
1.30500178923038e-68,0.828356090074323,0.55,0.344,3.14675081437121e-64,"3","MAP2K1"
1.38621634027285e-68,0.627712044521274,0.775,0.612,3.34258346129992e-64,"3","LAMTOR4"
1.42705489936256e-68,0.805469099423485,0.634,0.437,3.44105747883295e-64,"3","CHD1"
3.838249467784e-68,1.09114512352559,0.356,0.174,9.25517094166757e-64,"3","AC015912.3"
7.05353469278706e-68,1.11569951716683,0.443,0.261,1.70081882047174e-63,"3","CUX1"
2.74712025884369e-67,0.789917193895701,0.582,0.387,6.6241310801498e-63,"3","RBM8A"
2.79564793667062e-67,1.22795752894422,0.262,0.11,6.74114586969387e-63,"3","TMEM120A"
3.79803647038988e-67,1.26031534906811,0.292,0.132,9.15820534105111e-63,"3","AC090559.1"
4.41283379248976e-67,0.968217376790509,0.443,0.252,1.06406661238306e-62,"3","PHF20"
1.22425507933986e-66,0.558445903369592,0.841,0.687,2.95204627281219e-62,"3","ANXA1"
1.28548561497471e-66,0.723753763788599,0.726,0.57,3.09969146338852e-62,"3","LIMS1"
2.51311173832448e-66,0.927944615416781,0.469,0.276,6.05986633462182e-62,"3","UBE2R2"
3.17080052366527e-66,1.0070642060107,0.38,0.197,7.64575130271407e-62,"3","PRKAG2"
9.1274988452262e-66,0.792506455042891,0.627,0.436,2.20091379654939e-61,"3","FOSL2"
1.06909941533546e-65,0.656476706589746,0.747,0.579,2.5779194201984e-61,"3","VSIR"
1.62467098977071e-64,1.25145115375222,0.268,0.117,3.91756915763411e-60,"3","DOK3"
2.01282002612169e-64,1.15403681181522,0.328,0.161,4.85351292898722e-60,"3","CLEC12A"
7.44400281560458e-64,0.807267531947851,0.605,0.424,1.79497239892673e-59,"3","HSBP1"
9.01643616751427e-64,0.539397917397763,0.822,0.653,2.17413325307272e-59,"3","TYMP"
1.58229040704601e-62,0.702690947322853,0.688,0.517,3.81537685851004e-58,"3","BLOC1S1"
2.64181724154928e-62,0.641890422091757,0.685,0.485,6.37021391454779e-58,"3","ACSL1"
4.70328951565795e-62,1.09035563147184,0.335,0.168,1.1341042009106e-57,"3","MEF2D"
5.45594862253411e-62,0.920801908835957,0.45,0.266,1.31559289135165e-57,"3","MMP24OS"
1.3755112867479e-61,0.839309744014837,0.651,0.495,3.31677036573521e-57,"3","MTPN"
2.73881626775295e-61,0.881907129780413,0.481,0.293,6.60410766643269e-57,"3","RARA"
7.90492195648506e-61,0.561980360973493,0.78,0.62,1.90611383136724e-56,"3","GNAI2"
9.43136136792888e-61,1.10365168506992,0.314,0.154,2.27418416664869e-56,"3","AZI2"
2.03306621457251e-60,0.940195985016186,0.423,0.242,4.90233256319869e-56,"3","PLEC"
2.71372628146145e-60,1.24295547461992,0.351,0.188,6.54360818248799e-56,"3","PAG1"
3.09608416101425e-60,0.533192498020878,0.828,0.741,7.46558773745366e-56,"3","ALDOA"
3.26382466126826e-60,0.587914487499052,0.716,0.561,7.87006040571616e-56,"3","ZFAS1"
3.26529411050934e-60,0.799415927257953,0.505,0.313,7.87360368867117e-56,"3","TOM1"
1.39874958902877e-59,0.50509748555313,0.832,0.724,3.37280488402508e-55,"3","COX6B1"
7.42156410500067e-59,1.20923321689092,0.253,0.111,1.78956175263881e-54,"3","GFOD1"
1.35168304773873e-58,0.785963122699424,0.564,0.375,3.25931333301241e-54,"3","VAMP5"
2.90179088049195e-57,0.969455905618171,0.453,0.279,6.99708835013024e-53,"3","KLF3"
5.50948967351188e-57,0.948528116689529,0.446,0.266,1.32850324497392e-52,"3","OLR1"
6.99374060243825e-56,1.22419382222247,0.281,0.136,1.68640067146594e-51,"3","POU2F2"
6.89511693434116e-55,0.531968173316156,0.785,0.653,1.66261954637768e-50,"3","RPS17"
1.3261347052911e-54,1.047579575174,0.343,0.185,3.19770861486843e-50,"3","ZBTB7A"
2.38178665332719e-54,0.98411717443032,0.433,0.266,5.74320215716786e-50,"3","MTSS1"
3.56628001983903e-54,0.623055537322198,0.75,0.614,8.59937101183785e-50,"3","RNF149"
4.04161048735011e-54,0.540700451872362,0.79,0.686,9.74553536814732e-50,"3","UQCRB"
6.27881422374139e-54,1.03623174600246,0.313,0.16,1.51401047377076e-49,"3","DIAPH1"
8.23494624213008e-54,0.593294706496652,0.71,0.543,1.98569258736483e-49,"3","GUK1"
8.61710661490153e-54,0.646836596157506,0.68,0.51,2.07784291805121e-49,"3","CLEC7A"
1.68422715586794e-53,0.888819127999763,0.379,0.212,4.06117694094436e-49,"3","TUT7"
1.86207161800103e-53,0.807344964018523,0.479,0.302,4.4900132924859e-49,"3","PTPN18"
2.32708506979149e-53,0.501793206103543,0.8,0.678,5.61130022878823e-49,"3","COX8A"
2.47324040188346e-53,0.939658527236926,0.381,0.215,5.96372458106158e-49,"3","C9orf72"
2.8497819593587e-53,1.17664994637595,0.269,0.131,6.87167923860164e-49,"3","PKN1"
4.01050640712254e-53,0.989026351212333,0.31,0.158,9.67053409949457e-49,"3","MX2"
6.06971680156351e-53,0.726965168815467,0.594,0.427,1.46359081236101e-48,"3","NOP10"
6.24863752157911e-52,0.756721012193411,0.491,0.317,1.50673396557837e-47,"3","HMGB2"
1.08231356210143e-51,0.901696714330122,0.404,0.235,2.60978269229519e-47,"3","IRF7"
1.1086330644704e-51,0.986800556705172,0.318,0.166,2.67324690835747e-47,"3","GRK2"
1.26733170018375e-51,0.798733925320541,0.476,0.305,3.05591692865309e-47,"3","RPL22L1"
1.50831353624511e-51,0.997772488964908,0.311,0.162,3.63699642994783e-47,"3","RAB24"
2.38572288392859e-51,0.798576382179651,0.454,0.279,5.75269359001701e-47,"3","ITGA5"
6.54731551698793e-51,1.03395161897715,0.287,0.144,1.5787541906113e-46,"3","NDRG1"
9.65603695169217e-51,0.836202364758592,0.441,0.272,2.32836019016153e-46,"3","ANAPC16"
1.0274326090288e-50,1.31573858438191,0.288,0.15,2.47744825015115e-46,"3","SELPLG"
1.04407777754159e-50,1.03861046492681,0.291,0.147,2.51758474498603e-46,"3","UBXN11"
1.77274127055926e-50,1.14109793062839,0.273,0.136,4.27461102569955e-46,"3","PRKAG2-AS1"
3.36078952388752e-50,0.854589411958049,0.484,0.312,8.10387177894998e-46,"3","WARS"
2.50251123655675e-49,1.02531549232468,0.29,0.148,6.0343053447093e-45,"3","STX10"
6.2015359753529e-49,1.28064937032172,0.257,0.128,1.49537636973684e-44,"3","FAM110A"
1.06228241675458e-48,0.729865169661128,0.548,0.382,2.56148159152031e-44,"3","VASP"
1.52595933668131e-48,0.865521252341112,0.367,0.209,3.67954574853965e-44,"3","IRS2"
1.78587232508727e-48,0.795014987144386,0.446,0.281,4.30627393748293e-44,"3","FMNL1"
2.62791691255104e-48,0.73260381774141,0.562,0.385,6.33669605123431e-44,"3","FCGR3A"
7.36103405684931e-48,0.692032507458771,0.634,0.49,1.77496614212807e-43,"3","RAP1B"
1.06749894369844e-47,0.81731268930494,0.375,0.217,2.57406020294006e-43,"3","SSH2"
1.11631371691879e-47,0.647021838496583,0.577,0.409,2.69176726560628e-43,"3","POLD4"
1.59318797843771e-47,0.508363022614998,0.746,0.604,3.84165417240686e-43,"3","ARRB2"
8.56467438046717e-47,0.901889914550152,0.34,0.19,2.06519993336205e-42,"3","MIEN1"
2.00289142700581e-46,0.588266750644465,0.649,0.493,4.82957209793912e-42,"3","GPSM3"
2.58360048766031e-46,0.773997489035131,0.424,0.261,6.2298358558953e-42,"3","CYTH1"
4.28394442132075e-46,0.729442338157123,0.488,0.326,1.03298751831307e-41,"3","NDUFB9"
4.79487631578237e-46,0.789493516166643,0.433,0.272,1.1561885260246e-41,"3","RIOK3"
5.46376696327165e-46,0.882180927213542,0.384,0.23,1.31747812785369e-41,"3","PET100"
1.32411216732363e-45,1.01123953379374,0.25,0.123,3.19283166906747e-41,"3","LRRK2"
1.5366390133963e-45,1.08730737190739,0.251,0.124,3.7052976530025e-41,"3","SORL1"
1.98236350020749e-45,0.972430735238881,0.296,0.157,4.78007310805033e-41,"3","TTC7A"
2.2041755948502e-45,0.604843597733554,0.612,0.45,5.31492861186228e-41,"3","ARL4A"
1.22341355806543e-44,0.889327350991464,0.379,0.228,2.95001711256318e-40,"3","NDEL1"
1.74367814748583e-44,0.956327613305632,0.322,0.181,4.20453111703259e-40,"3","QSOX1"
1.96448425690377e-44,0.568671864742201,0.65,0.473,4.73696088867207e-40,"3","BRI3"
6.13045181339464e-44,0.645005564043504,0.87,0.799,1.47823584576385e-39,"3","IFITM3"
1.60284610784268e-43,0.578956556773512,0.666,0.543,3.86494281984106e-39,"3","TRIR"
3.95046248155435e-43,0.686245228745958,0.546,0.389,9.52575018177202e-39,"3","CIB1"
6.63631564124444e-43,0.676570292163099,0.401,0.242,1.60021479057327e-38,"3","NBPF26"
7.23836610358631e-43,0.884978281012562,0.334,0.191,1.74538721855777e-38,"3","SNN"
1.43447192407692e-42,0.640623191743753,0.616,0.459,3.45894215052667e-38,"3","CTNNB1"
2.39237701833869e-42,1.01947160616916,0.285,0.155,5.76873870432008e-38,"3","MBD2"
2.60332637507323e-42,0.561626883918635,0.592,0.417,6.27740088821408e-38,"3","PNP"
3.33818036188067e-42,0.618423828126922,0.579,0.428,8.04935430660285e-38,"3","CARD16"
3.43057250733151e-42,0.843281022276017,0.306,0.168,8.27213948692847e-38,"3","VDR"
3.45976452119111e-42,0.980189222091691,0.281,0.15,8.34253018994811e-38,"3","TLE3"
4.97933624329718e-42,0.759610502796185,0.393,0.24,1.20066734834625e-37,"3","NAA38"
5.00029893906359e-42,0.811026543013688,0.372,0.224,1.2057220831764e-37,"3","DYNLT1"
8.67708906507283e-42,0.706433041298539,0.437,0.279,2.09230648626101e-37,"3","LILRB3"
1.19064509648586e-41,0.756467236145309,0.443,0.29,2.87100252115634e-37,"3","CSF3R"
1.42192054287282e-41,0.509431960875995,0.709,0.583,3.42867700502923e-37,"3","ATP5F1D"
2.44016196364481e-41,0.666086430421972,0.405,0.252,5.88396254293673e-37,"3","SMCHD1"
4.356086743962e-41,0.68150999835874,0.407,0.251,1.05038319657156e-36,"3","NEDD9"
6.92563094334593e-41,0.6237150364815,0.489,0.323,1.669977389369e-36,"3","ISG20"
7.91562609688563e-41,0.86330223315275,0.329,0.19,1.90869492074203e-36,"3","SH3KBP1"
9.94228708959012e-41,0.587647018546265,0.597,0.447,2.39738368591287e-36,"3","TRAPPC5"
1.93010631946692e-40,0.910729702396599,0.293,0.161,4.65406536813059e-36,"3","STK40"
4.32646385020676e-40,0.857659134568141,0.352,0.213,1.04324022820036e-35,"3","HEIH"
4.42910309888499e-40,0.808357180552945,0.341,0.199,1.06798963023414e-35,"3","NUP214"
6.5292687695068e-40,0.901642898876081,0.295,0.164,1.57440257839117e-35,"3","PCGF5"
7.85047281647974e-40,0.647525446817614,0.537,0.38,1.89298451023776e-35,"3","PLK3"
8.70319793725517e-40,0.760471943433408,0.446,0.3,2.09860211861034e-35,"3","RNF7"
9.41202378990189e-40,0.970373002845788,0.26,0.137,2.26952129645904e-35,"3","HIPK2"
1.1372236958941e-39,0.956673772357071,0.258,0.136,2.74218749790944e-35,"3","PSEN1"
1.20938184886654e-39,1.00264461418189,0.253,0.132,2.91618245217188e-35,"3","TMEM189"
1.3679841538033e-39,0.991629097056491,0.261,0.138,3.29862019006591e-35,"3","PRKCB"
1.41462348796557e-39,1.05626530304022,0.33,0.195,3.41108161653139e-35,"3","OSM"
2.19249890976703e-39,0.826730625761132,0.473,0.326,5.28677262112124e-35,"3","LY6E"
2.77047327806974e-39,0.619251890661386,0.524,0.373,6.68044221540956e-35,"3","UQCRC1"
4.51839448788311e-39,0.517143908157208,0.642,0.5,1.08952046286326e-34,"3","COX7A2"
5.04004255853903e-39,0.698329438826092,0.432,0.28,1.21530546214052e-34,"3","CAPNS1"
5.16681335287252e-39,0.665851203996419,0.494,0.346,1.24587370377815e-34,"3","PTP4A2"
6.47213476600302e-39,0.827789431968181,0.268,0.142,1.56062585612631e-34,"3","HECA"
7.39587642718603e-39,0.848824887697694,0.329,0.193,1.78336768288737e-34,"3","EIF4E2"
8.37540371012009e-39,0.71375755870095,0.43,0.283,2.01956109662126e-34,"3","MYO1F"
9.44091979769567e-39,0.990478510889416,0.291,0.164,2.27648899081836e-34,"3","SAP30"
9.59279915259964e-39,0.888251357211183,0.287,0.159,2.31311165966635e-34,"3","CAMK1"
1.21132668737854e-38,0.881660816145083,0.501,0.365,2.92087204127588e-34,"3","VEGFA"
2.15128616183976e-38,0.998718949323904,0.259,0.139,5.18739632204422e-34,"3","UNC119"
4.6089570922297e-38,0.575437903161277,0.565,0.414,1.11135782364935e-33,"3","ZNF706"
1.18817646000454e-37,0.54695737223075,0.615,0.483,2.86504989800896e-33,"3","WAS"
1.27919648859401e-37,0.619827926019296,0.562,0.415,3.08452649294674e-33,"3","GRASP"
1.29968850673176e-37,0.58192789601782,0.586,0.441,3.13393889628229e-33,"3","NDUFS5"
1.52362825419531e-37,0.779532923452321,0.368,0.228,3.67392480934116e-33,"3","PDE4A"
1.88945036700148e-37,0.515343919753649,0.66,0.527,4.55603166995066e-33,"3","SMAP2"
1.91157885574014e-37,0.746399353150599,0.397,0.255,4.60939009484619e-33,"3","SYF2"
7.41795135076806e-37,0.519754637906651,0.407,0.259,1.7886906092107e-32,"3","FBP1"
9.5378914982996e-37,0.516347129490199,0.687,0.577,2.29987177698498e-32,"3","GNB2"
1.08348770260807e-36,0.932048446130688,0.281,0.159,2.61261389729883e-32,"3","PDCL3"
2.73544214513916e-36,0.648380082763392,0.519,0.378,6.59597164457406e-32,"3","PSMB9"
3.2706419259039e-36,0.548633066653732,0.483,0.325,7.88649887593207e-32,"3","CFP"
4.57172996939615e-36,0.623939481786157,0.561,0.408,1.10238124752049e-31,"3","AREG"
7.93945045139149e-36,0.55668362856651,0.624,0.498,1.91443968734403e-31,"3","PRR13"
9.66496691497527e-36,0.764007848556062,0.363,0.228,2.33051347220799e-31,"3","RELT"
1.21446802408159e-35,0.770890667277432,0.34,0.205,2.92844674646793e-31,"3","SIPA1L1"
1.26694704621641e-35,0.562452777879218,0.518,0.367,3.05498941254162e-31,"3","MIDN"
1.99139066375412e-35,0.925901068661287,0.274,0.155,4.8018403075103e-31,"3","SHOC2"
3.23057623773628e-35,0.5097102192217,0.598,0.451,7.7898884820535e-31,"3","DDX21"
3.66687055073353e-35,0.626739387902487,0.44,0.294,8.84192495898376e-31,"3","LIMD2"
3.78527419321505e-35,0.743564789684276,0.375,0.238,9.12743166209945e-31,"3","CSGALNACT2"
7.76205838819113e-35,0.729787001241709,0.39,0.255,1.87166513914453e-30,"3","STMP1"
2.128964526961e-34,0.662802028706615,0.442,0.303,5.13357216386106e-30,"3","LSM7"
2.34600887308212e-34,0.675758103256994,0.435,0.295,5.65693119566291e-30,"3","MAP3K2"
4.88354830016276e-34,0.690184160737636,0.425,0.288,1.17757000161825e-29,"3","POLR1D"
9.39421205931044e-34,0.561879246256275,0.543,0.405,2.26522635386153e-29,"3","SMDT1"
1.30796192769576e-33,0.83901379440843,0.307,0.186,3.15388859625278e-29,"3","SNHG16"
2.31088374301379e-33,0.535377099628247,0.435,0.29,5.57223396952915e-29,"3","ATP2B1-AS1"
2.43611541943224e-33,0.682522529712216,0.384,0.246,5.87420511087697e-29,"3","FGD4"
2.70911723065042e-33,0.860665098236474,0.261,0.147,6.53249437826735e-29,"3","RTL8C"
2.86441545837951e-33,0.797134932034608,0.329,0.203,6.9069649947905e-29,"3","FES"
3.66128740506226e-33,0.628430529297266,0.382,0.246,8.82846231982663e-29,"3","TBC1D8"
4.76080516262123e-33,0.600649663273037,0.563,0.419,1.14797294886286e-28,"3","HBEGF"
5.41772150565229e-33,0.764198046573721,0.302,0.179,1.30637518665794e-28,"3","USP3"
1.2777161058728e-32,0.714892836741235,0.367,0.237,3.08095684609108e-28,"3","KCTD20"
2.12398248064437e-32,0.584125908603916,0.511,0.373,5.12155895557778e-28,"3","ZNF385A"
1.26246185155227e-31,0.858144209957712,0.251,0.142,3.04417426264798e-27,"3","TMEM205"
1.87644119774299e-31,0.566053075553348,0.443,0.303,4.52466266011768e-27,"3","JOSD1"
2.89691385907714e-31,0.617313546059844,0.438,0.301,6.98532838839272e-27,"3","C4orf48"
3.39854058632944e-31,0.510679736222585,0.569,0.437,8.19490091581618e-27,"3","NOP53"
3.88057063776175e-31,0.661046385043405,0.405,0.275,9.35721997883492e-27,"3","PHPT1"
3.98837846162868e-31,0.748232235542465,0.279,0.163,9.61717698452523e-27,"3","ADSS"
4.06187736865202e-31,0.857674097878407,0.255,0.146,9.79440489903061e-27,"3","C9orf78"
4.41163221653482e-31,0.568422912845954,0.437,0.297,1.06377687637304e-26,"3","TES"
5.22822285583767e-31,0.700009529981724,0.254,0.142,1.26068137722814e-26,"3","EHD1"
1.0151005112715e-30,0.671140533467761,0.405,0.275,2.44771186282898e-26,"3","BRD4"
1.07296570217119e-30,0.704490217557674,0.337,0.213,2.58724219764538e-26,"3","CASP4"
1.94211255477404e-30,0.761117141970298,0.299,0.182,4.68301600332665e-26,"3","RASSF2"
2.18271936791947e-30,0.509363624750824,0.591,0.463,5.26319121186422e-26,"3","EMILIN2"
2.33222779685497e-30,0.778732716951358,0.274,0.161,5.62370088655639e-26,"3","OGDH"
3.1096244067926e-30,0.820051770473105,0.254,0.145,7.49823733209901e-26,"3","BORCS7"
3.38964924247651e-30,0.505364811155668,0.625,0.511,8.1734612183836e-26,"3","COX7B"
4.86833158499338e-30,0.526836301304827,0.531,0.405,1.17390079508945e-25,"3","ENY2"
7.87166457810893e-30,0.790361183211334,0.291,0.177,1.89809447971941e-25,"3","CHP1"
8.3840059076331e-30,0.61623720605434,0.418,0.288,2.02163534450757e-25,"3","PAIP2"
1.04542244543898e-29,0.681136640765947,0.362,0.243,2.520827142687e-25,"3","ALB"
3.03351661328419e-29,0.527018580454104,0.47,0.335,7.31471860961216e-25,"3","BACH1"
3.07712841641245e-29,0.867145255935646,0.264,0.157,7.41987975049535e-25,"3","HK1"
3.97751938984322e-29,0.511198931898373,0.389,0.254,9.59099250472896e-25,"3","VPS37B"
4.02953170035957e-29,0.75971233236823,0.288,0.175,9.71640978907702e-25,"3","SNF8"
4.11951030701586e-29,0.811606554237434,0.268,0.158,9.93337520330734e-25,"3","NFIL3"
4.50749836692903e-29,0.762344484532638,0.283,0.171,1.0868930812176e-24,"3","MCUB"
4.80599239062003e-29,0.634212881891271,0.39,0.262,1.15886894515021e-24,"3","ACOT9"
4.83706401582804e-29,0.68039200787627,0.399,0.277,1.16636124613661e-24,"3","HLA-F"
6.68744142637522e-29,0.76516774645238,0.26,0.152,1.61254275114186e-24,"3","PLAAT4"
7.1750264878894e-29,0.677887462742744,0.384,0.261,1.73011413702477e-24,"3","CMTM7"
8.67486584766013e-29,0.741567534733078,0.307,0.192,2.09177040184629e-24,"3","PNPLA2"
1.0194555755102e-28,0.673634296394377,0.341,0.22,2.45821322922773e-24,"3","NDUFA7"
1.49338028671173e-28,0.744563911808964,0.304,0.191,3.600987885348e-24,"3","ST3GAL1"
2.11478181143599e-28,0.746644126838212,0.298,0.184,5.09937338191561e-24,"3","ACTN4"
2.26128039378511e-28,0.624679739951991,0.37,0.245,5.45262541353404e-24,"3","BEST1"
2.28877350849412e-28,0.74310052874957,0.339,0.223,5.51891956103188e-24,"3","MYD88"
3.1503666150297e-28,0.803612073989262,0.255,0.15,7.59647901882111e-24,"3","SMAP1"
4.49217592934188e-28,0.773541176699144,0.253,0.148,1.08319838184221e-23,"3","HOTAIRM1"
4.66573391980273e-28,0.640884070147586,0.35,0.23,1.12504842008203e-23,"3","HIPK3"
7.5596892060214e-28,0.60705499016164,0.438,0.316,1.82286785824794e-23,"3","JTB"
1.00000905900674e-27,0.591465455979438,0.532,0.416,2.41132184398296e-23,"3","SEC14L1"
1.35983355081868e-27,0.538555724733612,0.531,0.414,3.27896664108909e-23,"3","TOMM6"
1.4742389896739e-27,0.552969660532953,0.587,0.481,3.55483247580068e-23,"3","DRAP1"
1.58235134369819e-27,0.556520243002193,0.486,0.362,3.81552379505943e-23,"3","EVI2B"
1.90154676889485e-27,0.778399508847515,0.278,0.171,4.58519972383615e-23,"3","CRK"
1.90737646438538e-27,0.771179613842673,0.268,0.162,4.59925686857247e-23,"3","ZSWIM7"
2.14542651367053e-27,0.718223573423888,0.31,0.197,5.17326695241376e-23,"3","UBE2J1"
2.14825587209924e-27,0.714032397019806,0.27,0.162,5.18008938439289e-23,"3","LENG8"
3.66593042131181e-27,0.687619882875055,0.299,0.187,8.83965802490916e-23,"3","ARAP1"
8.16321515042178e-27,0.675220379354557,0.354,0.238,1.9683960692212e-22,"3","ZNHIT1"
8.81167013294656e-27,0.759685436738231,0.284,0.177,2.1247580191574e-22,"3","ARHGAP30"
9.18769859458393e-27,0.597393121509745,0.417,0.294,2.21542976211202e-22,"3","NDUFS6"
1.22862987555305e-26,0.528796874423867,0.45,0.323,2.96259521892108e-22,"3","USP15"
1.46641739122779e-26,0.757477237023941,0.28,0.174,3.53597225546758e-22,"3","FAM120A"
1.74595257901213e-26,0.518047933760898,0.516,0.392,4.21001545377196e-22,"3","ATP5MPL"
1.98011911381524e-26,0.669264657201091,0.355,0.239,4.77466121914269e-22,"3","GSPT1"
2.10821713860447e-26,0.568419735166567,0.375,0.253,5.08354398631695e-22,"3","ARID5A"
1.41936410938758e-25,0.647063898499394,0.338,0.225,3.42251267696626e-21,"3","TMBIM1"
3.26774038341917e-25,0.582810285161269,0.327,0.214,7.87950238653864e-21,"3","UTRN"
4.35750797556333e-25,0.680411877017607,0.322,0.212,1.05072589814759e-20,"3","LILRB1"
1.29866445438213e-24,0.610802910431704,0.517,0.414,3.13146959885163e-20,"3","LYN"
1.33506306365976e-24,0.681655468264142,0.303,0.197,3.21923756540277e-20,"3","VPS4B"
1.71341499425941e-24,0.737364900850429,0.266,0.165,4.13155757565771e-20,"3","CARD19"
1.769757210169e-24,0.577904646861797,0.411,0.296,4.2674155608805e-20,"3","PPP4C"
2.05416338855535e-24,0.739923123443323,0.258,0.159,4.95320417882351e-20,"3","RALB"
2.2624346623473e-24,0.730181860589049,0.285,0.182,5.45540870131805e-20,"3","UBA1"
2.31680692645378e-24,0.522378020240987,0.439,0.318,5.586516541758e-20,"3","GAS5"
2.34014251600481e-24,0.584064585099998,0.415,0.303,5.64278564884241e-20,"3","CALCOCO2"
2.46230549489797e-24,0.555083817197355,0.397,0.282,5.93735723984749e-20,"3","WIPF1"
3.56152774752468e-24,0.660386942434741,0.322,0.215,8.58791185760627e-20,"3","SHKBP1"
5.26334257207898e-24,0.700456168555985,0.312,0.207,1.2691497944054e-19,"3","CSK"
9.10507435342355e-24,0.720095182535264,0.251,0.154,2.19550657884102e-19,"3","SP3"
9.17982853228577e-24,0.654372795864336,0.324,0.217,2.21353205399007e-19,"3","COX14"
9.34158197740351e-24,0.659460034544247,0.318,0.213,2.25253566221131e-19,"3","CYSTM1"
2.16026027358033e-23,0.555215157327104,0.412,0.299,5.20903559768425e-19,"3","COPS9"
2.17472997941976e-23,0.701740991119708,0.252,0.155,5.24392639937486e-19,"3","BCL7B"
2.38890708295634e-23,0.568565246610956,0.346,0.236,5.76037164913261e-19,"3","SNHG7"
3.01754702637136e-23,0.678204784824336,0.354,0.248,7.27621114468927e-19,"3","SEPTIN9"
4.0183104102757e-23,0.523338594144618,0.477,0.355,9.6893518922978e-19,"3","THBD"
6.3949562569762e-23,0.739634181760132,0.26,0.165,1.54201580224467e-18,"3","DGUOK"
6.56111835541096e-23,0.517063745440695,0.425,0.311,1.58208246904024e-18,"3","IDS"
7.91356110554784e-23,0.686427935625204,0.269,0.171,1.90819698938075e-18,"3","LSM8"
1.07051869229015e-22,0.538939828567464,0.411,0.298,2.58134172271923e-18,"3","C20orf27"
1.28664371125748e-22,0.525541484437318,0.426,0.312,3.10248398095515e-18,"3","ROMO1"
1.34909152371874e-22,0.606474200172147,0.332,0.225,3.25306439114299e-18,"3","ERCC1"
1.68386096371328e-22,0.622237651906772,0.319,0.215,4.06029394180183e-18,"3","RAB5IF"
1.76354669419899e-22,0.729241561584874,0.275,0.178,4.25244014372202e-18,"3","KRAS"
1.79742244846571e-22,0.687324218350834,0.296,0.197,4.33412474998536e-18,"3","CPPED1"
1.86401420828973e-22,0.508979185933282,0.418,0.305,4.49469746044902e-18,"3","SH3TC1"
2.58696933864109e-22,0.595548384229412,0.324,0.218,6.23795916626525e-18,"3","DNM2"
3.50932058768292e-22,0.510450981348127,0.411,0.297,8.46202473307982e-18,"3","ADAM17"
3.7052991471228e-22,0.644530426434223,0.257,0.161,8.93458783345722e-18,"3","STK24"
6.01818902759334e-22,0.711775182930034,0.279,0.183,1.45116592022358e-17,"3","IL10RB"
7.0886052321203e-22,0.67268975044331,0.264,0.168,1.70927537962117e-17,"3","GAB2"
7.94315115425236e-22,0.686327507861362,0.264,0.169,1.91533203782487e-17,"3","RNASEH2C"
1.68486331926394e-21,0.698009569103281,0.301,0.203,4.06271092174114e-17,"3","FUNDC2"
1.89372695587179e-21,0.55163553949212,0.288,0.187,4.56634380869365e-17,"3","SNAI1"
2.08400522503161e-21,0.66013419948343,0.279,0.182,5.02516179911873e-17,"3","OGFR"
2.43364148486683e-21,0.566198404109957,0.379,0.272,5.86823971245938e-17,"3","RGS19"
2.70379566368936e-21,0.732043861788991,0.321,0.225,6.51966248385417e-17,"3","LRRC25"
4.58134998220815e-21,0.612552099036679,0.314,0.214,1.10470092120985e-16,"3","METTL26"
5.17203733653059e-21,0.52013418462976,0.398,0.289,1.24713336295762e-16,"3","PSMB8"
6.6852713055287e-21,0.694076718718146,0.261,0.169,1.61201946990213e-16,"3","MRPL33"
7.5415967328882e-21,0.507885187000951,0.449,0.342,1.81850522020133e-16,"3","SF3B5"
8.13903198669934e-21,0.692626092673973,0.266,0.173,1.96256478295281e-16,"3","POR"
8.22802903873336e-21,0.599315005179218,0.329,0.228,1.98402464210978e-16,"3","CLTB"
8.61360428186412e-21,0.621507128158892,0.28,0.184,2.07699840048589e-16,"3","RPS10"
3.05929573141827e-20,0.620387240187666,0.283,0.187,7.37687979716888e-16,"3","ITPRID2"
3.57412427115314e-20,0.522155502304109,0.363,0.258,8.61828585503157e-16,"3","PREX1"
4.15804383179135e-20,0.670220848201484,0.28,0.187,1.00262910915985e-15,"3","VAMP2"
8.84439452819466e-20,0.514312525990669,0.403,0.3,2.13264885258358e-15,"3","TMEM256"
9.69212687371185e-20,0.583105148774917,0.281,0.187,2.33706255305814e-15,"3","TMEM160"
1.04708926961346e-19,0.608922748554592,0.284,0.189,2.52484635581894e-15,"3","NR1H2"
1.07323849480938e-19,0.538315289430842,0.38,0.278,2.58789998253385e-15,"3","COX17"
2.5628668374761e-19,0.588291988388358,0.303,0.207,6.17984080520611e-15,"3","STAT6"
3.7234813487047e-19,0.522006598962531,0.362,0.261,8.97843057613164e-15,"3","PLBD1"
4.54753449827398e-19,0.639827784418139,0.265,0.176,1.0965469935688e-14,"3","TBRG1"
5.6085582066366e-19,0.58061273939355,0.294,0.201,1.35239164036628e-14,"3","SLIRP"
6.41009103020419e-19,0.524893343658565,0.359,0.26,1.54566525011314e-14,"3","TMOD3"
6.6853874964505e-19,0.523994609443212,0.34,0.24,1.61204748701911e-14,"3","MRPL52"
8.34556900604318e-19,0.574710356570784,0.328,0.232,2.01236705442719e-14,"3","NCOR2"
8.85061727789374e-19,0.610587783693553,0.273,0.183,2.13414934421852e-14,"3","METTL9"
1.41232624877316e-18,0.596566297538913,0.319,0.226,3.40554228366672e-14,"3","IGBP1"
1.77918762524762e-18,0.637300062419514,0.254,0.168,4.29015512075959e-14,"3","LINC00963"
1.86062306539476e-18,0.509944740423879,0.476,0.381,4.48652039758639e-14,"3","PTPN6"
2.18619377831815e-18,0.649717583538092,0.25,0.165,5.27156905765856e-14,"3","ARHGAP26"
2.48220742334375e-18,0.552956912509925,0.385,0.29,5.98534675990879e-14,"3","SCAND1"
3.96736238963139e-18,0.561374557225701,0.316,0.222,9.56650093011818e-14,"3","PLP2"
4.83328436559848e-18,0.542046741979719,0.313,0.219,1.16544985907676e-13,"3","SIVA1"
5.67742100259498e-18,0.52004520353121,0.265,0.175,1.36899652635573e-13,"3","MOB3A"
6.61363952559426e-18,0.607931393286257,0.254,0.169,1.59474689880654e-13,"3","SNX27"
6.87761453314349e-18,0.5668973210229,0.326,0.234,1.65839919237689e-13,"3","SIGLEC10"
7.85294158069213e-18,0.609088329782086,0.255,0.169,1.89357980335229e-13,"3","RNMT"
1.27086691161291e-17,0.59058707187985,0.306,0.216,3.06444138397221e-13,"3","ELF2"
1.62205492525703e-17,0.537832179743983,0.331,0.237,3.91126104127227e-13,"3","WAC"
1.75298518823146e-17,0.543661238330029,0.255,0.17,4.22697318438253e-13,"3","RRP12"
2.26582083485108e-17,0.514661350724392,0.282,0.192,5.4635737790764e-13,"3","CD300C"
2.51903826318648e-17,0.577189550786564,0.274,0.187,6.07415696402155e-13,"3","CAPN2"
2.6904701525353e-17,0.610203321321954,0.258,0.174,6.48753067880837e-13,"3","KXD1"
2.87665798286363e-17,0.539827668200257,0.401,0.307,6.93648539407906e-13,"3","RHOQ"
3.04173420354311e-17,0.589519432879036,0.284,0.197,7.33453368500351e-13,"3","POLR2J"
3.96589644147041e-17,0.533665768351218,0.311,0.22,9.56296608931761e-13,"3","TIMM13"
4.22909696279773e-17,0.616041304155929,0.265,0.181,1.01976215063942e-12,"3","CYB5R4"
5.52521767308789e-17,0.540640636366,0.392,0.299,1.33229573751168e-12,"3","CYTIP"
6.20823491967813e-17,0.589797693755797,0.263,0.179,1.49699168618199e-12,"3","DCTN3"
1.12519162658456e-16,0.548022445580877,0.264,0.18,2.71317456918336e-12,"3","EHBP1L1"
1.14961295740613e-16,0.507442843423758,0.34,0.248,2.77206172419341e-12,"3","DOCK2"
1.54340679918139e-16,0.509388165810453,0.385,0.293,3.72161681486609e-12,"3","LRPAP1"
2.19716910841762e-16,0.533075609074873,0.291,0.204,5.29803387112741e-12,"3","SLC6A6"
2.32832316685605e-16,0.548457094108517,0.307,0.219,5.61428565223999e-12,"3","ZBTB43"
2.6607611542775e-16,0.531010924065286,0.324,0.235,6.41589337130933e-12,"3","RABAC1"
4.78608566156215e-16,0.599138764993782,0.257,0.176,1.15406883557248e-11,"3","PDCD5"
5.81319089598228e-16,0.50256417574558,0.323,0.234,1.40173472074821e-11,"3","FLII"
1.04782472371931e-15,0.549322891380879,0.269,0.187,2.52661975630437e-11,"3","NIN"
1.5267569596207e-15,0.572918312262249,0.26,0.179,3.6814690567334e-11,"3","DDX6"
7.21896394171721e-15,0.563298471390419,0.256,0.178,1.74070877526627e-10,"3","MCRIP1"
1.57582742126811e-14,0.514231305574798,0.284,0.203,3.79979266090379e-10,"3","TMEM167A"
2.64281575829116e-14,0.501028942676782,0.31,0.229,6.37262163796748e-10,"3","STK10"
3.26753770489942e-14,0.509298718137404,0.315,0.234,7.87901366782397e-10,"3","VMA21"
3.47172075180029e-14,0.515312393056277,0.349,0.269,8.37136024881605e-10,"3","NOL7"
3.66428977317517e-14,0.589689572043204,0.361,0.275,8.8357019300573e-10,"3","TFRC"
4.00028927740655e-14,0.503724280011445,0.291,0.211,9.64589753461041e-10,"3","HACD4"
2.4146409375877e-13,0.51938082583878,0.29,0.213,5.82242369280523e-09,"3","PLIN3"
2.90190575260157e-13,0.517280187574607,0.262,0.187,6.99736534124817e-09,"3","DAP"
4.27550073299553e-13,0.506985588617691,0.29,0.214,1.03095149174721e-08,"3","MRPL54"
7.09911921628611e-13,0.652424587117558,0.361,0.286,1.71181061662307e-08,"3","SDS"
1.23931770500069e-12,0.504647926036148,0.277,0.203,2.98836678206817e-08,"3","VAMP3"
1.98994996403896e-12,0.524648029894286,0.311,0.238,4.79836634828713e-08,"3","CHURC1"
2.2426358954973e-12,0.500415426180343,0.269,0.197,5.40766793481264e-08,"3","IFI27L2"
4.05198508139633e-12,0.554286172910715,0.259,0.191,9.77055162677097e-08,"3","PHF20L1"
1.34458853822389e-10,0.521035103383924,0.396,0.334,3.24220634221926e-06,"3","HES4"
8.8530883049466e-08,0.627904041685486,0.345,0.3,0.00213474518297177,"3","RHOC"
3.5708126781336e-05,0.541821606415087,0.411,0.382,0.861030061078354,"3","SOD1"
0.000349893314947371,0.536224343164141,0.255,0.225,1,"3","SLC16A10"
9.55598974937851e-194,0.866315180580796,0.987,0.497,2.30423580826764e-189,"4","C1QC"
6.00476386784593e-184,0.80365200286915,0.974,0.53,1.44792871145369e-179,"4","C1QB"
5.95402779741833e-176,0.768377969397381,0.992,0.558,1.43569472279148e-171,"4","C1QA"
2.24813961181581e-173,0.707199548153658,1,0.991,5.42093904597146e-169,"4","HLA-DRA"
6.19653936839738e-165,0.710299085572133,1,0.969,1.49417153790166e-160,"4","HLA-DPA1"
1.45023227271564e-161,0.657384703909947,1,0.989,3.49694507919922e-157,"4","HLA-DRB1"
1.08645636922493e-144,0.579399026289533,1,0.999,2.61977224311206e-140,"4","CD74"
7.26932312331561e-139,0.620812136761947,1,0.961,1.75285188472509e-134,"4","HLA-DPB1"
6.54927996415244e-131,0.884324091147627,0.889,0.55,1.57922787775608e-126,"4","CSF1R"
3.29057678967581e-124,1.04184015546705,0.777,0.433,7.93456781294529e-120,"4","MRC1"
1.19867890791304e-123,0.732686298955366,0.994,0.845,2.89037445065071e-119,"4","HLA-DQA1"
6.29768034721112e-122,0.821891419014348,0.931,0.682,1.51855966212302e-117,"4","CTSH"
3.04352366964537e-108,0.771209699228474,0.94,0.679,7.33884862461587e-104,"4","FGL2"
1.58496760293862e-106,0.985005472527553,0.756,0.431,3.8218323809659e-102,"4","CPM"
2.8704142058923e-106,0.571549015832599,0.988,0.847,6.92142977466809e-102,"4","HLA-DMA"
4.68569694794489e-98,0.666325407391627,0.955,0.748,1.12986210505795e-93,"4","MS4A6A"
5.9219241500122e-97,0.533616270293971,0.996,0.882,1.42795357029244e-92,"4","NPC2"
1.57746126912025e-96,0.832658498043756,0.834,0.559,3.80373235822967e-92,"4","CALHM6"
1.72264748191861e-96,1.37000075512493,0.548,0.271,4.15381987315034e-92,"4","CLEC4E"
4.80661373839496e-96,0.875650845052935,0.74,0.42,1.15901877073918e-91,"4","LAIR1"
5.83687640085659e-93,0.568906540699056,0.982,0.854,1.40744600653855e-88,"4","GRN"
8.78571097322881e-90,0.802824560996971,0.838,0.583,2.11849848697466e-85,"4","HCST"
7.00391523863804e-89,0.827154117703326,0.802,0.511,1.68885408149279e-84,"4","TUBB"
6.6392662480265e-87,0.7146792502679,0.894,0.611,1.60092627038663e-82,"4","CD163"
2.75499754598751e-86,0.659730789879361,0.914,0.701,6.64312558263968e-82,"4","RNF130"
8.54238182580688e-81,0.710093376596191,0.843,0.579,2.05982452965681e-76,"4","VSIR"
4.01153794243535e-80,0.650748630324618,0.901,0.671,9.67302144059435e-76,"4","MFSD1"
1.28003155891273e-76,0.984913639161291,0.673,0.415,3.08654009800627e-72,"4","TLR2"
1.6994711843106e-75,0.636988600273783,0.888,0.652,4.09793486672816e-71,"4","HLA-DMB"
2.77035771603374e-73,0.520921151038915,0.564,0.287,6.68016356067216e-69,"4","F13A1"
2.49173347004319e-71,0.882565285849858,0.663,0.405,6.00831691631514e-67,"4","AOAH"
2.74796773447614e-71,0.706822158582044,0.811,0.574,6.62617459814232e-67,"4","GSN"
5.683373126256e-70,0.695236132751926,0.624,0.338,1.37043176193411e-65,"4","CLEC10A"
1.06825762170807e-67,0.91085773276936,0.574,0.321,2.57588960322467e-63,"4","CD72"
1.36998978402286e-67,0.794869196540846,0.715,0.465,3.30345636621431e-63,"4","RAB20"
9.204654916821e-67,1.23823823320853,0.508,0.276,2.21951844009305e-62,"4","SDS"
3.91904527013088e-63,0.664889470236312,0.79,0.562,9.4499938598666e-59,"4","SEC11A"
9.77904496468052e-63,0.539432750619921,0.909,0.74,2.35802111233341e-58,"4","SLC25A5"
9.72198175292712e-62,0.613182316557967,0.834,0.608,2.34426146008332e-57,"4","RGS10"
2.29239829928697e-60,0.770809537367169,0.66,0.419,5.52766001907068e-56,"4","CRTAP"
9.36795773104408e-59,0.742353420044755,0.65,0.402,2.25889564768666e-54,"4","LGALS2"
4.7450886445615e-55,0.625342861702838,0.748,0.52,1.14418322486311e-50,"4","ATP6V1B2"
8.89776406862402e-55,0.630725765227353,0.756,0.531,2.14551784986731e-50,"4","CHCHD10"
1.66492238903327e-54,0.746136300064361,0.606,0.377,4.01462735667592e-50,"4","CORO1B"
9.23074545807134e-54,0.930554532136088,0.527,0.317,2.22580965230474e-49,"4","CCDC107"
3.95914222601776e-53,0.829361934883076,0.525,0.304,9.54667964959663e-49,"4","HLA-DOA"
1.67594125740354e-52,0.502492697392466,0.891,0.729,4.04119715397715e-48,"4","RAB31"
1.89166272665707e-52,0.685973159736616,0.686,0.457,4.5613663327882e-48,"4","ATP6AP2"
1.92810756812214e-52,0.701606688029835,0.716,0.508,4.64924577901291e-48,"4","ADA2"
3.62728395663128e-52,0.951815171231228,0.436,0.233,8.74646980462499e-48,"4","ETHE1"
2.41406195865841e-51,0.542415265372197,0.836,0.605,5.82102760091302e-47,"4","CD302"
2.87109876055137e-51,0.871398921136484,0.5,0.289,6.92308044131753e-47,"4","SLAMF8"
1.00694880147268e-50,0.927984762512177,0.423,0.221,2.42805564499106e-46,"4","C3AR1"
3.39692765741291e-50,0.569442409216563,0.812,0.62,8.19101166031974e-46,"4","GPR183"
5.15896344520865e-50,0.533592468587297,0.864,0.669,1.24398085554316e-45,"4","GRINA"
7.61975598941053e-50,0.74984039395777,0.717,0.51,1.83735176172656e-45,"4","IFNGR1"
2.37316868303064e-48,0.561673455126474,0.956,0.825,5.72242164539178e-44,"4","LYZ"
2.6748190027588e-47,0.775943942179639,0.6,0.389,6.4497910613523e-43,"4","FCGR2B"
1.71045506513502e-45,0.684080970988919,0.554,0.342,4.12442029856008e-41,"4","VSIG4"
1.23353993805067e-44,0.55162564701322,0.758,0.547,2.97443485262158e-40,"4","GSTK1"
1.40428272740731e-43,0.732481313999385,0.569,0.364,3.38614694059725e-39,"4","NUDT16"
2.19102195079584e-43,0.621535826456033,0.677,0.479,5.283211229954e-39,"4","SSR3"
2.30249811283621e-43,0.560124749711486,0.666,0.438,5.55201369948195e-39,"4","RNASE6"
6.11072167808817e-42,0.614151273897905,0.62,0.405,1.4734783182374e-37,"4","JAML"
1.67533491165278e-41,0.744088471415503,0.46,0.269,4.03973507246835e-37,"4","PID1"
2.40815662447337e-41,0.524895775779436,0.697,0.48,5.80678806859263e-37,"4","IL18"
3.79916607415501e-41,0.753427803531609,0.489,0.295,9.16092915460998e-37,"4","DRAM2"
8.51650515413662e-40,0.552908967883019,0.64,0.425,2.05358488781696e-35,"4","PILRA"
9.58733276993336e-39,0.942329478506577,0.425,0.254,2.31179355081403e-34,"4","CD9"
1.03092822186243e-38,0.735231536798494,0.462,0.275,2.48587722137687e-34,"4","PARVB"
1.52029956754394e-38,1.02528296898165,0.316,0.163,3.6658983472187e-34,"4","CAMK1"
1.56525067815561e-37,0.64423849830737,0.554,0.362,3.77428896023663e-33,"4","IGFLR1"
1.84900158243745e-37,0.58984258252426,0.491,0.292,4.45849751573141e-33,"4","TSPAN4"
3.74102405426936e-37,0.701598175067379,0.718,0.538,9.0207313020597e-33,"4","C5AR1"
6.15412797054607e-37,0.650497946980032,0.533,0.341,1.48394487753777e-32,"4","SCAMP2"
1.85379664762287e-36,0.702560995906176,0.502,0.318,4.47005985641302e-32,"4","PRDX3"
1.26265850405396e-35,0.511589523393507,0.751,0.589,3.04464845082533e-31,"4","PABPC4"
4.19494697874833e-35,0.647922674797359,0.567,0.388,1.01152756498558e-30,"4","ALKBH7"
6.12221256167837e-35,0.700646813223081,0.473,0.295,1.4762491149975e-30,"4","PCBD1"
8.00197438413943e-35,0.956314037191075,0.324,0.175,1.92951608324754e-30,"4","SH3PXD2B"
2.09225279574696e-34,0.640774233458442,0.569,0.388,5.04504916638465e-30,"4","IL13RA1"
2.56524121327611e-33,0.573635760748713,0.63,0.465,6.18556613757269e-29,"4","TBCA"
4.05421411293469e-33,0.521296916171198,0.852,0.744,9.77592649051943e-29,"4","SGK1"
1.2515936561893e-32,1.04263936385426,0.304,0.166,3.01796778316927e-28,"4","MMP9"
2.71481778768369e-32,0.532669592488895,0.655,0.471,6.54624013144167e-28,"4","IFNGR2"
3.03779198205058e-32,0.755766782970048,0.403,0.242,7.32502780631856e-28,"4","DBNDD2"
1.51177506592296e-31,0.652589499031586,0.476,0.307,3.64534321646003e-27,"4","DDOST"
8.59722352152224e-31,0.622936711995399,0.5,0.333,2.07304850774466e-26,"4","CIAO2A"
9.78975372794757e-31,0.872178416424658,0.393,0.239,2.36060331642e-26,"4","IL18BP"
2.74130503030104e-30,0.87153291781048,0.366,0.219,6.61010881956489e-26,"4","LPCAT2"
4.95077298234694e-30,0.510038650108263,0.718,0.557,1.19377988923332e-25,"4","RGS1"
1.09465891501805e-29,0.550652687027105,0.768,0.656,2.63955104178302e-25,"4","INSIG1"
5.04079802594709e-29,0.519759747128648,0.61,0.439,1.21548762799662e-24,"4","AKR1A1"
8.07026503209612e-29,0.759528563852887,0.416,0.265,1.94598300718934e-24,"4","AVPI1"
1.15687146326811e-28,0.647558157607451,0.446,0.286,2.7895641593784e-24,"4","LILRB3"
2.02000539012987e-28,0.579220294813921,0.467,0.298,4.87083899722015e-24,"4","C20orf27"
4.11554030964807e-28,0.588445101258658,0.516,0.354,9.9238023486544e-24,"4","UBE2L6"
6.90759475805029e-28,0.545962263272604,0.539,0.37,1.66562832400867e-23,"4","LAMTOR2"
2.13537134903107e-27,0.775017755248166,0.349,0.21,5.14902093391863e-23,"4","CLEC4A"
2.27342271068987e-27,0.590184663118611,0.543,0.382,5.48190418228648e-23,"4","PDIA6"
3.18955090687892e-27,0.66445514888483,0.433,0.281,7.69096410175714e-23,"4","DNPH1"
3.26785937251663e-27,0.639843612209728,0.42,0.266,7.87978930494936e-23,"4","SCPEP1"
6.88183798037769e-27,0.732185597716235,0.377,0.235,1.65941759220847e-22,"4","CMTM3"
9.9968975584271e-27,0.545900421189401,0.55,0.387,2.41055190826353e-22,"4","VAMP5"
1.442359408902e-26,0.556943654097105,0.532,0.37,3.47796124268539e-22,"4","TWF2"
1.86988627185522e-26,0.67641806197951,0.386,0.24,4.50885676732448e-22,"4","FCGR1A"
2.2223196117426e-26,0.690230688968623,0.387,0.242,5.35867927979494e-22,"4","FUOM"
2.38027486882154e-26,0.64804820462214,0.406,0.258,5.73955679118939e-22,"4","ABHD12"
5.24801495405897e-26,0.500556285451107,0.404,0.252,1.26545384587224e-21,"4","IL1R2"
5.64398907521582e-26,0.657078956275682,0.414,0.266,1.36093508570679e-21,"4","CHPT1"
7.85681411349408e-26,0.756937256848967,0.332,0.197,1.89451358718683e-21,"4","NRROS"
9.46559024194633e-26,0.616135703841335,0.493,0.345,2.28243777504052e-21,"4","CD300A"
1.34521806384983e-25,0.639496039101712,0.432,0.284,3.2437243173611e-21,"4","CD33"
2.18826241673486e-25,0.573927614727106,0.481,0.326,5.27655716547277e-21,"4","ADIPOR1"
4.38220233787752e-25,0.54357463847021,0.516,0.361,1.05668044973241e-20,"4","MTHFD2"
5.20976890241299e-25,0.52672879281029,0.542,0.386,1.25623157543884e-20,"4","MYDGF"
1.06161214907052e-24,0.517710261139631,0.544,0.389,2.55986537505374e-20,"4","RHEB"
1.08376476923619e-24,0.636518980032277,0.396,0.252,2.61328198805922e-20,"4","PEPD"
2.02938540245774e-24,0.643865613439672,0.347,0.21,4.89345702094636e-20,"4","LGALS3BP"
3.78236212201573e-24,0.547436653795883,0.484,0.327,9.12040978481652e-20,"4","FILIP1L"
1.73365693325321e-23,0.514517576573912,0.571,0.423,4.18036696315347e-19,"4","HAVCR2"
3.72064492201717e-23,0.551929582019038,0.477,0.33,8.97159110046e-19,"4","NAIP"
5.2738030152319e-23,0.720858004260173,0.332,0.205,1.27167212106287e-18,"4","WIPI2"
6.20044515083968e-23,0.534297531966764,0.433,0.287,1.49511333922197e-18,"4","APEX1"
1.19612789212509e-22,0.632414225415725,0.466,0.329,2.88422318628124e-18,"4","TNFSF13"
1.71650097967722e-22,0.734954519575024,0.308,0.186,4.13899881229568e-18,"4","TSPAN3"
2.11810440840881e-22,0.52937052109075,0.74,0.644,5.10738515999615e-18,"4","LMNA"
4.39811464788509e-22,0.50592195176049,0.417,0.274,1.06051738504453e-17,"4","FPR3"
9.14425844274365e-22,0.568054885852195,0.423,0.285,2.20495503829878e-17,"4","NDUFB5"
1.0991291794308e-21,0.862898981226979,0.308,0.191,2.65033019036149e-17,"4","ID3"
2.11396607705149e-21,0.654653452215434,0.365,0.238,5.09740640159425e-17,"4","CREBL2"
4.88901703655473e-21,0.503671061927453,0.5,0.358,1.17888867802444e-16,"4","OXA1L"
5.66747635312096e-21,0.504970683025438,0.44,0.3,1.36659857302806e-16,"4","CLN8"
4.33368954520438e-20,0.700059349620353,0.297,0.183,1.04498256003513e-15,"4","PLD4"
6.34913539076356e-20,0.791843987611879,0.281,0.172,1.53096701677482e-15,"4","SAP30"
1.05351451851074e-18,0.706722516158075,0.298,0.189,2.54033955848494e-14,"4","TM6SF1"
1.48386379148283e-18,0.566191432976894,0.395,0.272,3.57804076040254e-14,"4","YIF1B"
3.36031914265376e-18,0.520770781249361,0.435,0.31,8.102737548681e-14,"4","CYC1"
4.73953751314515e-18,0.584097492953455,0.354,0.236,1.14284468054469e-13,"4","SIGLEC10"
1.02390090371882e-17,0.680580934922,0.286,0.181,2.46893224913718e-13,"4","SLC39A1"
1.1115706833109e-17,0.578289959109463,0.34,0.224,2.68033038866758e-13,"4","SNX17"
5.05523854370284e-17,0.746558655287936,0.292,0.19,1.21896967004307e-12,"4","AC020656.1"
6.17396158201637e-17,0.623864274213465,0.368,0.254,1.48872735627161e-12,"4","FAM210A"
7.60726023197647e-17,0.52687162047476,0.381,0.264,1.83433865973649e-12,"4","UQCRC2"
2.89771064341091e-16,0.600902711778157,0.303,0.199,6.98724967445672e-12,"4","ELOVL1"
5.21687399817258e-16,0.700123542991575,0.279,0.182,1.25794482717936e-11,"4","HSD17B4"
5.29339154472353e-16,0.513844681582771,0.389,0.276,1.27639550317918e-11,"4","SUMO3"
5.58030822232031e-16,0.558634964101273,0.301,0.195,1.3455797216481e-11,"4","IMPDH2"
1.49214079366431e-15,0.53515002841219,0.362,0.252,3.59799909576276e-11,"4","KDELR2"
1.96789571952869e-15,0.653311385251465,0.27,0.175,4.74518694849953e-11,"4","MIF4GD"
8.29899382330693e-15,0.517425866695306,0.4,0.293,2.001136380614e-10,"4","STAT1"
9.84319846413463e-15,0.534490425193831,0.289,0.192,2.37349044565678e-10,"4","SNAI1"
5.46537668792905e-14,0.539754868072935,0.32,0.22,1.31786628076033e-09,"4","ECHS1"
5.73934065300966e-14,0.560016312579771,0.272,0.179,1.38392721166022e-09,"4","AHCY"
1.08871961070764e-13,0.539494037920499,0.34,0.24,2.62522959729934e-09,"4","WASHC2C"
1.12798792125442e-13,0.512069836737754,0.262,0.17,2.71991727452078e-09,"4","TSEN34"
3.8479397397663e-13,0.638655176146787,0.259,0.172,9.27853709449849e-09,"4","YPEL2"
3.99657247414712e-13,0.504565439610635,0.325,0.228,9.63693520691094e-09,"4","CLNS1A"
3.67363434255667e-12,0.528321670028411,0.276,0.188,8.8582344902069e-08,"4","GRHPR"
5.99920685469403e-12,0.543950128875245,0.256,0.173,1.44658874887237e-07,"4","IKBIP"
9.36283389974011e-12,0.566064513087581,0.26,0.178,2.25766013824433e-07,"4","MRPL3"
1.5796197175719e-11,0.502027447012191,0.287,0.201,3.80893702498112e-07,"4","FUCA2"
1.85993258049637e-10,0.568106106963516,0.253,0.177,4.4848554313509e-06,"4","TNFSF12"
9.15913685351787e-10,0.534086117986244,0.262,0.187,2.20854266948876e-05,"4","RDX"
8.33748199831848e-09,0.523264297651055,0.263,0.193,0.000201041703425454,"4","TDG"
0,5.38086780414216,0.962,0.137,0,"5","S100A8"
0,4.75629730229526,0.987,0.277,0,"5","S100A9"
0,3.71735736595033,0.826,0.141,0,"5","VCAN"
0,2.41105925416883,0.889,0.292,0,"5","FCN1"
0,2.23320413049981,0.839,0.259,0,"5","SLC11A1"
0,5.33004719684382,0.503,0.032,0,"5","S100A12"
0,4.72301270433407,0.432,0.041,0,"5","MARCO"
8.13490945615583e-298,2.6693902437411,0.459,0.075,1.96157071716286e-293,"5","AQP9"
3.60615660576398e-273,1.74907459883576,0.978,0.693,8.69552542347869e-269,"5","S100A6"
1.78195095422407e-249,2.28982328915317,0.973,0.718,4.2968183359205e-245,"5","TIMP1"
6.22857464495813e-232,3.02269192074062,0.399,0.074,1.50189620413875e-227,"5","MCEMP1"
1.24895177306844e-223,2.11064047059452,0.664,0.223,3.01159741039993e-219,"5","TREM1"
4.15957043231464e-220,1.70450812170588,0.609,0.169,1.00299721834403e-215,"5","SMIM25"
4.68572267849277e-216,1.54314780369149,0.955,0.615,1.12986830946496e-211,"5","S100A4"
2.95519157268727e-209,2.98682222957363,0.317,0.05,7.12585343922081e-205,"5","FCAR"
4.84020302645285e-203,2.4914030197998,0.455,0.109,1.16711815576858e-198,"5","CD300E"
8.81953118297059e-188,1.51189660019558,0.872,0.527,2.1266535541497e-183,"5","APLP2"
5.98171393925105e-185,2.75809478925001,0.384,0.085,1.44237068217161e-180,"5","SEMA6B"
1.55731395375102e-181,2.18991575112443,0.625,0.24,3.75515113667983e-177,"5","LTA4H"
4.7088954276412e-175,2.94760335793838,0.374,0.085,1.13545595446712e-170,"5","CYP27A1"
1.74481960671157e-173,1.22703795401604,0.945,0.701,4.20728351766361e-169,"5","SERPINA1"
1.00251301316161e-172,1.26105934361587,0.929,0.607,2.4173596286366e-168,"5","TSPO"
4.10433854337225e-170,1.82062239746864,0.675,0.282,9.89679152963352e-166,"5","CSF3R"
2.59053628276562e-154,1.55331535549866,0.715,0.325,6.24656013863273e-150,"5","FPR1"
4.91725712089833e-154,2.19255215327493,0.423,0.117,1.18569820956221e-149,"5","AGFG1"
7.09474034274915e-153,0.64173251201318,0.999,0.961,1.7107547388471e-148,"5","OAZ1"
1.82505134754113e-150,1.74569546480668,0.639,0.269,4.40074631432592e-146,"5","SLC25A37"
2.4407059284944e-148,1.02631164929847,0.996,0.966,5.88527420537854e-144,"5","GAPDH"
2.12264102426214e-146,1.7134060787775,0.478,0.146,5.1183243018033e-142,"5","LILRA5"
2.99256942448135e-142,2.64032367577685,0.357,0.09,7.21598265325188e-138,"5","APOBEC3A"
1.16127528881764e-140,3.99347538318836,0.28,0.06,2.80018310392597e-136,"5","FN1"
2.75206654129655e-140,1.94706096454536,0.449,0.139,6.63605805102837e-136,"5","ITGAM"
1.59610026295087e-138,0.920725400987942,0.996,0.946,3.84867656405343e-134,"5","IFI30"
4.0510928261974e-138,2.03152353010157,0.545,0.211,9.76840013180979e-134,"5","ANPEP"
1.09073516731679e-137,2.48994459845113,0.261,0.05,2.63008970895099e-133,"5","BST1"
5.08618784767393e-134,1.45797242996051,0.692,0.334,1.22643247570962e-129,"5","CSTA"
8.790836473201e-133,1.60267711885424,0.757,0.385,2.11973439878296e-128,"5","CFD"
5.25829414923733e-126,1.1162130337802,0.895,0.742,1.2679324682056e-121,"5","ALDOA"
6.90403131750389e-123,1.3993595954752,0.682,0.347,1.66476907158971e-118,"5","STXBP2"
2.66368792868903e-122,1.14734330570957,0.809,0.478,6.42295070244785e-118,"5","BCL2A1"
2.64337142432305e-121,1.59845943023612,0.621,0.288,6.37396151547016e-117,"5","LRP1"
9.44175854212332e-119,1.63377624327672,0.411,0.127,2.2766912372622e-114,"5","MYO1G"
4.43459123918624e-118,0.834759862534109,0.993,0.929,1.06931298550498e-113,"5","SH3BGRL3"
3.54976795578127e-114,1.42705481457331,0.768,0.452,8.55955547177538e-110,"5","SLC2A3"
5.63915038484121e-113,0.993207094026576,0.901,0.659,1.35976833229676e-108,"5","TYMP"
1.52492892444033e-111,3.25988682306496,0.413,0.145,3.67706111550297e-107,"5","MT1X"
1.19559168873705e-109,0.886423309832347,0.989,0.825,2.88293023905165e-105,"5","LYZ"
1.00778445536537e-108,1.36027350391176,0.767,0.498,2.43007065722252e-104,"5","UPP1"
1.16399970605909e-106,1.25993662044574,0.754,0.477,2.80675249122028e-102,"5","BRI3"
1.21367377366077e-104,1.97758944387388,0.335,0.098,2.92653157042822e-100,"5","CPD"
2.17372117112118e-104,0.755185314689919,1,0.999,5.2414938599245e-100,"5","FTH1"
5.47926631580309e-103,0.543009326053404,0.996,0.919,1.3212154867296e-98,"5","TYROBP"
3.92214987244909e-100,1.45159195589903,0.716,0.403,9.45747998743649e-96,"5","CD14"
8.41266294601248e-100,2.11096461877867,0.298,0.084,2.02854541617199e-95,"5","CR1"
8.86619352228599e-100,0.866187937542981,0.963,0.792,2.13790524402882e-95,"5","S100A10"
3.3366264910353e-99,1.53328036438698,0.632,0.342,8.04560745783343e-95,"5","METRNL"
2.02762635903763e-98,1.59419368226335,0.436,0.163,4.88921543954744e-94,"5","UBALD2"
1.35055356956645e-97,0.595223730531041,0.983,0.92,3.25658982229558e-93,"5","PFDN5"
1.63265606996788e-96,2.14050821734062,0.415,0.16,3.93682358151355e-92,"5","FAM107B"
2.23381770361282e-96,1.09311915060786,0.771,0.517,5.3864046287216e-92,"5","GSTO1"
2.83479973401558e-95,0.931081205263541,0.856,0.579,6.83555259863178e-91,"5","JUND"
2.75963424367867e-89,0.590351490142412,0.988,0.952,6.65430605178238e-85,"5","LAPTM5"
2.14162303288601e-88,0.52919836959092,0.983,0.934,5.16409561919804e-84,"5","UBA52"
6.67148652374175e-88,1.68205641161592,0.378,0.137,1.60869554546985e-83,"5","DENND5A"
4.44005037255363e-86,1.632088426256,0.513,0.239,1.07062934633386e-81,"5","THBS1"
1.66092380938371e-85,1.7032100811503,0.505,0.243,4.00498558156693e-81,"5","BEST1"
2.50409182990789e-85,1.51518901508438,0.375,0.136,6.03811662945689e-81,"5","CD36"
1.71187591954081e-84,1.86562293846999,0.286,0.086,4.12784640478875e-80,"5","SPATA13"
4.20139499045116e-84,1.61667768499464,0.532,0.253,1.01308237404749e-79,"5","EREG"
2.46222151268745e-83,1.40936354234808,0.46,0.197,5.93715473354325e-79,"5","AGTRAP"
2.78199117861903e-82,1.88825224271844,0.284,0.087,6.70821532900406e-78,"5","CHSY1"
1.28082905170274e-80,1.30406326563842,0.47,0.205,3.08846309237082e-76,"5","LUCAT1"
6.0474186113308e-78,1.49022619370956,0.407,0.166,1.4582140497502e-73,"5","SULF2"
1.41019390202355e-77,1.71591641134853,0.286,0.09,3.40040055594939e-73,"5","HK3"
1.68235551287072e-77,0.595407879144412,0.995,0.919,4.05666384818518e-73,"5","S100A11"
4.20817148667852e-77,1.21002276056097,0.656,0.384,1.01471639058279e-72,"5","CD52"
7.03754460027672e-76,1.63358806975315,0.31,0.105,1.69696312946473e-71,"5","HEBP2"
3.09834398023888e-75,0.586714842824065,0.951,0.848,7.47103683955e-71,"5","RPL38"
1.63000143262246e-74,0.817425069494246,0.829,0.604,3.93042245448254e-70,"5","ELOB"
5.81860900138336e-73,1.12263201270797,0.832,0.679,1.40304118850357e-68,"5","MIF"
5.83131233903481e-73,0.505221483757231,0.989,0.959,1.40610434431146e-68,"5","CYBA"
9.58611668069095e-73,1.22409961093541,0.496,0.234,2.31150031521501e-68,"5","FCGR1A"
2.25090599927909e-72,0.97550048975271,0.728,0.471,5.42760963606168e-68,"5","EFHD2"
4.26348093816801e-72,1.14464764895202,0.547,0.281,1.02805315862045e-67,"5","CAPNS1"
7.5325400314372e-71,0.770316128330756,0.912,0.682,1.81632137778045e-66,"5","EMP3"
4.89078424756816e-70,0.704660601117891,0.927,0.824,1.17931480561611e-65,"5","ITGB2"
2.34178135175894e-69,0.904913004794405,0.804,0.62,5.64673737349632e-65,"5","TKT"
2.06823288934007e-68,1.04216016369235,0.663,0.406,4.9871299660657e-64,"5","FLNA"
3.9557037999178e-68,1.58336570887303,0.36,0.146,9.53838857274178e-64,"5","ASPH"
4.35749616059367e-68,1.18684545618503,0.485,0.235,1.05072304920395e-63,"5","TAF10"
3.50323030401585e-67,0.644190874778958,0.876,0.656,8.44733923207343e-63,"5","CD44"
4.59102974916155e-67,1.47529956322566,0.471,0.226,1.10703500341533e-62,"5","ALOX5AP"
4.90640181007245e-67,1.65120252366739,0.289,0.101,1.18308066846277e-62,"5","SBNO2"
7.51461625259415e-67,0.596328488686847,0.947,0.741,1.81199941698803e-62,"5","LGALS1"
1.2592907040865e-65,0.53376972073386,0.992,0.889,3.03652767476377e-61,"5","FCER1G"
1.36423252951873e-65,1.49065153279797,0.313,0.116,3.28957389842851e-61,"5","RXRA"
9.77071672506407e-65,1.59735559516118,0.312,0.118,2.3560129239147e-60,"5","TRIM25"
5.4281296423424e-63,0.966787693514718,0.65,0.402,1.30888490065802e-58,"5","NCF2"
4.43274663574222e-62,0.550511956943639,0.968,0.867,1.06886819627652e-57,"5","CTSS"
1.92269888402653e-61,1.29125403291161,0.371,0.158,4.63620381905318e-57,"5","MBD2"
3.53923678600643e-61,1.65049902735166,0.253,0.086,8.53416166209731e-57,"5","CCDC69"
6.50248125963416e-61,0.745124027737439,0.805,0.629,1.56794330613559e-56,"5","GNAI2"
1.99218808170503e-60,1.27601579587428,0.361,0.151,4.80376312141534e-56,"5","UBXN11"
2.85593537208047e-60,1.42105067887283,0.352,0.149,6.88651696269765e-56,"5","NDRG1"
8.38477402380976e-60,0.761212304020102,0.778,0.557,2.02182056036125e-55,"5","ZEB2"
1.76051286340914e-59,1.26159586369367,0.39,0.174,4.24512466753845e-55,"5","SECTM1"
7.28709461328413e-59,1.27973286236944,0.37,0.161,1.7571371241012e-54,"5","ARHGAP26"
6.14275700950897e-58,1.57300386949402,0.257,0.091,1.4812029977029e-53,"5","SIRPB1"
1.39038728627007e-57,0.88281942509161,0.775,0.608,3.35264086338303e-53,"5","PGK1"
6.5232333744832e-57,1.06947321312166,0.466,0.234,1.57294726358913e-52,"5","PET100"
1.80673684063355e-56,1.5249340404802,0.323,0.136,4.35658454381968e-52,"5","PHC2"
2.38912308817702e-56,1.24483620478248,0.418,0.203,5.76089250252124e-52,"5","NUP214"
7.53048153523342e-56,1.39448254972683,0.336,0.143,1.81582501259083e-51,"5","EHD1"
1.36864292326931e-55,1.43163985357916,0.272,0.102,3.30020868087929e-51,"5","GCLM"
2.22047921022821e-55,1.07076827970435,0.556,0.332,5.35424151962329e-51,"5","NDUFB9"
2.80491814201442e-55,0.984462608488895,0.553,0.319,6.76349911583937e-51,"5","CDV3"
6.59510788592518e-55,0.735621362777205,0.785,0.58,1.59027836453314e-50,"5","CYBB"
1.2124122736547e-54,1.395802029331,0.312,0.128,2.92348971546358e-50,"5","SORL1"
1.61147787869856e-54,1.13013333647911,0.532,0.295,3.88575660890585e-50,"5","G0S2"
1.34229197579281e-53,1.36543839922917,0.301,0.121,3.2366686412292e-49,"5","LILRA2"
1.34838930898985e-53,1.29607359825519,0.576,0.369,3.25137114076723e-49,"5","VEGFA"
3.71830562158498e-53,0.956196057001843,0.772,0.592,8.96595034532785e-49,"5","HIF1A"
3.66571222336752e-52,1.45811348713777,0.277,0.109,8.83913188420609e-48,"5","PITPNA"
5.26266959594129e-52,1.23363254238195,0.478,0.264,1.26898751966932e-47,"5","FBP1"
8.58892586752109e-52,0.866978598584439,0.739,0.553,2.07104769443536e-47,"5","GUK1"
1.37636605709699e-51,1.31701017929815,0.387,0.185,3.31883147347797e-47,"5","AC015912.3"
1.40996621845456e-51,0.992165791399524,0.521,0.296,3.39985154255948e-47,"5","GNB1"
1.92418715814649e-51,0.731808272551499,0.745,0.521,4.63979249443862e-47,"5","CD55"
2.42666708374248e-51,0.954811441738483,0.779,0.636,5.85142233902825e-47,"5","TPM4"
3.26853051428522e-51,1.27669153554588,0.333,0.146,7.88140762909595e-47,"5","PLEKHM2"
2.23129335370323e-50,1.31155000611468,0.342,0.155,5.3803176637846e-46,"5","C19orf38"
2.07729851774254e-49,0.653909883831588,0.762,0.566,5.00898991583258e-45,"5","DAZAP2"
4.10443000801837e-49,1.46649030522746,0.253,0.097,9.8970120783347e-45,"5","CHST15"
1.43980296949217e-47,1.28686751341451,0.279,0.114,3.47179690033646e-43,"5","ZDHHC20"
4.02850848212503e-47,1.37226791430043,0.293,0.126,9.71394250294808e-43,"5","DOK3"
6.6800933085007e-47,1.3954380645309,0.297,0.129,1.61077089947877e-42,"5","IRAK1"
1.07437455391602e-46,1.19282113201223,0.531,0.338,2.59063936185771e-42,"5","ATP13A3"
1.12952497082244e-46,1.28060168133588,0.554,0.357,2.72362356214416e-42,"5","THBD"
4.69511331423001e-46,1.08678039844639,0.407,0.209,1.13213267346028e-41,"5","PLIN3"
9.40040060301187e-46,1.28378346434118,0.477,0.276,2.26671859740425e-41,"5","OLR1"
1.2635542675464e-45,0.627241938145849,0.79,0.597,3.04680840533464e-41,"5","UBL5"
3.18243360196307e-45,0.893666379705609,0.542,0.33,7.67380214441356e-41,"5","QKI"
1.95867770869746e-44,0.797423264518429,0.651,0.456,4.72295955898218e-40,"5","ODF3B"
2.48296373659823e-44,1.4024172842527,0.253,0.103,5.98717045805932e-40,"5","FAM102B"
4.08475029427831e-44,1.06822401827273,0.373,0.185,9.84955838459329e-40,"5","AC020656.1"
4.5871903018784e-44,0.921378060827575,0.52,0.321,1.10610919749194e-39,"5","TIMP2"
9.3968067495908e-44,0.973265970614098,0.69,0.518,2.26585201152883e-39,"5","TGFBI"
1.50545343304631e-43,0.646299577702765,0.832,0.664,3.63009986310456e-39,"5","PKM"
2.20165228683165e-43,0.532251367232607,0.99,0.981,5.30884415923716e-39,"5","SRGN"
9.84454427710767e-43,1.13958727901285,0.358,0.177,2.37381496153897e-38,"5","LPCAT1"
1.12368201482366e-42,0.84047708285144,0.559,0.349,2.70953444234428e-38,"5","SEC61G"
1.78285065195111e-42,0.915838633893835,0.455,0.251,4.29898777704971e-38,"5","DMXL2"
2.6370481345894e-42,0.966507081902577,0.515,0.319,6.35871416693543e-38,"5","SLC43A2"
1.2809972860964e-41,1.22892390344755,0.311,0.145,3.08886875596424e-37,"5","TMEM205"
1.43655666303894e-41,1.16648869194062,0.456,0.261,3.46396908158581e-37,"5","IL1RN"
5.29385992694953e-41,1.1771508000829,0.719,0.549,1.27650844418534e-36,"5","CTSL"
9.87936912545185e-41,0.683712634662067,0.762,0.538,2.3822122772202e-36,"5","C5AR1"
4.9164508146578e-40,1.23153387103355,0.32,0.155,1.18550378493844e-35,"5","ZSWIM6"
4.00031853863195e-39,0.907637309783196,0.878,0.796,9.64596809220321e-35,"5","PLAUR"
4.28253143350278e-39,1.35230631895284,0.268,0.12,1.03264680456053e-34,"5","ALAS1"
1.26228168514739e-38,1.53120553833661,0.496,0.328,3.0437398273959e-34,"5","HSPA6"
2.3145225245504e-38,1.28980614559458,0.357,0.188,5.58100816344839e-34,"5","NRIP1"
2.81855922505924e-38,1.14750776522924,0.359,0.188,6.79639185938534e-34,"5","QSOX1"
2.97013359579718e-38,0.725171619913676,0.759,0.622,7.16188313954574e-34,"5","TNFRSF1B"
3.16885026764673e-38,0.789190910475943,0.82,0.707,7.64104865037656e-34,"5","CEBPB"
1.08543592068127e-37,0.793074503210836,0.489,0.286,2.61731163553874e-33,"5","LILRB3"
2.05869625483434e-37,0.550813898490966,0.758,0.554,4.96413427928205e-33,"5","CD37"
2.86545036238071e-37,0.910747943421299,0.611,0.435,6.9094604588086e-33,"5","ATP2B1"
6.27848147010998e-37,0.795598796287251,0.598,0.407,1.51393023688762e-32,"5","C4orf3"
6.95359184645432e-37,0.977623657579832,0.402,0.222,1.67671960193553e-32,"5","PLP2"
9.93496363757304e-37,0.932185247087853,0.444,0.261,2.39561778192799e-32,"5","SLC7A5"
1.13582561651048e-36,0.794093491271751,0.989,0.988,2.73881630909172e-32,"5","UBC"
2.27616703063264e-36,1.20250493370114,0.258,0.116,5.48852156096447e-32,"5","FAM20A"
9.73715767824904e-36,0.571965742823056,0.768,0.613,2.34792083095619e-31,"5","ARRB2"
1.00064527404506e-35,1.02809803504117,0.382,0.212,2.41285594930484e-31,"5","MBOAT7"
1.14378097441673e-35,0.936639476553323,0.417,0.238,2.75799906361106e-31,"5","PECAM1"
1.58133491766242e-35,0.532166729533122,0.785,0.623,3.81307288695939e-31,"5","LAMTOR4"
3.33844272626527e-35,0.581697599914971,0.844,0.728,8.04998694584344e-31,"5","ENO1"
3.70925672139631e-35,1.02658221438354,0.335,0.173,8.94413073230292e-31,"5","CLEC12A"
5.49471083144956e-35,1.22221544379206,0.317,0.163,1.32493962278743e-30,"5","STK24"
7.50067580210396e-35,1.33803009210493,0.263,0.122,1.80863795616133e-30,"5","AL627171.2"
8.38957431198968e-35,1.19091617721263,0.254,0.115,2.02297805385007e-30,"5","MAP2K2"
8.48531879945976e-35,0.789826587311235,0.508,0.319,2.04606492211373e-30,"5","PGD"
1.13117451604646e-34,0.665282482271632,0.696,0.54,2.72760111054282e-30,"5","GMFG"
2.85148011297436e-34,0.603871364307667,0.637,0.43,6.87577399641508e-30,"5","PILRA"
3.35523061342826e-34,0.517836734386304,0.8,0.671,8.09046757815956e-30,"5","TOMM7"
3.36694270216494e-34,0.983457265729798,0.384,0.215,8.11870893773033e-30,"5","LILRB1"
5.80419084660567e-34,0.829558873377141,0.455,0.274,1.39956453884202e-29,"5","RUNX1"
1.18008667041036e-33,1.07866692334844,0.29,0.143,2.84554298836051e-29,"5","EAF1"
1.8696852673779e-33,1.09762134555325,0.28,0.135,4.50837208522833e-29,"5","MARCH2"
2.10555601727615e-33,1.07227715561934,0.312,0.16,5.07712722445798e-29,"5","PYGL"
2.70660008822033e-33,0.821665967469192,0.467,0.286,6.52642479272568e-29,"5","ALOX5"
5.08634904929451e-33,1.02847869114999,0.61,0.456,1.22647134625638e-28,"5","SOCS3"
1.78968961442272e-32,0.842932559193728,0.466,0.29,4.31547856725751e-28,"5","UBE2R2"
9.50995604578387e-32,0.623706791864134,0.877,0.778,2.29313570131986e-27,"5","GLUL"
1.17260538107329e-31,1.13193460201235,0.256,0.122,2.82750335538202e-27,"5","TMEM120A"
1.29792835960233e-31,0.509025629952292,0.806,0.655,3.1296946535091e-27,"5","UQCR11"
2.40210714412079e-31,0.665246466723796,0.58,0.396,5.79220095661847e-27,"5","SAMSN1"
3.1344144331243e-31,1.12781952480966,0.272,0.134,7.55801352259264e-27,"5","GPAT4"
4.12168234590528e-31,0.572067921049469,0.685,0.508,9.93861264068141e-27,"5","CD99"
1.2387705370663e-30,1.8082265006797,0.723,0.635,2.98704739602797e-26,"5","HMOX1"
2.67194914634117e-30,0.57049081212712,0.627,0.451,6.44287097657246e-26,"5","DSE"
4.94285335467991e-30,1.04199247669955,0.46,0.298,1.19187022941397e-25,"5","ATP2B1-AS1"
5.64319414905872e-30,0.730413070104651,0.448,0.273,1.36074340516253e-25,"5","CUX1"
6.06364077513708e-30,1.10398489626057,0.329,0.184,1.4621257001088e-25,"5","RAB13"
7.41889993452146e-30,1.3410228819444,0.254,0.125,1.78891934121116e-25,"5","ERO1A"
9.77622345449475e-30,0.549399189386741,0.527,0.333,2.35734076158232e-25,"5","CFP"
1.97573758220961e-29,1.1691740397883,0.267,0.134,4.76409603198203e-25,"5","RYBP"
3.70474714268838e-29,0.735623856017726,0.542,0.37,8.93325678516449e-25,"5","SLC16A3"
1.52287613385032e-28,1.22021361969696,0.365,0.217,3.67211122155328e-24,"5","DNAJA4"
1.77190347923402e-28,0.584220636177357,0.78,0.686,4.272590859477e-24,"5","GRB2"
2.26357742615469e-28,0.735655032537148,0.546,0.387,5.4581642476868e-24,"5","GPCPD1"
3.54337249672105e-28,0.932820813272574,0.49,0.347,8.54413410134348e-24,"5","EPB41L3"
7.84847523684224e-28,0.561535150539717,0.682,0.539,1.89250283385977e-23,"5","CAST"
8.06856765622563e-28,1.14788880698067,0.34,0.194,1.94557371894569e-23,"5","H1FX"
8.18546178769261e-28,0.833903103836371,0.582,0.426,1.97376040086632e-23,"5","PRNP"
2.24910430689308e-27,0.550676517849258,0.776,0.661,5.42326521521129e-23,"5","ZFP36L1"
3.38938278894916e-27,0.617017711353636,0.621,0.456,8.17281871899311e-23,"5","TRAPPC5"
3.63394029640541e-27,1.09024764530677,0.268,0.139,8.76252023672236e-23,"5","C16orf72"
3.90695070957334e-27,0.769570605700542,0.582,0.43,9.42083024599421e-23,"5","PNP"
4.15367114707259e-27,0.568785078695071,0.507,0.326,1.00157472369361e-22,"5","SNHG5"
7.16499001514015e-27,0.812926692595786,0.401,0.246,1.72769404235074e-22,"5","CSGALNACT2"
1.093006581351e-26,0.852156733400089,0.433,0.283,2.63556676961166e-22,"5","RIOK3"
1.25244060986416e-26,0.910033521806766,0.342,0.198,3.02001004256545e-22,"5","MAFG"
1.60942820901077e-26,0.880758435521284,0.377,0.229,3.88081424038766e-22,"5","NDUFB1"
2.11318445175166e-26,0.698361012947984,0.602,0.451,5.09552166850879e-22,"5","FGR"
2.69178358605597e-26,0.679019488651659,0.528,0.363,6.49069776105675e-22,"5","FLOT1"
4.15134114521994e-26,0.982949679585193,0.298,0.164,1.00101289034688e-21,"5","NFIL3"
1.02374154052129e-25,0.734451936674305,0.415,0.259,2.46854797665899e-21,"5","PABPN1"
1.47813764083625e-25,0.63219628490964,0.836,0.774,3.56423329334845e-21,"5","NAMPT"
1.93966724758985e-25,0.815824408046084,0.971,0.965,4.67711963411341e-21,"5","HSP90AA1"
3.23716755406408e-25,0.665429125235344,0.484,0.321,7.80578212311472e-21,"5","SLC7A7"
3.77216246550226e-25,0.65816298831785,0.591,0.453,9.09581535306559e-21,"5","FOSL2"
1.53909103008966e-24,0.591713131732238,0.569,0.409,3.7112102008552e-20,"5","MPP1"
1.70580075850311e-24,0.722194678923843,0.432,0.281,4.11319736897855e-20,"5","MMP24OS"
1.75660719662994e-24,0.806382681121588,0.346,0.203,4.23570693323377e-20,"5","VAMP3"
2.12601117250506e-24,1.00201856123053,0.288,0.159,5.12645074026146e-20,"5","TLE3"
2.85070982927238e-24,0.899907752886632,0.321,0.187,6.87391661132448e-20,"5","IL10RB"
3.20078868426119e-24,0.598836041715809,0.505,0.339,7.71806175435901e-20,"5","TCIRG1"
3.87410832718841e-24,0.873025376521359,0.379,0.239,9.34163740934941e-20,"5","SMIM3"
3.98703219095965e-24,0.878856640919878,0.442,0.302,9.61393072206101e-20,"5","ZFYVE16"
5.17426364047448e-24,0.931146708011262,0.322,0.189,1.24767019162761e-19,"5","RAB21"
7.43510734493239e-24,0.9130679378384,0.351,0.213,1.79282743408355e-19,"5","ACSL4"
2.00411457593684e-23,0.892737612581489,0.286,0.159,4.83252147695649e-19,"5","STX10"
2.61372460283684e-23,1.1038295102744,0.809,0.751,6.30247413482048e-19,"5","DNAJB1"
2.82547407981547e-23,0.895725752803646,0.37,0.234,6.81306564865903e-19,"5","SLA"
5.54257191946148e-23,1.06713989229863,0.254,0.138,1.33648036693975e-18,"5","TLNRD1"
6.63871430253699e-23,0.683775897444475,0.461,0.315,1.60079317977075e-18,"5","RTN3"
1.01123535089804e-22,0.531797744380368,0.658,0.523,2.43839180162043e-18,"5","CNBP"
1.02998364526406e-22,0.619407197078257,0.532,0.394,2.48359956382524e-18,"5","CXCL8"
1.5223959468573e-22,0.511433652351659,0.703,0.562,3.670953346657e-18,"5","PLSCR1"
1.55137075870648e-22,0.546866599508492,0.583,0.43,3.74082031046894e-18,"5","CRTAP"
1.69085459203601e-22,0.709377032114287,0.405,0.258,4.07715767777644e-18,"5","FNDC3B"
1.87314159887198e-22,0.926763550312134,0.345,0.215,4.51670633736002e-18,"5","ENG"
3.58560101816838e-22,0.73007997612367,0.369,0.229,8.64595973510943e-18,"5","MYD88"
6.35258830570161e-22,0.72309500998193,0.378,0.239,1.53179961815383e-17,"5","HSD17B11"
9.39789683042047e-22,0.725814469300079,0.366,0.228,2.26611486271929e-17,"5","C9orf72"
2.29030719029553e-21,0.941917175298362,0.262,0.145,5.52261772795962e-17,"5","YPEL3"
3.23746370810959e-21,0.966704349395314,0.33,0.205,7.80649623936464e-17,"5","OSM"
7.61902654495056e-21,0.558659546908326,0.621,0.507,1.83717587078393e-16,"5","POLR2L"
8.05656641932482e-21,0.88905891238001,0.274,0.156,1.94267986069179e-16,"5","TCN2"
8.53192188954314e-21,0.527789273109131,0.856,0.789,2.05730232522554e-16,"5","TPI1"
8.72927732399407e-21,0.841589059136162,0.395,0.266,2.10489064113469e-16,"5","PLBD1"
9.32147780926296e-21,0.888377047286218,0.267,0.151,2.24768794414758e-16,"5","HECA"
1.3006523728317e-20,0.877605658798669,0.28,0.161,3.13626306660908e-16,"5","MAPKAPK2"
1.33050424361055e-20,0.842475922051869,0.299,0.177,3.20824488261813e-16,"5","POR"
1.5659430826052e-20,0.813072012365606,0.315,0.191,3.77595855508592e-16,"5","PHF20L1"
2.57841550581376e-20,0.885487991019561,0.317,0.196,6.21733330916872e-16,"5","CD300C"
3.98627635604555e-20,0.79772718546135,0.303,0.181,9.61210817733262e-16,"5","UBR4"
4.37490166132275e-20,0.599604489275752,0.354,0.219,1.05492003759476e-15,"5","LINC01578"
4.38406700549305e-20,0.893688353741388,0.289,0.171,1.05713007703454e-15,"5","MX2"
6.710851972871e-20,0.626954977420708,0.504,0.363,1.61818773621839e-15,"5","LILRB4"
1.05139530155183e-19,0.763276448633488,0.316,0.193,2.53522949063192e-15,"5","CPEB4"
1.29370614253364e-19,0.964620327984499,0.544,0.436,3.11951362149136e-15,"5","BAG3"
1.78906601530558e-19,0.525710008921604,0.547,0.4,4.31397488270635e-15,"5","CIB1"
3.24149228184316e-19,0.861541818436412,0.269,0.158,7.81621033920842e-15,"5","BMP2K"
3.28473706162669e-19,0.768710788816005,0.345,0.22,7.92048647670044e-15,"5","SHKBP1"
3.85016001619412e-19,0.909328433591243,0.601,0.509,9.28389084704889e-15,"5","BASP1"
5.3183759917741e-19,0.562732831049708,0.713,0.594,1.28242000289649e-14,"5","LDHA"
5.55864861495633e-19,0.640397240332781,0.463,0.335,1.34035694052442e-14,"5","GLIPR2"
5.62699611492861e-19,0.589327763576756,0.529,0.4,1.35683757319274e-14,"5","ATP5MPL"
6.69587777627201e-19,0.771344886755883,0.302,0.184,1.61457700819247e-14,"5","CHP1"
7.27394830962272e-19,0.656244382432366,0.449,0.318,1.75396715589933e-14,"5","ROMO1"
7.29778410147205e-19,0.74506111677013,0.435,0.309,1.75971468038795e-14,"5","GPI"
9.3648445485272e-19,0.658495774120697,0.415,0.284,2.25814496598636e-14,"5","ADM"
9.58733650206143e-19,0.699406771768998,0.409,0.28,2.31179445074207e-14,"5","IFI6"
1.32273791457163e-18,0.652950185953652,0.426,0.294,3.18951793340658e-14,"5","ITGA5"
1.40891640046766e-18,0.691963081466298,0.348,0.221,3.39732011644768e-14,"5","NUMB"
1.45622597247866e-18,0.644341609617751,0.479,0.353,3.5113976874378e-14,"5","CD48"
2.45998967796882e-18,0.817692989598445,0.285,0.172,5.93177311048622e-14,"5","HPCAL1"
3.14866017828581e-18,0.627267012685445,0.394,0.263,7.59236428790057e-14,"5","VPS37B"
3.31651988103868e-18,0.575526738613705,0.515,0.382,7.99712438914857e-14,"5","PTTG1IP"
5.10327262104234e-18,0.541196625434721,0.55,0.422,1.23055212711194e-13,"5","GABARAPL1"
5.52703355375106e-18,0.723524083808056,0.317,0.198,1.33273360081599e-13,"5","IFI27L2"
5.61473460877249e-18,0.691020087156527,0.351,0.228,1.35388095621331e-13,"5","TPD52L2"
6.87026722806469e-18,0.638561597068692,0.389,0.261,1.65662753670324e-13,"5","UBAP1"
8.84682167698065e-18,0.504897870292607,0.523,0.384,2.13323411097035e-13,"5","LAMP1"
1.04246587111823e-17,0.720301882025235,0.333,0.214,2.51369795502738e-13,"5","PRKAG2"
1.1379892042044e-17,0.659297638699567,0.473,0.348,2.74403336809808e-13,"5","ZFAND2A"
1.68241954306931e-17,1.30568429655287,0.699,0.626,4.05681824420303e-13,"5","MT2A"
1.89464298869189e-17,0.62564307859348,0.496,0.373,4.56855263863275e-13,"5","LY96"
2.25788313075313e-17,0.776138654215284,0.321,0.206,5.44443359318503e-13,"5","TMEM167A"
2.89818597396045e-17,0.52461000814737,0.51,0.383,6.98839583901083e-13,"5","FKBP8"
2.98023854861133e-17,0.787151316117246,0.353,0.235,7.18624921226651e-13,"5","DUSP6"
3.9065161070089e-17,0.623664907486523,0.487,0.372,9.41978228883057e-13,"5","NUCB1"
4.14079358082e-17,0.63210997574278,0.47,0.34,9.98469556143126e-13,"5","MNDA"
5.69116096086151e-17,0.54236634970941,0.583,0.473,1.37230964249254e-12,"5","CTNNB1"
6.9024185978098e-17,0.911191551457888,0.642,0.591,1.66438019648988e-12,"5","PPIF"
7.65821727380558e-17,0.807614980904393,0.253,0.15,1.84662593123274e-12,"5","BCL10"
8.31862928253143e-17,0.577573143359203,0.474,0.348,2.0058710788968e-12,"5","RNF181"
8.73732202132387e-17,0.675435778659119,0.305,0.191,2.10683045900183e-12,"5","ACTN4"
1.03228112163016e-16,0.67858774583603,0.341,0.224,2.48913946858679e-12,"5","DNM2"
1.50249667292295e-16,0.690930172439605,0.296,0.183,3.62297022741911e-12,"5","EHBP1L1"
2.048958357792e-16,0.517670407326278,0.36,0.237,4.94065328814385e-12,"5","ETV6"
2.44560607770859e-16,0.549687903276257,0.457,0.331,5.89708993517873e-12,"5","TOM1"
2.92978508065851e-16,0.528664079650975,0.561,0.441,7.06459076499186e-12,"5","HSBP1"
3.18327082397532e-16,0.76239804521187,0.372,0.26,7.67582093785169e-12,"5","CD93"
3.81679293369264e-16,0.820930341341074,0.278,0.174,9.20343280101306e-12,"5","MRPL33"
6.16592553499822e-16,0.855684346758738,0.272,0.168,1.48678962425412e-11,"5","ADAM8"
6.23140187705695e-16,0.731424243976737,0.274,0.168,1.50257793461474e-11,"5","AZI2"
1.28476093837859e-15,0.802322063931268,0.29,0.188,3.09794405071228e-11,"5","METTL9"
1.91449560320359e-15,0.572423181458236,0.529,0.42,4.61642324800482e-11,"5","LYN"
2.02813199071389e-15,0.645296613410217,0.336,0.224,4.89043466920841e-11,"5","HEIH"
3.05001388514495e-15,0.690317038418137,0.301,0.193,7.35449848125001e-11,"5","SNAI1"
3.52906952312504e-15,0.718773956823751,0.401,0.293,8.50964534111142e-11,"5","MIR22HG"
3.61735129318154e-15,0.678705352051131,0.285,0.179,8.72251917324864e-11,"5","MCUB"
5.5443658167157e-15,0.532008830032335,0.436,0.318,1.33691292938466e-10,"5","SNHG6"
6.57904292870751e-15,0.600215129468286,0.423,0.306,1.58640462139924e-10,"5","MAP3K2"
7.77811540213381e-15,0.977559284074238,0.848,0.866,1.87553696691653e-10,"5","HSPA1A"
1.21043956265902e-14,0.521846428901074,0.418,0.297,2.9187329174397e-10,"5","LRPAP1"
1.43889801789181e-14,0.705173625823764,0.445,0.34,3.46961479054252e-10,"5","TNFRSF1A"
1.46697130778667e-14,0.636358576356101,0.368,0.256,3.537307914466e-10,"5","NBPF26"
2.78937031691202e-14,0.561588966028073,0.492,0.386,6.72600864516996e-10,"5","SEC62"
3.79847365867339e-14,0.565922991197343,0.523,0.424,9.15925953315916e-10,"5","DNTTIP2"
4.85424421449207e-14,0.539845781236704,0.362,0.25,1.17050390744047e-09,"5","IRF7"
1.1907673503717e-13,0.634228212332886,0.316,0.214,2.87129731195127e-09,"5","SQOR"
1.29516683463607e-13,0.607531714157316,0.29,0.188,3.12303578835796e-09,"5","ARIH1"
1.45993248212041e-13,0.633126001364459,0.342,0.238,3.52033519413694e-09,"5","NCOR2"
2.57089946540904e-13,0.584624504589042,0.374,0.267,6.19920988094081e-09,"5","SYF2"
2.96984872833665e-13,0.662144405883008,0.296,0.197,7.16119623863816e-09,"5","SH3BP2"
3.01448331326434e-13,0.620388306816866,0.364,0.26,7.2688236132743e-09,"5","CHMP2A"
3.23392884344112e-13,0.561337384365409,0.4,0.291,7.79797262018958e-09,"5","BCL3"
3.27379843272491e-13,0.606950301760734,0.317,0.215,7.89411016082958e-09,"5","FNDC3A"
3.79867044674336e-13,0.868004414535956,0.493,0.414,9.15973404823227e-09,"5","IER5"
7.49113123349576e-13,0.684179846113658,0.285,0.191,1.80633647433283e-08,"5","RPS10"
8.76352330378763e-13,0.566203668369207,0.468,0.372,2.11314837424231e-08,"5","EVI2B"
9.85711956803568e-13,0.660529637408865,0.266,0.173,2.37684724144044e-08,"5","STK40"
1.75774161170582e-12,0.51676691013978,0.426,0.322,4.23844234830625e-08,"5","GAA"
2.04161368486378e-12,0.54094466894144,0.469,0.369,4.92294307831204e-08,"5","EMD"
2.86205658963858e-12,0.698353763676205,0.252,0.163,6.9012770545955e-08,"5","CLIP1"
3.70175846939937e-12,0.924953055509332,0.373,0.281,8.9260501972627e-08,"5","TFRC"
4.04779375492972e-12,0.632531694998142,0.29,0.196,9.76044508126204e-08,"5","ARAP1"
4.34457686184895e-12,0.580114723217735,0.432,0.333,1.04760781869764e-07,"5","PNPLA8"
4.64924786687491e-12,0.554746935086259,0.361,0.26,1.12107313813955e-07,"5","APP"
4.80587006140673e-12,0.889989383254502,0.254,0.169,1.158839447907e-07,"5","SLC25A19"
4.92288273898789e-12,0.863841901466322,0.313,0.222,1.18705471485215e-07,"5","SLC16A10"
5.29068287738362e-12,0.580642805431997,0.347,0.248,1.27574236222351e-07,"5","KCTD20"
6.78757177441616e-12,0.559280034226346,0.268,0.177,1.63668718196497e-07,"5","UBE2S"
7.09962101363822e-12,0.880641409714001,0.744,0.722,1.71193161501858e-07,"5","HSPA1B"
7.15056751747158e-12,0.656270544245263,0.296,0.203,1.72421634548792e-07,"5","SH3KBP1"
1.07548109328414e-11,0.652780964788613,0.284,0.194,2.59330756023605e-07,"5","POLE4"
1.42622904437859e-11,0.548833455723274,0.293,0.198,3.4390660947101e-07,"5","ADAM9"
1.95819260209971e-11,0.605965462397198,0.281,0.191,4.72178982144302e-07,"5","DAP"
2.2731197293632e-11,0.511617184503503,0.333,0.235,5.48117360341349e-07,"5","ANKRD11"
2.39060356164591e-11,0.595504059629815,0.341,0.248,5.76446236819678e-07,"5","ZNHIT1"
2.6288071850473e-11,0.519950632965943,0.262,0.173,6.33884276530456e-07,"5","IGF2R"
2.77221691077561e-11,0.588426748484446,0.308,0.216,6.68464663695323e-07,"5","RBMS1"
2.8488106532582e-11,0.632463556243358,0.291,0.202,6.86933712820151e-07,"5","PNPLA2"
3.55608533175485e-11,0.783289827973059,0.303,0.221,8.57478856046047e-07,"5","P4HA1"
3.84579987681335e-11,0.549782287833919,0.327,0.233,9.27337724296002e-07,"5","ERGIC1"
3.9030579546568e-11,0.601127308747796,0.482,0.404,9.41144364606394e-07,"5","FCGR3A"
4.62572296522287e-11,0.574055630534797,0.372,0.277,1.11540057860419e-06,"5","RABGEF1"
6.02691289077964e-11,0.636550134201894,0.252,0.167,1.4532695053537e-06,"5","TBC1D1"
6.17369562895387e-11,0.638850835353926,0.257,0.173,1.48866322700965e-06,"5","CARD19"
8.36335465191379e-11,0.655183673584888,0.434,0.35,2.01665570721597e-06,"5","CACYBP"
8.69262454832809e-11,0.539289610018441,0.352,0.255,2.09605255733835e-06,"5","ACTN1"
1.05200235497746e-10,0.581346979117364,0.273,0.186,2.53669327855715e-06,"5","CYB5R4"
1.07898107667552e-10,0.653383102698353,0.266,0.181,2.60174707018769e-06,"5","GRK2"
1.10521941129471e-10,0.600675652621859,0.26,0.175,2.66501556645494e-06,"5","GAB2"
1.30349349300065e-10,0.608924469548285,0.288,0.2,3.14311385967246e-06,"5","ZBTB7A"
2.82011583285838e-10,0.575608097420488,0.311,0.224,6.80014530777142e-06,"5","CASP4"
5.43038753159695e-10,0.601335519649333,0.267,0.186,1.30942934549397e-05,"5","MEF2D"
5.68896627463667e-10,0.52369301241151,0.304,0.219,1.37178043780314e-05,"5","MIR4435-2HG"
5.75898636995345e-10,0.58505855136054,0.351,0.264,1.38866438338687e-05,"5","PHLDA1"
6.60948287645794e-10,0.538290591134739,0.318,0.231,1.5937446060003e-05,"5","DHRS7"
6.91949629110618e-10,0.591239436006454,0.302,0.218,1.66849814067443e-05,"5","SIPA1L1"
8.13857016851537e-10,0.514768730543412,0.522,0.443,1.96245342473411e-05,"5","BZW1"
1.03663839709896e-09,0.593593501995423,0.306,0.224,2.49964616692472e-05,"5","RAB5IF"
1.35753804892687e-09,0.514412198114365,0.261,0.179,3.27343149737736e-05,"5","P2RX4"
2.24889225934582e-09,0.550494330560102,0.252,0.172,5.42275390496057e-05,"5","PPFIA1"
2.95768001413784e-09,0.593878336300951,0.286,0.207,7.13185381809058e-05,"5","LEPROT"
3.00480055267563e-09,0.564523994362406,0.255,0.178,7.24547557266675e-05,"5","RAB24"
4.5715304174275e-09,0.504650880490769,0.34,0.255,0.000110233312955429,"5","FAAP20"
8.70804413320862e-09,0.6621251316198,0.722,0.729,0.00020997706818406,"5","HSPH1"
8.95268285229107e-09,0.517058415717607,0.846,0.85,0.000215876041617295,"5","UBB"
1.23628729002477e-08,0.676952570029108,0.778,0.791,0.000298105954243674,"5","CTSZ"
3.30745393270398e-08,0.554198634985394,0.285,0.21,0.000797526366792911,"5","ZFC3H1"
5.58678014104071e-08,0.517852137124227,0.252,0.181,0.00134714029540915,"5","KXD1"
1.3456658558841e-07,0.631212811423864,0.33,0.259,0.00324480407829333,"5","NCF1"
4.10110840627927e-07,0.543227271048669,0.277,0.21,0.00988900270006121,"5","NXF1"
4.12594162420177e-07,0.535032487979669,0.376,0.311,0.00994888303843773,"5","STIP1"
2.84140544344281e-06,0.538353465992166,0.251,0.192,0.0685148094577365,"5","USP3"
5.19571248558559e-06,0.642342768004352,0.676,0.699,0.125284215164925,"5","HSPE1"
8.87080916052238e-06,0.716891097041917,0.448,0.406,0.213901821287676,"5","FCGR2B"
9.36370479671749e-06,0.511477760000772,0.264,0.205,0.225787013763249,"5","OTUD1"
2.87826708275342e-05,0.736137333071138,0.4,0.358,0.694036541664331,"5","VSIG4"
6.53120443742741e-05,0.754226708607201,0.256,0.21,1,"5","PMP22"
2.65331222846949e-292,1.7540922425654,1,0.995,6.39793177650848e-288,"6","MALAT1"
6.41870577748892e-249,2.23605710805085,0.522,0.112,1.5477425241259e-244,"6","CCL5"
9.79013108721609e-236,3.3490024955679,0.28,0.032,2.36069430906042e-231,"6","CD3E"
5.56747496616026e-218,1.88703811116206,0.549,0.136,1.34248523859022e-213,"6","IL7R"
1.5509670490271e-206,2.32412750002302,0.473,0.109,3.73984684531905e-202,"6","IL32"
3.84335205542116e-200,2.23086031558975,0.504,0.126,9.26747481123705e-196,"6","CD69"
4.51454669519632e-188,1.31575366934357,0.99,0.936,1.08859264461269e-183,"6","MT-ND5"
4.91683042372659e-188,1.91716557944191,0.792,0.367,1.18559532007319e-183,"6","SRSF7"
2.51471303849819e-168,1.34789155617915,0.995,0.965,6.0637275497307e-164,"6","MT-ND4L"
1.71677285207385e-163,1.3140331727874,0.992,0.939,4.13965437820567e-159,"6","MT-ND2"
9.7976706191352e-162,1.27932756068612,0.998,0.976,2.36251231639207e-157,"6","MT-CYB"
2.67172258829203e-161,1.28235028308437,0.998,0.968,6.44232467714857e-157,"6","MT-ND1"
8.52983043845734e-160,1.19642398841503,0.999,0.987,2.05679801362522e-155,"6","MT-CO1"
4.40984717371835e-158,1.74537252395246,0.884,0.601,1.06334644899871e-153,"6","FUS"
5.64814740768545e-156,1.25590232099,0.997,0.975,1.36193778441519e-151,"6","MT-ATP6"
6.2064195730386e-151,1.65549509478201,0.84,0.53,1.4965539516468e-146,"6","RSRP1"
4.08269334523854e-148,1.21733976091582,0.995,0.977,9.84459846337369e-144,"6","MT-CO3"
2.03289078912472e-146,1.41174186415907,0.985,0.925,4.90190955981643e-142,"6","MT-ATP8"
1.24681607200289e-140,1.74081855710281,0.994,0.953,3.00644759442056e-136,"6","NEAT1"
1.15708710203377e-133,1.13090253666854,0.995,0.973,2.79008412913404e-129,"6","MT-ND4"
5.94250567304517e-124,1.07663509834915,0.998,0.985,1.43291639294138e-119,"6","MT-CO2"
8.55487205817943e-122,1.8284959881762,0.693,0.381,2.06283629938881e-117,"6","SLC38A2"
9.34340161142545e-121,1.12130945557373,0.995,0.959,2.25297443056302e-116,"6","MT-ND3"
2.55797052489988e-120,1.67478471906792,0.8,0.572,6.16803432669109e-116,"6","CCNL1"
5.45506301527416e-117,1.43097761030434,0.861,0.501,1.31537934487306e-112,"6","TNFAIP3"
6.89982517304165e-109,1.21164207784602,0.862,0.683,1.66375484397553e-104,"6","RBM39"
2.65886831168248e-98,1.16779269017423,0.83,0.658,6.41132915995997e-94,"6","SON"
1.33047970081304e-89,1.00360381928421,0.976,0.928,3.20818570257048e-85,"6","HNRNPA2B1"
3.27693271084747e-82,1.05916900082467,0.879,0.608,7.9016678456665e-78,"6","ZFP36L2"
5.16171234331711e-82,1.03117605529251,0.916,0.632,1.24464369734406e-77,"6","JUN"
2.00334133387907e-66,1.31903273091678,0.561,0.304,4.8306569583826e-62,"6","TAGAP"
3.96965941195386e-63,1.20875701333372,0.638,0.417,9.57203974004435e-59,"6","MBNL1"
1.77783335760269e-59,1.09128251789506,0.859,0.741,4.28688957518738e-55,"6","HNRNPU"
9.94133090901946e-59,0.981700138803205,0.914,0.714,2.39715312209186e-54,"6","HSPH1"
1.96395881288506e-54,1.84311156583795,0.402,0.211,4.73569388550975e-50,"6","TSPYL2"
3.70125705610918e-54,1.13860907980522,0.935,0.858,8.92484113939606e-50,"6","SQSTM1"
6.93741067924529e-54,1.96053973434336,0.429,0.247,1.67281783708642e-49,"6","ALB"
3.97869189585975e-53,1.10540542029172,0.644,0.426,9.59381976848661e-49,"6","BTG2"
8.34310472912335e-53,1.26272375434333,0.644,0.546,2.01177284333351e-48,"6","AFF4"
9.03177241125114e-53,1.47185750826159,0.509,0.344,2.17783128152499e-48,"6","ARGLU1"
3.18277593886077e-52,1.79047487753907,0.312,0.137,7.67462762137497e-48,"6","NKTR"
6.88090639256815e-52,1.9874693828344,0.493,0.329,1.65919295843996e-47,"6","IFRD1"
7.58226554206901e-47,0.658770921927348,0.966,0.919,1.8283116901591e-42,"6","DDX5"
1.72399160335077e-46,1.31695041873298,0.278,0.112,4.15706095315972e-42,"6","TUBA4A"
3.05383899198713e-45,0.931161882301323,0.784,0.64,7.36372196137857e-41,"6","SFPQ"
3.78742511585821e-45,1.18082432048729,0.631,0.448,9.1326181818689e-41,"6","BRD2"
6.51953113139308e-45,1.45647274416698,0.542,0.418,1.57205454171281e-40,"6","CLK1"
6.78336220928624e-45,1.60597895696396,0.381,0.209,1.63567212952519e-40,"6","MACF1"
7.79386282217211e-45,1.83439642492896,0.285,0.128,1.87933414231036e-40,"6","RALGAPA1"
1.28408713038254e-44,0.924217926055165,0.718,0.537,3.09631929749141e-40,"6","IER2"
4.19527871936251e-44,1.85755252665921,0.333,0.172,1.01160755759988e-39,"6","LINC-PINT"
1.26272037312127e-43,0.797552347177491,0.948,0.839,3.04479763570731e-39,"6","KLF6"
1.55134609165302e-43,1.22291289309165,0.561,0.371,3.74076083080293e-39,"6","ADGRE5"
1.92364668741935e-43,0.91240490858158,0.832,0.719,4.63848925737428e-39,"6","REL"
3.52366358684726e-43,1.55944590254301,0.42,0.259,8.49661000696481e-39,"6","TRA2A"
1.26881275164576e-42,1.50315978911526,0.48,0.325,3.05948818804343e-38,"6","RNF213"
2.93126110783226e-42,1.47365312013577,0.521,0.391,7.06814990931593e-38,"6","TRA2B"
6.06746455721465e-42,1.04090383511178,0.681,0.641,1.46304772868117e-37,"6","WSB1"
1.15532785313011e-41,1.19982034860855,0.504,0.314,2.78584205225262e-37,"6","IDS"
5.13790468005458e-39,0.907401912551073,0.627,0.433,1.23890295550156e-34,"6","STK17B"
3.60559210659693e-38,1.07316974487658,0.552,0.375,8.69416424663717e-34,"6","DDX24"
3.74628242185465e-38,1.9203656824792,0.288,0.14,9.03341080381812e-34,"6","ERO1B"
1.94101173911264e-37,0.732844236351951,0.831,0.668,4.68036160652232e-33,"6","PTPRC"
2.14977201025579e-35,1.69819003934169,0.277,0.139,5.18374524832978e-31,"6","EML4"
3.47869105992374e-35,1.22890954317017,0.451,0.3,8.38816775279411e-31,"6","KMT2E"
3.79843286265755e-35,1.35598112989336,0.472,0.338,9.15916116172616e-31,"6","NUFIP2"
4.71188378142627e-35,0.818757291178494,0.695,0.56,1.13617653621532e-30,"6","SRSF5"
1.57065471837317e-34,1.41050893189795,0.445,0.309,3.78731972241323e-30,"6","IVNS1ABP"
1.58152960381989e-34,1.57203891186076,0.381,0.234,3.81354233369091e-30,"6","SLC20A1"
2.0306466745042e-34,1.25839169177721,0.644,0.535,4.89649832623197e-30,"6","DNAJB6"
1.68490287254445e-33,1.46626640133711,0.354,0.212,4.06280629656643e-29,"6","N4BP2L2"
3.70514187040373e-33,1.22088792561302,0.602,0.519,8.93420859210451e-29,"6","AC020916.1"
3.94572148298356e-33,0.679081861799683,0.947,0.882,9.51431821191826e-29,"6","MCL1"
9.16818260679996e-33,1.39245146317305,0.365,0.221,2.21072387197768e-28,"6","FNBP4"
1.34164720421376e-32,0.586669499535845,0.333,0.163,3.23511390352065e-28,"6","IFITM1"
1.59421891116108e-32,1.5403345712955,0.449,0.321,3.84414006048271e-28,"6","CHORDC1"
3.11369503276858e-32,1.07771118954867,0.613,0.567,7.50805283251487e-28,"6","SRRM2"
1.28380670089108e-31,1.41031965397759,0.392,0.252,3.09564309785865e-27,"6","ERN1"
1.58081606123781e-31,0.996842521872006,0.618,0.508,3.81182176846273e-27,"6","DDX3X"
2.44476897292808e-31,1.30814660417701,0.44,0.313,5.89507142442148e-27,"6","HNRNPH1"
3.21791367531122e-31,1.31406862398112,0.455,0.332,7.75935524527793e-27,"6","USP15"
4.40976840261543e-31,1.05775994043657,0.774,0.665,1.06332745492266e-26,"6","CD44"
5.05568285882397e-31,0.830993577773678,0.662,0.552,1.21907680774822e-26,"6","PRRC2C"
5.45381242037642e-31,0.751270935512352,0.777,0.699,1.31507778892537e-26,"6","EIF4G2"
3.11629157156511e-30,1.20610766188943,0.513,0.425,7.51431386651494e-26,"6","STAT3"
1.00288862593769e-29,0.761124413918944,0.902,0.744,2.41826534372355e-25,"6","HSPD1"
4.32652618549135e-29,1.31284301228194,0.408,0.282,1.04325525910753e-24,"6","PNISR"
5.17304111647712e-29,1.13919529197443,0.489,0.367,1.24737540441613e-24,"6","SF1"
5.20593475938254e-29,0.774583173947384,0.784,0.698,1.25530704852991e-24,"6","AKAP13"
6.45539901614835e-29,1.13117896770427,0.506,0.381,1.55659036476385e-24,"6","NFKBIZ"
1.68787059866631e-28,1.8429414099515,0.257,0.136,4.06996237456408e-24,"6","INTS6"
2.21389343708274e-28,0.738630780604608,0.738,0.605,5.3383612448376e-24,"6","AHNAK"
2.49115233111238e-28,1.43252829280662,0.389,0.261,6.00691561601127e-24,"6","NABP1"
2.89153227922614e-28,1.63176188895768,0.334,0.207,6.97235178489799e-24,"6","MAPRE2"
4.48855346951173e-28,1.44998107671373,0.281,0.155,1.08232489810336e-23,"6","RBM5"
1.08131335721257e-27,1.45733698892596,0.25,0.129,2.60737089824667e-23,"6","DIP2B"
2.48921245721706e-27,0.84997208689849,0.59,0.459,6.00223799808749e-23,"6","SRSF2"
3.69375081333882e-27,1.2608366210999,0.369,0.24,8.90674133620391e-23,"6","SMG1"
4.13554269360686e-27,0.534385158586965,0.847,0.682,9.97203409709421e-23,"6","TSC22D3"
1.33596490503704e-26,1.19872133283442,0.532,0.455,3.22141217551582e-22,"6","DYNC1H1"
7.50751610098407e-26,1.23527568503834,0.478,0.386,1.81028735743029e-21,"6","CCNH"
1.39392678627397e-25,1.2002107400084,0.451,0.349,3.36117565974243e-21,"6","CHD2"
1.82222671296568e-25,0.771806224604161,0.653,0.588,4.39393527297415e-21,"6","HNRNPDL"
2.60404076067294e-25,1.34293227958007,0.468,0.377,6.27912348621067e-21,"6","DDX3Y"
2.62458658307862e-25,0.915314464101276,0.449,0.303,6.32866562777749e-21,"6","STK4"
3.76495130338583e-25,0.72734445920907,0.891,0.73,9.07842707785426e-21,"6","NR4A2"
4.10629719427476e-25,0.998346492495618,0.552,0.494,9.90151442455472e-21,"6","TCF25"
7.13076596583678e-25,1.22770533174314,0.401,0.283,1.71944159734222e-20,"6","PPP1R10"
2.08975579918547e-24,1.28703532799533,0.386,0.265,5.03902815857592e-20,"6","SMCHD1"
2.58744718052637e-24,1.42657236486806,0.287,0.171,6.23911138640325e-20,"6","PRPF4B"
7.46007279415717e-24,1.34764721595589,0.281,0.164,1.79884735285512e-19,"6","BTAF1"
3.31656681374284e-23,0.617120501974876,0.619,0.46,7.99723755797812e-19,"6","YPEL5"
2.26596084048621e-22,1.24690771039799,0.381,0.275,5.46391137466439e-18,"6","GOLGB1"
3.71993917512735e-22,1.16802379970762,0.402,0.292,8.96988933298458e-18,"6","TSC22D2"
1.17045392744145e-21,0.568097571800466,0.91,0.831,2.82231555523956e-17,"6","FOSB"
1.98645586592403e-21,1.07191151813961,0.524,0.464,4.78994102950262e-17,"6","MAT2A"
3.85631746503454e-21,1.24738546066749,0.335,0.226,9.2987383034378e-17,"6","LUC7L3"
4.20775414605391e-21,0.947741433723292,0.617,0.611,1.01461575723798e-16,"6","SPAG9"
1.4757398701045e-20,1.2790863425388,0.268,0.161,3.55845154878297e-16,"6","RBM6"
3.06884553333109e-20,1.24782112298727,0.341,0.235,7.39990723452126e-16,"6","IL6ST"
2.13704552831172e-19,1.28745423502077,0.293,0.189,5.15305788241806e-15,"6","ASH1L"
2.8492080563791e-19,1.29681670071285,0.393,0.299,6.87029538634692e-15,"6","YME1L1"
6.80606159542063e-19,1.20994018657259,0.356,0.257,1.64114563250378e-14,"6","PIK3R1"
9.986865578708e-19,1.20207142597334,0.3,0.197,2.40813289699386e-14,"6","ARID4B"
1.33699753387663e-18,0.605723872134226,0.763,0.717,3.22390215343673e-14,"6","EIF5"
2.43658551468992e-18,1.45405428441732,0.304,0.204,5.87533865157179e-14,"6","IDI1"
2.46774083731414e-18,1.0177189937346,0.398,0.304,5.95046348101558e-14,"6","VPS13C"
7.17012288784076e-18,1.21507440326274,0.358,0.267,1.72893173194504e-13,"6","VPS37B"
1.01980269233923e-17,1.18581311315115,0.309,0.209,2.45905023203758e-13,"6","ZFC3H1"
1.10242496451247e-17,1.16462903295359,0.356,0.264,2.65827731692892e-13,"6","SRSF10"
1.10266715989678e-17,1.08664979604594,0.374,0.282,2.65886132265911e-13,"6","ITSN2"
1.42728897518351e-17,1.09613322814185,0.479,0.408,3.44162190586e-13,"6","MT-ND6"
3.80285964355238e-17,1.06699637899144,0.414,0.345,9.16983545849785e-13,"6","SRSF11"
3.78685147870029e-16,1.36208788070749,0.497,0.44,9.13123497059002e-12,"6","RANBP2"
4.27883630091316e-16,1.1559444990973,0.367,0.292,1.03175579723919e-11,"6","TAF1D"
5.52188822169258e-16,0.999120084948708,0.475,0.435,1.33149290689673e-11,"6","CELF2"
9.1251032344327e-16,0.966745837242887,0.466,0.406,2.20033614291876e-11,"6","EIF4A2"
9.73307647119123e-16,0.971518275161452,0.462,0.412,2.34693672949834e-11,"6","SF3B1"
1.14479168493966e-15,1.25546512120437,0.254,0.164,2.76043618989501e-11,"6","OGT"
1.49803391427017e-15,0.529267568328502,0.534,0.411,3.61220917747965e-11,"6","IRF1"
3.44870549278324e-15,0.972765410735996,0.433,0.38,8.31586355474822e-11,"6","EWSR1"
5.66545927042257e-15,1.20766582606911,0.286,0.197,1.36611219387699e-10,"6","GLS"
6.15452737165397e-15,1.23219982888953,0.386,0.309,1.48404118512692e-10,"6","NFKBID"
6.77689593486488e-15,1.05856777808398,0.335,0.25,1.63411291677397e-10,"6","PNN"
1.8601330174194e-14,1.24343233653801,0.264,0.178,4.48533874490339e-10,"6","RLF"
2.86194023708248e-14,1.10218795810306,0.271,0.183,6.90099649367698e-10,"6","ATG16L2"
5.76030526242838e-14,1.22732223581836,0.348,0.271,1.38898240792935e-09,"6","FMN1"
7.28843704843787e-14,1.23664330544259,0.389,0.322,1.75746082548982e-09,"6","USP36"
1.2193271537875e-13,0.577766999316952,0.752,0.71,2.9401635659278e-09,"6","NCL"
1.95143925954127e-13,1.20410542783365,0.305,0.224,4.70550548653186e-09,"6","UTRN"
2.33636960353657e-13,1.23841764167067,0.316,0.237,5.63368802500773e-09,"6","POLR2A"
3.44623148033825e-13,0.986865210478325,0.389,0.325,8.30989796853962e-09,"6","GPBP1"
3.88490100430166e-13,1.15068451926199,0.299,0.219,9.3676617916726e-09,"6","NASP"
6.35299327121415e-13,1.07419897216268,0.29,0.209,1.53189726748787e-08,"6","NXF1"
6.65009663678563e-13,0.832580898345778,0.468,0.434,1.60353780202812e-08,"6","DDX17"
7.41254752430071e-13,1.01907236817612,0.351,0.279,1.78738758453463e-08,"6","CYTH1"
1.56965861998868e-12,1.07469546095324,0.313,0.238,3.78491783037871e-08,"6","YTHDC1"
1.64154689118418e-12,0.960230019804888,0.424,0.373,3.95826201871242e-08,"6","IL10RA"
7.56019751526244e-12,1.05553874984462,0.271,0.192,1.82299042685523e-07,"6","IPMK"
1.40408132497097e-11,0.899695094204315,0.401,0.347,3.3856612989025e-07,"6","RSRC2"
1.53680943570326e-11,0.841785589241931,0.527,0.53,3.70570859231128e-07,"6","SKIL"
2.93460759324435e-11,0.968773476943366,0.423,0.388,7.07621928959009e-07,"6","ZNF207"
3.83442445321778e-11,1.14601030288117,0.278,0.206,9.24594768404404e-07,"6","MYLIP"
6.00606316995473e-11,0.99139720417432,0.347,0.284,1.44824201217118e-06,"6","DDX39B"
1.53763373721274e-10,0.886138955607313,0.425,0.388,3.70769623054109e-06,"6","RBM25"
1.68146357607413e-10,0.934198332881309,0.362,0.305,4.05451312098756e-06,"6","ANKRD12"
2.81789617431525e-10,0.899695094204314,0.437,0.4,6.79479304512637e-06,"6","PLK3"
4.96245186908307e-10,0.970210537314193,0.321,0.258,1.196596019192e-05,"6","NR3C1"
6.68211391192277e-10,0.812351647657147,0.488,0.472,1.61125812758194e-05,"6","VMP1"
1.20640078506721e-09,1.07709134507776,0.295,0.229,2.90899421303257e-05,"6","PRMT9"
1.56158305562138e-09,0.968923766328455,0.303,0.238,3.76544522201983e-05,"6","PPP1R2"
2.88899490051731e-09,1.24372316733828,0.253,0.189,6.96623340361739e-05,"6","SNHG12"
3.01428684336614e-09,0.993070457678656,0.288,0.223,7.26834986540878e-05,"6","PCF11"
3.05646940679654e-09,0.920880424094943,0.264,0.197,7.3700646806085e-05,"6","SPEN"
3.12335685884364e-09,0.939548107202219,0.263,0.197,7.53135039372966e-05,"6","NUP98"
4.48358199262338e-09,0.888537304319793,0.392,0.352,0.000108112612588127,"6","SRGAP2"
4.63009163878674e-09,1.12240644889917,0.328,0.271,0.000111645399686065,"6","SLC7A5"
5.34924197402063e-09,1.01813655150185,0.255,0.191,0.00012898627171956,"6","ARIH1"
5.40128782033517e-09,1.01925656944561,0.351,0.298,0.000130241253211742,"6","PPP1R15B"
1.22905608766532e-08,0.814479091970467,0.318,0.259,0.00029636229441874,"6","KMT2C"
1.45725412479477e-08,0.968895060906431,0.293,0.235,0.000351387687111763,"6","SSH2"
1.57768435111243e-08,0.944508175389696,0.255,0.195,0.00038042702758374,"6","SAFB"
1.68342607726076e-08,0.712494393845882,0.525,0.53,0.000405924530009887,"6","JMJD1C"
1.74264624636353e-08,0.66284850020672,0.58,0.638,0.000420204289385639,"6","HNRNPA3"
2.52702474663384e-08,0.93986148026624,0.25,0.191,0.000609341477155817,"6","FAM133B"
3.7816544512062e-08,0.904410644205342,0.274,0.214,0.00091187033781935,"6","SNX29"
3.95013084599682e-08,0.880293848339426,0.338,0.283,0.000952495050895213,"6","RUNX1"
5.21142596202159e-08,0.972939083528196,0.264,0.205,0.00125663114222227,"6","TGFBR2"
5.49307025370431e-08,0.881746955149662,0.271,0.213,0.00132454403027572,"6","SRSF4"
6.7713758009475e-08,0.87635304810872,0.548,0.576,0.00163278184688247,"6","ZEB2"
7.61579626572423e-08,0.670188147911204,0.626,0.697,0.00183639695355408,"6","MAP3K8"
7.83831723044862e-08,0.766436678147968,0.346,0.291,0.00189005343377808,"6","ZC3HAV1"
8.53400942916639e-08,0.962156225096402,0.301,0.248,0.00205780569365489,"6","AC004687.1"
1.00688631237775e-07,0.623692741359077,0.297,0.227,0.00242790496503647,"6","IL2RG"
1.07530372123754e-07,0.840943549595503,0.294,0.238,0.00259287986302009,"6","ANKRD11"
1.14554299299065e-07,1.08499819680554,0.281,0.224,0.00276224781899836,"6","DNAJA4"
1.32747962013739e-07,0.949352980511626,0.313,0.264,0.00320095160803729,"6","AKAP9"
1.34132972065903e-07,0.721331804231073,0.476,0.464,0.00323434835542512,"6","CHD1"
1.43890382874297e-07,0.814464701069265,0.304,0.245,0.00346962880224792,"6","NDEL1"
1.77771766536129e-07,0.903980330149636,0.315,0.263,0.00428661060648567,"6","DMXL2"
2.24724321131169e-07,0.870240183675503,0.262,0.205,0.00541877755543589,"6","RC3H1"
2.31750078138193e-07,0.988246047189797,0.417,0.401,0.00558818963414624,"6","NEU1"
2.39938888092957e-07,0.883967884959316,0.272,0.217,0.00578564640858546,"6","NOTCH2NLA"
2.52057803389298e-07,0.869073478463001,0.355,0.313,0.00607786981312613,"6","FNIP1"
3.13548357675336e-07,0.731423611614516,0.454,0.407,0.00756059154862538,"6","SAMSN1"
4.34279210714624e-07,0.919954836360209,0.278,0.229,0.0104717746079617,"6","RELB"
5.1148185347239e-07,0.869878799867965,0.369,0.339,0.0123333619327797,"6","MBP"
1.04265377021335e-06,0.946453192714609,0.273,0.227,0.0251415103611544,"6","ANKHD1"
1.20607811349918e-06,0.791194305974134,0.365,0.337,0.0290821615508057,"6","HP1BP3"
1.26031628377108e-06,0.783229824202243,0.351,0.307,0.030390006550572,"6","ATP2B1-AS1"
1.46746207264446e-06,0.909710372474182,0.257,0.206,0.0353849129576758,"6","ZBTB1"
1.54777528248868e-06,0.791302596909944,0.425,0.396,0.0373215053866494,"6","GPCPD1"
1.55467245453063e-06,0.785765417872309,0.307,0.261,0.0374878168960971,"6","FOXP1"
1.75634853832353e-06,0.76381757358968,0.272,0.222,0.0423508323045952,"6","AFF1"
2.17157219893114e-06,0.891001753493036,0.305,0.268,0.0523631204328265,"6","UBAP1"
2.77648955422656e-06,0.807028846026082,0.271,0.223,0.0669494926210651,"6","PCM1"
3.04671023332613e-06,0.843349026959525,0.284,0.242,0.073465323856193,"6","HNRNPH3"
3.06216791001328e-06,0.826602045856356,0.344,0.311,0.0738380548141501,"6","ADAM17"
3.56898694367806e-06,0.562046390001233,0.61,0.663,0.0860589821729091,"6","HNRNPC"
5.61395991434213e-06,0.96887638765972,0.389,0.37,0.135369415414532,"6","STX4"
5.74247901045324e-06,0.9048217820252,0.262,0.217,0.138468396379059,"6","TAF7"
8.06025192172457e-06,0.838321343768647,0.294,0.252,0.194356854588545,"6","CDC42EP3"
8.7782828082314e-06,0.897609520959454,0.251,0.204,0.211670733354884,"6","ATP6V0A1"
9.85888651735187e-06,0.924200057712963,0.274,0.233,0.237727330592906,"6","TUT7"
1.10134066030735e-05,0.893422497188785,0.253,0.208,0.26556627341991,"6","PAG1"
1.41414327300729e-05,0.563728881104402,0.611,0.555,0.340992367420249,"6","ZNF331"
1.53101027518092e-05,0.883055138080892,0.479,0.503,0.369172507654375,"6","ELL2"
1.5575191660551e-05,0.921407975583941,0.28,0.238,0.375564596510866,"6","SLC8B1"
1.94703049633093e-05,0.81489376137457,0.316,0.286,0.469487463580278,"6","BCLAF1"
2.09949588141267e-05,0.885136998514145,0.271,0.235,0.506251441885037,"6","FAM177A1"
2.23508418762937e-05,0.746506305158611,0.342,0.31,0.53894585016307,"6","MEF2A"
2.27742825780557e-05,1.13834692953987,0.28,0.25,0.549156275804657,"6","MED29"
2.28959901071711e-05,0.828964615887492,0.296,0.263,0.552091009454216,"6","EPC1"
3.99249041415107e-05,0.719647454080382,0.53,0.581,0.962709213564248,"6","RASGEF1B"
5.14903662104146e-05,0.714340052192396,0.32,0.285,1,"6","ANKRD10"
5.63981434598422e-05,0.57500223920137,0.383,0.357,1,"6","KLF2"
5.93108937413297e-05,0.926248513245631,0.281,0.246,1,"6","MIR181A1HG"
6.23952488510591e-05,0.687842957493491,0.456,0.477,1,"6","MYO9B"
7.92867491980008e-05,0.565608124152368,0.487,0.526,1,"6","SRSF3"
8.86358430181061e-05,0.858562132082834,0.535,0.586,1,"6","ITGAX"
0.000100703408173783,0.807158972104556,0.27,0.238,1,"6","STK10"
0.000114401151613904,0.806871061199559,0.338,0.315,1,"6","MCTP1"
0.0001858800679867,0.780782787227687,0.33,0.313,1,"6","DPYD"
0.000192964440670784,0.780091279215763,0.324,0.3,1,"6","JARID2"
0.000265556082410539,0.766229076702213,0.262,0.23,1,"6","SLTM"
0.000292750357840948,0.762956520122825,0.284,0.25,1,"6","ITPR2"
0.000365404774046519,0.821142822251478,0.259,0.231,1,"6","MYCBP2"
0.000412326830983177,0.87607426984744,0.49,0.571,1,"6","NAPA"
0.000473740479319658,0.684495700093021,0.31,0.285,1,"6","COPA"
0.000490815199729244,0.75141334071678,0.293,0.266,1,"6","CIITA"
0.000615046470687776,0.763706409854236,0.251,0.221,1,"6","PRKAG2"
0.000790862439786533,0.661929866471511,0.356,0.35,1,"6","RB1"
0.000821847652803297,0.740680794143199,0.258,0.227,1,"6","LINC01578"
0.000850268419877225,0.75976483305984,0.268,0.241,1,"6","GOLGA4"
0.000893255045070172,0.705300234311959,0.316,0.302,1,"6","MYO1F"
0.00113600867811021,0.750594012426226,0.25,0.221,1,"6","FNDC3A"
0.00119447476767474,0.798954664808116,0.255,0.233,1,"6","DDX46"
0.00134876532348994,0.704126621055153,0.316,0.294,1,"6","ELMO1"
0.00144011501428126,0.609078805225659,0.383,0.376,1,"6","DAPK1"
0.00193338145971679,0.695551217946136,0.284,0.265,1,"6","NORAD"
0.00200956503471719,0.583553350505863,0.408,0.42,1,"6","PER1"
0.00212421967651907,0.606411786263846,0.427,0.424,1,"6","TNFAIP2"
0.00215901811880958,0.679131312696946,0.27,0.249,1,"6","NFKB2"
0.0024306632635082,0.787392124579522,0.313,0.305,1,"6","ILF3"
0.0030020709756137,0.519740935459457,0.551,0.64,1,"6","RNF149"
0.00316066776251032,0.757117470118475,0.328,0.323,1,"6","JOSD1"
0.00357843170081226,0.658420817531265,0.326,0.319,1,"6","ACAP2"
0.00461042474865567,0.758168111161647,0.465,0.492,1,"6","ABCA1"
0.00554999266447409,0.548373708452561,0.372,0.374,1,"6","BAZ1A"
0.0057277468730294,0.631422311448549,0.328,0.325,1,"6","AMD1"
0.00663851026745331,0.57861714373807,0.271,0.248,1,"6","FCHSD2"
0.00695880392897334,0.709430047113861,0.273,0.262,1,"6","DOCK8"
0.00728599674903332,0.77007880153903,0.255,0.241,1,"6","NIPBL"
0.00766855159436623,0.694575436679711,0.284,0.274,1,"6","PRPF38B"
0.00818190722015558,0.710245355421725,0.254,0.235,1,"6","WASHC2A"
0,3.01126262337237,0.837,0.303,0,"7","HSPA6"
6.42266379702837e-265,2.83560559064551,0.525,0.113,1.54869692137745e-260,"7","FCER1A"
1.26471528978047e-242,1.88005134834536,0.973,0.856,3.04960797824764e-238,"7","HSPA1A"
9.05314583693421e-223,2.1488114406666,0.933,0.708,2.18298505565995e-218,"7","HSPA1B"
1.06020284478455e-187,2.16499915100184,0.809,0.417,2.55646711962899e-183,"7","BAG3"
3.93868994489806e-177,1.97072480508253,0.612,0.208,9.49736306413269e-173,"7","CD1C"
6.15383361056905e-170,1.95886377830902,0.727,0.336,1.48387389851652e-165,"7","CLEC10A"
7.76474842491243e-156,2.14423219039926,0.771,0.393,1.87231378769913e-151,"7","IER5"
1.49821985275793e-154,1.68981689530796,0.906,0.744,3.61265753095521e-150,"7","DNAJB1"
3.18980933503676e-143,2.02361427932508,0.469,0.144,7.69158724957413e-139,"7","CD1E"
1.03088996488897e-136,1.52750969469962,0.885,0.603,2.48578497233679e-132,"7","HSPB1"
3.92189545295799e-124,1.45090300622205,0.732,0.401,9.4568665057176e-120,"7","JAML"
4.239965420744e-120,1.06305286490463,0.965,0.834,1.022382861904e-115,"7","HLA-DQB1"
8.63324940638032e-119,1.354456434389,0.732,0.384,2.08173542936049e-114,"7","FCGR2B"
2.48681452672338e-116,2.24659840438835,0.345,0.095,5.99645586828808e-112,"7","SERPINH1"
5.37558383038551e-114,2.04835261934477,0.36,0.103,1.29621452902086e-109,"7","CD300LB"
5.99355611065209e-108,1.46216064208973,0.856,0.686,1.44522618496154e-103,"7","HSPE1"
5.68742719017731e-105,1.52188784489218,0.65,0.334,1.37140931836746e-100,"7","CACYBP"
1.13412486268189e-100,2.11159324778484,0.316,0.09,2.73471528138483e-96,"7","NKRF"
2.89123734226507e-96,1.94446690626464,0.424,0.157,6.97164060340376e-92,"7","H2AFX"
2.65032360617826e-95,1.8916428897567,0.491,0.209,6.39072531157764e-91,"7","DNAJA4"
2.46389859255713e-94,1.45885675037692,0.458,0.173,5.94119867623301e-90,"7","PLD4"
4.68513471440019e-93,1.60847834075605,0.633,0.337,1.12972653368332e-88,"7","ZFAND2A"
7.91407242969422e-93,1.47247624511096,0.625,0.329,1.90832028497217e-88,"7","MNDA"
1.52764063353094e-91,1.12045993995173,0.724,0.402,3.68359985963316e-87,"7","LGALS2"
9.5049780568914e-89,0.773069334868811,0.665,0.348,2.29193535885822e-84,"7","IL1B"
5.42194493705109e-88,1.9496974570315,0.299,0.089,1.30739358267113e-83,"7","CD1D"
4.22727526570086e-80,1.12397246421211,0.674,0.387,1.01932288481845e-75,"7","CKLF"
6.2644797243192e-80,2.04916895232929,0.29,0.091,1.51055399592509e-75,"7","RTN1"
4.67314534191035e-78,1.56138739067274,0.484,0.221,1.12683553629484e-73,"7","TENT5A"
8.62937756097617e-78,1.61240253626846,0.515,0.249,2.08080181127818e-73,"7","FKBP4"
1.56987951843469e-77,0.523771741842011,0.994,0.971,3.78545048280156e-73,"7","RPS18"
3.71075311288429e-77,0.533591080426587,0.98,0.958,8.94773898109789e-73,"7","RPL37"
1.05802369674804e-74,1.43849372908953,0.557,0.296,2.55121253996855e-70,"7","MRPL18"
4.91388308741353e-74,1.77273223425332,0.395,0.161,1.18488462886803e-69,"7","DNAJB4"
5.12143997886384e-69,1.03553638340254,0.975,0.965,1.23493282210344e-64,"7","HSP90AA1"
2.63035497361449e-64,0.513899372666876,0.955,0.875,6.34257494787661e-60,"7","RPS11"
1.73847210128285e-62,1.54658696357935,0.298,0.108,4.19197777782333e-58,"7","NDRG2"
5.83138110967189e-62,0.550348749740254,0.997,0.962,1.40612092697518e-57,"7","HLA-DPB1"
7.83697924066266e-62,0.504461811668615,0.976,0.903,1.88973080430099e-57,"7","RPL36A"
3.09958480703176e-59,1.71265400990396,0.264,0.092,7.47402884519569e-55,"7","USPL1"
4.88377364269092e-59,0.882633947187572,0.897,0.715,1.17762433846206e-54,"7","HLA-DRB5"
1.55620072439671e-58,1.19450627857046,0.588,0.363,3.75246680673778e-54,"7","TCP1"
1.72140228116234e-57,1.12074591818864,0.618,0.388,4.15081732056675e-53,"7","CD52"
1.80248800112572e-57,1.26246474479664,0.488,0.26,4.34633931711446e-53,"7","AHSA1"
2.5240115037412e-57,0.565968062577774,0.958,0.851,6.08614893897116e-53,"7","HLA-DQA1"
2.78916472772795e-57,0.522617390161514,0.942,0.843,6.72551290797041e-53,"7","RPL31"
4.8433785148967e-57,1.66769865636885,0.344,0.145,1.16788386129704e-52,"7","NRARP"
2.87956285676034e-56,0.738010355843471,0.991,0.978,6.94348991650621e-52,"7","CST3"
1.78082254496822e-55,1.4279700366493,0.309,0.122,4.29409740268186e-51,"7","LRIF1"
1.7896986307535e-55,0.574336681939083,0.936,0.85,4.31550030833592e-51,"7","RPL38"
2.03566145177587e-55,0.864378252215375,0.771,0.587,4.90859045866715e-51,"7","SAMHD1"
2.1543187628357e-54,0.775699882242493,0.731,0.47,5.19470883282571e-50,"7","CORO1A"
2.90748215650886e-54,1.28294960272132,0.45,0.231,7.01081172398982e-50,"7","ETV6"
1.39951118344738e-53,0.954730612971715,0.826,0.721,3.37464131664668e-49,"7","HSPH1"
1.90799063507913e-53,1.14318986045464,0.493,0.26,4.60073781836631e-49,"7","DOK2"
1.04725896510769e-52,0.558783972677501,0.838,0.577,2.52525554256416e-48,"7","LSP1"
1.88266669153455e-52,0.755507573874151,0.521,0.269,4.53967419329726e-48,"7","GPAT3"
5.87356969114956e-52,0.523694041499453,0.934,0.834,1.41629385962689e-47,"7","RPL27A"
2.74807122315676e-51,1.31036692135744,0.42,0.21,6.62642414039789e-47,"7","TSPYL2"
8.18214330408349e-51,0.77470697038901,0.988,0.988,1.97296021491365e-46,"7","UBC"
1.71103766114236e-50,0.895152742071824,0.912,0.845,4.12582511231258e-46,"7","UBB"
2.82785886013531e-50,1.58411332887409,0.291,0.119,6.81881606944429e-46,"7","ALAS1"
1.16666996354045e-49,1.49064398374142,0.387,0.187,2.81319128308509e-45,"7","SNAI1"
1.50205604087657e-48,0.975348470157615,0.524,0.299,3.62190773136568e-44,"7","LIMD2"
1.81508084587773e-48,0.52715016591198,0.887,0.691,4.37670444366496e-44,"7","CTSH"
3.89211094281607e-48,1.01004414610126,0.535,0.316,9.38504711641239e-44,"7","SPINT2"
4.12535033248146e-48,1.12869496036794,0.823,0.75,9.94745725671253e-44,"7","HSPD1"
6.49233913148108e-48,1.03127839978065,0.521,0.306,1.56549773477403e-43,"7","MEF2C"
8.09117229136028e-48,1.21777913062067,0.441,0.239,1.9510243746157e-43,"7","TAF10"
1.22477635537962e-45,1.32258849253831,0.405,0.211,2.95330322572687e-41,"7","ANKRD37"
6.22750364631238e-44,1.5973452259686,0.281,0.12,1.5016379542353e-39,"7","CA2"
1.14920843437271e-42,1.32219564138054,0.318,0.147,2.77108629780292e-38,"7","DEDD2"
1.32895313955153e-42,0.773768194337204,0.932,0.925,3.2045047054006e-38,"7","HSPA8"
4.65621634478395e-41,1.00774071672146,0.403,0.209,1.12275344721775e-36,"7","CLEC4A"
6.7605688940323e-41,1.28245484847391,0.348,0.171,1.63017597741801e-36,"7","UBE2S"
9.96804366880294e-41,1.06166291619165,0.46,0.263,2.40359436985845e-36,"7","PMAIP1"
1.67637721717352e-39,1.04741110328126,0.682,0.51,4.0422483837705e-35,"7","EIF4A3"
6.7958704877963e-39,0.863792183754992,0.525,0.326,1.63868825072232e-34,"7","SNHG5"
8.87650568305338e-39,0.523168682500323,0.936,0.83,2.14039181535466e-34,"7","LYZ"
4.89040919015391e-38,1.70083840655767,0.29,0.136,1.17922436802181e-33,"7","IER5L"
1.38736456801227e-37,0.57026487956474,0.438,0.23,3.34535218284798e-33,"7","ALOX5AP"
1.59420774465004e-37,0.78222734409673,0.697,0.52,3.84411313467464e-33,"7","DYNLL1"
3.93874385436162e-37,0.710064888510114,0.659,0.461,9.49749305602218e-33,"7","PEA15"
1.10966604518283e-36,0.562038619861746,0.901,0.802,2.67573773474935e-32,"7","IFITM3"
1.58608120328531e-36,0.825317637416829,0.52,0.32,3.82451760548188e-32,"7","SNAP23"
2.75560570325689e-36,0.569368391344124,0.584,0.356,6.64459203226335e-32,"7","PPA1"
9.38917168254391e-36,1.49294292164023,0.472,0.3,2.26401096781181e-31,"7","G0S2"
2.2692121849885e-35,1.48290853873505,0.254,0.113,5.47175134166277e-31,"7","AC092803.1"
1.25956018209469e-34,0.941277890830815,0.438,0.255,3.03717746708492e-30,"7","CIITA"
1.9122618101599e-34,0.719756880254548,0.592,0.394,4.61103690283858e-30,"7","ATG3"
1.34908274332902e-33,0.697522973808412,0.569,0.365,3.25304321898925e-29,"7","BANF1"
3.86077017260502e-33,0.649507982469449,0.575,0.368,9.30947511720248e-29,"7","CNN2"
4.17947440103244e-33,0.8023500072704,0.529,0.34,1.00779666232095e-28,"7","CASP1"
8.47277695833955e-33,1.06365178640453,0.448,0.286,2.04304070796442e-28,"7","PLEKHO1"
9.76809127472288e-33,1.06202261936124,0.263,0.122,2.35537984907393e-28,"7","AL627171.2"
5.55581100437032e-32,0.895528466014367,0.383,0.213,1.33967270748381e-27,"7","MBOAT7"
7.12975227108028e-32,0.87157128923134,0.467,0.288,1.71919716512559e-27,"7","APEX1"
1.5109181225722e-31,1.06028563038304,0.293,0.146,3.64327686895834e-27,"7","ANKRD44"
1.64922040016056e-31,1.62083248942688,0.352,0.199,3.97676515090717e-27,"7","OTUD1"
2.37017869620226e-31,0.714932415684177,0.636,0.479,5.71521189015251e-27,"7","EFHD2"
7.73501717732639e-31,0.811731887214877,0.491,0.318,1.86514469196871e-26,"7","CHORDC1"
2.91775512593473e-30,0.53883768003396,0.715,0.54,7.03558293516642e-26,"7","EIF3L"
3.02975815108209e-30,0.704850994951267,0.573,0.395,7.30565582970425e-26,"7","PAK1"
6.21786580187172e-30,1.06689688432635,0.275,0.134,1.49931398080533e-25,"7","IL16"
3.71976765157034e-29,1.01154918356777,0.397,0.235,8.96947573823155e-25,"7","SNHG15"
4.22430386624208e-29,1.05659495913875,0.304,0.159,1.01860639126695e-24,"7","NOP58"
6.50036640244791e-29,0.91946290013475,0.306,0.158,1.56743335062226e-24,"7","C12orf45"
8.72870640635774e-29,0.704044862067277,0.883,0.875,2.10475297576504e-24,"7","PPP1R15A"
1.72810309985859e-28,1.30177403753181,0.266,0.133,4.16697500468902e-24,"7","PLK2"
2.98205533945536e-28,0.747723946254385,0.283,0.14,7.19063004002871e-24,"7","DAPP1"
4.50807550612978e-28,1.38969643501846,0.289,0.151,1.08703224679307e-23,"7","SOX4"
6.29267354622993e-28,0.817373820410502,0.537,0.372,1.51735237220242e-23,"7","CCT4"
7.43360576312053e-28,0.841873212408361,0.443,0.276,1.79246535766125e-23,"7","NUDC"
1.08630939576858e-27,0.998240389986233,0.471,0.311,2.61941784601678e-23,"7","SNHG8"
1.15057426586035e-27,1.03740943828987,0.251,0.121,2.77437972726907e-23,"7","AFF3"
1.22149350379738e-27,0.925226103283352,0.739,0.646,2.94538728570663e-23,"7","JUN"
1.32867151350402e-27,0.754795048484948,0.44,0.27,3.20382562051224e-23,"7","LAT2"
4.74695385335621e-26,0.507899734209464,0.657,0.473,1.14463298265978e-21,"7","ALDH2"
1.00759532083098e-25,0.822043197971456,0.934,0.965,2.42961459711973e-21,"7","HSP90AB1"
1.97216360592941e-25,0.759275472571758,0.457,0.298,4.75547810297759e-21,"7","SLC8A1"
5.02888649157383e-25,0.674768581584564,0.73,0.626,1.2126153997132e-20,"7","GNAS"
9.06231136330993e-25,1.0493154503474,0.33,0.195,2.18519513903492e-20,"7","H1FX"
9.38300824386134e-25,0.736322582591842,0.77,0.644,2.26252477784229e-20,"7","RGS2"
1.02048789645826e-24,0.910034343000428,0.357,0.21,2.4607024647298e-20,"7","TAF7"
1.51327624685317e-24,0.833277664995754,0.561,0.417,3.64896301403705e-20,"7","CLK1"
4.30956651545946e-24,0.954257417535412,0.266,0.139,1.03916577387274e-19,"7","TMEM109"
4.43113877129995e-24,0.862480223186725,0.319,0.179,1.06848049192356e-19,"7","SCNM1"
5.08157468744092e-24,0.558670552330672,0.507,0.335,1.22532010438263e-19,"7","CFP"
1.32017833799485e-23,0.884921330289298,0.346,0.206,3.18334602640699e-19,"7","SPATS2L"
1.35124491563762e-23,0.652857358310568,0.465,0.302,3.258256865077e-19,"7","C20orf27"
1.6940711766155e-23,1.47940441695583,0.275,0.155,4.08491382817296e-19,"7","TCEAL9"
4.74411585204722e-23,1.07609154626118,0.258,0.138,1.14394865540415e-18,"7","LPAR6"
1.09933148695549e-22,0.715644290874311,0.427,0.277,2.65081801449576e-18,"7","HSPA4"
1.22714756252135e-22,0.861218019382242,0.344,0.205,2.95902091750772e-18,"7","NXF1"
4.21851396985921e-22,0.927662324152379,0.298,0.17,1.01721027355215e-17,"7","TSEN34"
4.60005131442954e-22,0.683706440573682,0.41,0.262,1.1092103734484e-17,"7","UVRAG"
4.6117741905156e-22,0.521540513928337,0.781,0.661,1.11203711055903e-17,"7","ZFP36L1"
1.65068166210143e-21,0.86346848436148,0.281,0.156,3.98028869182518e-17,"7","IGFBP7"
1.78884743810145e-21,0.88356561983273,0.305,0.177,4.31344782749402e-17,"7","CCDC85B"
4.96085702513105e-21,0.636489343876068,0.518,0.364,1.19621145446985e-16,"7","TUBA1A"
7.58368801578164e-21,0.722492776985103,0.665,0.567,1.82865469124543e-16,"7","H2AFZ"
7.76366804538169e-21,0.880945538616806,0.274,0.152,1.87205327578289e-16,"7","XAF1"
1.06455949279213e-20,1.05627543224528,0.252,0.139,2.56697230496967e-16,"7","KBTBD8"
1.61018591565599e-20,0.841520604551078,0.292,0.169,3.88264129842128e-16,"7","NUDT3"
1.88912407949068e-20,0.974057875407664,0.251,0.138,4.55524489287588e-16,"7","FAM110A"
5.32786834043768e-20,1.22365819965633,0.379,0.253,1.28470889292974e-15,"7","ERN1"
8.07925934723556e-20,0.768959736005487,0.323,0.194,1.94815180639891e-15,"7","SNRPA"
1.13503470745179e-19,0.585674857791375,0.261,0.147,2.73690919007851e-15,"7","TNF"
2.28581569392244e-19,1.33497075951353,0.309,0.193,5.51178738275517e-15,"7","ID3"
2.72965103068309e-19,0.537451590720199,0.491,0.338,6.58200753028615e-15,"7","PHB2"
3.04645863604677e-19,0.683025666389625,0.382,0.246,7.34592570909957e-15,"7","PTRHD1"
7.37295455869371e-19,0.515273685882458,0.566,0.418,1.77784053273781e-14,"7","AOAH"
1.66909149068586e-18,0.816979649992947,0.258,0.146,4.02468031149081e-14,"7","HDAC9"
2.53140696174713e-18,0.708421176889531,0.337,0.211,6.10398160686086e-14,"7","CREB5"
2.67659379566371e-18,0.511982652230971,0.524,0.375,6.45407061948391e-14,"7","MZT2B"
5.90569747318185e-18,0.685676283307266,0.32,0.196,1.42404083170834e-13,"7","IMPDH2"
1.23198852466754e-17,0.703018091823994,0.338,0.214,2.97069392953084e-13,"7","HACD4"
1.41915250355342e-17,0.601434531691365,0.497,0.37,3.42200243181836e-13,"7","IGFLR1"
4.10613941715323e-17,0.827294829090387,0.478,0.359,9.90113397658158e-13,"7","CKS2"
4.78984503969921e-17,0.867294005028716,0.27,0.162,1.15497533442267e-12,"7","GZF1"
6.84709934173162e-17,0.584508713116145,0.411,0.278,1.65104106427175e-12,"7","RGS19"
1.26511975624246e-16,0.786528715283373,0.258,0.151,3.05058326822746e-12,"7","SF3B4"
1.97941282796252e-16,0.688322979850959,0.381,0.262,4.77295815206603e-12,"7","PABPN1"
4.82261912913084e-16,0.722243286835668,0.286,0.175,1.16287815060732e-11,"7","RAB24"
4.941777761547e-16,0.641680025204479,0.321,0.205,1.19161087164183e-11,"7","MARCH1"
5.26549387673321e-16,0.682071414233284,0.303,0.189,1.26966853849668e-11,"7","MAGOH"
9.04268940724371e-16,0.6808673870981,0.372,0.255,2.18046369676868e-11,"7","CCT2"
1.47292188382274e-15,0.583448384570515,0.279,0.168,3.55165653846177e-11,"7","ADAM8"
1.48541886420209e-15,0.618017135765888,0.357,0.237,3.5817905072505e-11,"7","SNRPF"
6.19752334223057e-15,1.15966442720075,0.252,0.157,1.49440880351206e-10,"7","MID1IP1"
8.66913938114089e-15,0.794457413257484,0.628,0.544,2.0903895789745e-10,"7","IER2"
1.7261067463854e-14,0.526375871359106,0.441,0.318,4.16216119755911e-10,"7","NDUFA12"
2.16269224054873e-14,0.527732134485704,0.475,0.351,5.21489979963516e-10,"7","CCT6A"
5.58828135202084e-14,0.676768412669501,0.266,0.165,1.34750228241279e-09,"7","CAMK1D"
1.42515043639045e-13,0.782431865841954,0.344,0.237,3.4364652472683e-09,"7","MRPS6"
1.72638846368833e-13,0.803955823582741,0.391,0.282,4.16284050249168e-09,"7","GEM"
1.85285604125776e-13,0.735860925328202,0.254,0.159,4.46779177228483e-09,"7","CDK2AP1"
4.03672433730241e-13,0.747632344273429,0.381,0.276,9.7337533945373e-09,"7","B3GNT5"
5.41461771010631e-13,0.569911462979275,0.527,0.425,1.30562676843793e-08,"7","DNTTIP2"
6.15149937187126e-13,0.554313103445681,0.751,0.764,1.48331104353932e-08,"7","DNAJA1"
7.78501335837882e-13,0.678979151312101,0.259,0.164,1.87720027110589e-08,"7","ISG20L2"
7.96793032830806e-13,0.645381622107302,0.298,0.198,1.92130704006492e-08,"7","CD300C"
2.67653739075477e-12,0.718914811169834,0.301,0.205,6.45393461032697e-08,"7","IDI1"
2.9231135547515e-12,1.08174250111433,0.336,0.242,7.0485037145723e-08,"7","BCAS2"
3.80850146472388e-12,0.83092548931188,0.267,0.174,9.1834395818887e-08,"7","STK38L"
6.26108074554919e-12,0.515899125884974,0.318,0.215,1.50973440017428e-07,"7","CSK"
6.35209393617632e-12,0.806716475547707,0.357,0.265,1.5316804108302e-07,"7","NAF1"
9.86859686311854e-12,0.568740158992804,0.301,0.203,2.37961476160377e-07,"7","SF3B6"
1.44577917662184e-11,0.585834078366511,0.348,0.248,3.48620732858825e-07,"7","ZC3H12A"
2.17968266848928e-11,0.507681383254275,0.41,0.309,5.2558688185282e-07,"7","OGFRL1"
3.06633753414909e-11,0.596690794094875,0.278,0.186,7.39385969609371e-07,"7","RAB4B"
4.41556071393444e-11,0.663744409423017,0.264,0.177,1.06472415495101e-06,"7","MIF4GD"
3.02980226766737e-10,0.509453278436446,0.296,0.204,7.30576220802632e-06,"7","NME3"
3.77724514649702e-10,0.517525314810981,0.323,0.23,9.10807122174827e-06,"7","CLNS1A"
5.22701319648201e-10,0.61080004927771,0.621,0.535,1.26038969206771e-05,"7","RHOB"
7.15897338822e-10,0.614941525582704,0.273,0.189,1.72624325310149e-05,"7","TRMT1"
1.33415981758257e-09,0.540289312828076,0.266,0.182,3.21705956813685e-05,"7","ENTPD1"
1.42728724982745e-09,0.604635261899078,0.289,0.205,3.44161774550892e-05,"7","CACUL1"
1.46905400345495e-09,0.524868564642107,0.401,0.309,3.54232991853092e-05,"7","STIP1"
1.8332278289256e-09,0.549339853057768,0.321,0.234,4.42046226388831e-05,"7","NDUFB1"
1.9305263749951e-09,0.544946786028333,0.372,0.284,4.65507824802568e-05,"7","CCT3"
2.4622507322509e-09,0.515298771253582,0.341,0.253,5.9372251906766e-05,"7","HNRNPD"
1.01804767473674e-08,0.641242082212814,0.294,0.216,0.000245481835809269,"7","AL135905.2"
1.22792269115595e-08,0.578929354930534,0.309,0.228,0.000296088998518434,"7","PRMT9"
2.97712730604396e-08,0.579518374552719,0.266,0.191,0.000717874707306381,"7","LINC02256"
1.58069117596816e-07,0.504541571470613,0.278,0.204,0.00381152063261202,"7","NRROS"
1.96119969614657e-07,0.552653538214582,0.279,0.207,0.00472904082731822,"7","TMEM70"
3.49990733500402e-07,0.55454869161288,0.318,0.246,0.00843932655689519,"7","SNHG7"
3.68051318136805e-07,0.558866877067124,0.281,0.207,0.00887482143423278,"7","HPS5"
9.73218676171317e-07,0.500246033412553,0.291,0.221,0.023467221938519,"7","JMJD6"
9.95331324446997e-07,0.635031152865634,0.268,0.203,0.0240004242263904,"7","DNAJB9"
1.1066475899089e-06,0.675847859459823,0.441,0.383,0.0266845933354733,"7","PHLDA2"
1.39866180578868e-06,0.559622826319629,0.322,0.255,0.0337259321229825,"7","OSER1"
2.45098683159024e-06,0.739527885204642,0.273,0.21,0.0591006454701354,"7","ARL5B"
2.68322789200847e-06,0.591918614909291,0.289,0.222,0.0647006741600003,"7","HIST1H4C"
2.81203559725277e-06,0.621508588064912,0.264,0.202,0.0678066143565561,"7","DDIT3"
5.28000213825634e-06,0.832680407776868,0.357,0.298,0.127316691559775,"7","TWISTNB"
7.36276379679019e-05,0.675347737969873,0.293,0.243,1,"7","CITED2"
0.000168374354122569,0.503970320839645,0.281,0.229,1,"7","DUT"
0.0023049543195125,0.587632491546645,0.344,0.303,1,"7","RBBP6"
0,4.53151260567088,0.929,0.219,0,"8","CXCL3"
0,3.82496052174016,0.807,0.124,0,"8","TRAF1"
0,4.298930524875,0.826,0.169,0,"8","MIR155HG"
0,4.12711480197407,0.991,0.376,0,"8","CXCL8"
0,3.40665571116425,0.768,0.165,0,"8","TNFAIP8"
0,4.85143273310135,0.466,0.052,0,"8","CCL20"
0,4.39330692194032,0.422,0.032,0,"8","AZIN1-AS1"
6.01090146043377e-319,4.98788316998808,0.278,0.014,1.4494086691544e-314,"8","IL1A"
1.89531507838293e-288,3.51633313970876,0.943,0.369,4.57017324850477e-284,"8","CXCL2"
1.647086281178e-285,4.94110900543471,0.25,0.013,3.97161914980451e-281,"8","ITGB8"
5.41668972252996e-282,4.11046032819888,0.894,0.345,1.30612639279365e-277,"8","IL1B"
1.06186857531413e-267,2.69438031094247,0.996,0.847,2.56048369565495e-263,"8","SOD2"
7.06400425741835e-256,3.02549313485948,0.929,0.482,1.70334334659129e-251,"8","BCL2A1"
5.26162371079953e-242,2.39013810579024,0.995,0.85,1.26873532538509e-237,"8","NFKBIA"
2.00038170514368e-241,2.69465485921396,0.878,0.359,4.82352040561295e-237,"8","PDE4DIP"
3.93244523625539e-215,2.97422546219146,0.66,0.177,9.48230519818263e-211,"8","KMO"
3.01492670455313e-210,2.69058039881526,0.711,0.202,7.26989276268896e-206,"8","LUCAT1"
6.62796716737103e-207,2.67268544387804,0.596,0.137,1.59820172306818e-202,"8","EHD1"
5.51308952092742e-198,3.29235472582941,0.447,0.079,1.32937127618123e-193,"8","RAPGEF2"
4.48482127666466e-195,3.8859766197895,0.869,0.413,1.08142495444215e-190,"8","CCL3"
4.3497020633741e-191,3.39101607708193,0.349,0.048,1.0488436585414e-186,"8","OASL"
1.11915300986239e-184,2.33653028737699,0.871,0.437,2.69861365268119e-180,"8","WTAP"
1.11551924543856e-182,2.8558920579338,0.574,0.149,2.68985155652601e-178,"8","TNIP1"
2.75146752423584e-180,3.58670067599984,0.759,0.288,6.63461364118988e-176,"8","CCL3L1"
1.55605669334401e-173,2.11640815781175,0.832,0.382,3.75211950466041e-169,"8","CHMP4B"
6.80477327176686e-171,2.70465680848831,0.603,0.174,1.64083497902114e-166,"8","USP12"
6.91301277443751e-165,2.92435480202512,0.699,0.253,1.66693477030012e-160,"8","EREG"
1.5403138804395e-163,3.3649367184778,0.801,0.359,3.71415885990377e-159,"8","CCL4"
5.7873927939891e-161,4.48181753818663,0.254,0.029,1.39551402441459e-156,"8","CXCL1"
6.70771191469414e-159,2.66004179904032,0.411,0.079,1.6174305739902e-154,"8","MFSD2A"
2.59236121571659e-157,2.80432680569881,0.525,0.138,6.25096059945741e-153,"8","CCR7"
2.98670482395702e-151,2.51780892114339,0.745,0.292,7.20184134200757e-147,"8","G0S2"
6.05309081051679e-151,2.32509168571236,0.665,0.242,1.45958178713991e-146,"8","SPHK1"
2.07813338109289e-150,1.39567402290824,0.973,0.895,5.01100302182929e-146,"8","ANXA5"
3.39824697066355e-150,3.82670712611922,0.266,0.035,8.19419292036101e-146,"8","TNFAIP6"
4.74845641489614e-149,1.63969673183383,0.899,0.569,1.14499529532391e-144,"8","CFLAR"
1.95785448259925e-145,3.21141625779648,0.339,0.058,4.72097451389156e-141,"8","SLC7A11"
1.85219289809358e-144,1.74125035013888,0.84,0.403,4.46619273517305e-140,"8","NFKB1"
1.00533560075617e-140,2.38587844305169,0.706,0.285,2.42416573410335e-136,"8","CYTOR"
4.40533531440927e-139,3.64653186363019,0.502,0.138,1.06225850436351e-134,"8","TNF"
2.33458915242844e-138,2.6563960426709,0.566,0.174,5.62939482325069e-134,"8","PTGS2"
2.26615433497433e-137,2.79945845798758,0.394,0.083,5.46437794792361e-133,"8","AMPD3"
5.00921860179337e-136,2.2367370849675,0.564,0.169,1.20787288145044e-131,"8","AC016831.1"
8.90099312109184e-136,2.5120641998255,0.438,0.102,2.14629647128888e-131,"8","HIVEP2"
4.87130727311914e-131,1.9326955238981,0.941,0.682,1.17461832276722e-126,"8","IER3"
7.03638286922956e-131,2.18874867276723,0.548,0.163,1.69668300125732e-126,"8","MGLL"
1.0529790000578e-130,3.12885499925267,0.255,0.036,2.53904826283937e-126,"8","DYRK3"
5.22295621578579e-130,2.11341964711761,0.663,0.249,1.25941143231243e-125,"8","NRP2"
1.4209143122681e-129,2.5270242254098,0.656,0.252,3.42625068117206e-125,"8","PHLDA1"
5.18051625104609e-127,2.33176838336427,0.791,0.398,1.24917788361474e-122,"8","C15orf48"
5.26394745476997e-125,2.90507378033724,0.305,0.055,1.26929564976868e-120,"8","TRIP10"
8.58053535173707e-125,1.85332256408111,0.787,0.371,2.06902448936436e-120,"8","NFKBIZ"
3.97425710906174e-117,2.16308936553899,0.496,0.146,9.58312616708058e-113,"8","DRAM1"
5.26676092540774e-117,2.61431953056615,0.404,0.1,1.26997406194357e-112,"8","GCLM"
1.02069803423498e-116,1.69591511401963,0.635,0.225,2.46120916995081e-112,"8","IRAK2"
9.95555899073932e-116,1.85355948199365,0.711,0.327,2.40058393943697e-111,"8","KYNU"
6.24429161341106e-115,1.34003462341704,0.966,0.859,1.50568603674181e-110,"8","BTG1"
1.49823585876737e-114,2.72736482388393,0.346,0.074,3.61269612624577e-110,"8","NOTCH2NLC"
7.03711884010911e-114,1.46271659044833,0.904,0.661,1.69686046591551e-109,"8","CD44"
1.60736931666081e-113,2.39140782148448,0.633,0.26,3.87584963326422e-109,"8","PMAIP1"
6.7395523262314e-111,3.51121791813658,0.353,0.081,1.62510825242418e-106,"8","MIR3945HG"
2.12852576517989e-110,2.68718091052582,0.307,0.061,5.13251417757827e-106,"8","TJP2"
3.61490151524932e-107,1.18898326215831,0.975,0.946,8.71661202372069e-103,"8","PNRC1"
6.53253089321958e-106,2.03628702074863,0.449,0.126,1.57518917428204e-101,"8","APOA2"
7.58895994302513e-106,2.48724093523704,0.622,0.259,1.82992591106165e-101,"8","IL1RN"
4.07114432543273e-104,1.32189838327115,0.941,0.737,9.81675031191595e-100,"8","PLEK"
5.26659812754662e-104,2.34116252870512,0.863,0.609,1.26993480649532e-99,"8","TXN"
1.2549482022232e-100,1.4411991495383,0.775,0.415,3.02605660002081e-96,"8","MAP2K3"
7.28044913170575e-100,1.73588151044706,0.626,0.251,1.75553469912821e-95,"8","FNDC3B"
2.24771821624784e-99,1.47370411261887,0.858,0.621,5.41992293483841e-95,"8","NINJ1"
8.1035463237106e-99,1.22863996822115,0.876,0.648,1.95400812503634e-94,"8","HNRNPC"
2.21304650147788e-97,1.67518284669671,0.681,0.305,5.33631902901362e-93,"8","EIF4E"
3.53830687553375e-96,1.35000475409736,0.824,0.527,8.53191936897454e-92,"8","ARL8B"
5.40178955339207e-96,2.29995551665327,0.388,0.105,1.30253351500943e-91,"8","RASGRP3"
9.14498314576015e-94,1.19866178011115,0.975,0.871,2.20512978593714e-89,"8","PPP1R15A"
7.88228416106537e-93,2.42840472301667,0.278,0.058,1.90065517975769e-88,"8","NBPF19"
7.60188981515458e-92,1.38416241213636,0.796,0.431,1.83304369112822e-87,"8","ICAM1"
2.88850019030066e-90,1.43861475205943,0.835,0.512,6.96504050887197e-86,"8","TNFAIP3"
3.35570632427482e-90,3.09563145531946,0.31,0.075,8.09161465972388e-86,"8","INHBA"
6.6342367001616e-90,2.40377952826268,0.592,0.263,1.59971349550997e-85,"8","TXNRD1"
1.43641175090898e-88,1.61783827224122,0.663,0.299,3.46361965496684e-84,"8","ABL2"
1.20879993743632e-86,0.969878582239209,0.995,0.972,2.91477928914021e-82,"8","VIM"
1.15616512062698e-85,1.41165834604687,0.768,0.419,2.78786095536784e-81,"8","ZNF267"
3.39021491686976e-82,1.89371614244642,0.417,0.133,8.17482522904805e-78,"8","CLIC4"
5.11931828331113e-82,2.20317244723824,0.314,0.08,1.23442121765481e-77,"8","CHST7"
2.30559547679439e-81,1.68881565504854,0.61,0.273,5.55948237319431e-77,"8","CCRL2"
3.37794268780466e-77,1.84403008821405,0.491,0.193,8.14523320310337e-73,"8","LPXN"
2.02507119707013e-74,1.14538464271698,0.961,0.794,4.88305417749521e-70,"8","PLAUR"
2.16835044051399e-74,1.6530670352481,0.615,0.295,5.22854341721138e-70,"8","ATP2B1-AS1"
2.48576402939039e-74,2.01240484958375,0.504,0.212,5.99392280406906e-70,"8","MIR4435-2HG"
2.61671302526979e-74,1.34717257651744,0.787,0.476,6.30968011783305e-70,"8","SERPINB9"
5.27322737520732e-72,2.18117353685174,0.383,0.128,1.27153331698374e-67,"8","ADA"
2.82344401919634e-71,1.48088937519013,0.553,0.236,6.80817056348812e-67,"8","NFKB2"
2.93341455276012e-71,2.58193325459972,0.339,0.104,7.07334251107049e-67,"8","IL10"
4.90979604498905e-69,1.42631821399907,0.598,0.288,1.18389912032821e-64,"8","PPP1R15B"
1.22289837807707e-68,1.69297814357529,0.608,0.31,2.94877485905725e-64,"8","EIF1B"
3.36096229384797e-68,2.26802405924126,0.316,0.093,8.10428837915562e-64,"8","AQP9"
4.82211781637829e-68,1.89838774482236,0.408,0.145,1.1627572690633e-63,"8","CD40"
1.32229842821277e-67,1.9577134281563,0.346,0.109,3.18845819994944e-63,"8","MAP4K4"
3.65994843166154e-67,2.11583358140505,0.298,0.084,8.82523365326546e-63,"8","GPR84"
1.40666137200248e-65,1.37360256547681,0.77,0.504,3.39188256630957e-61,"8","BASP1"
2.70807504472277e-65,1.42674406975427,0.846,0.609,6.52998135534002e-61,"8","PRDX1"
4.18255031355201e-65,1.72354960385352,0.518,0.231,1.0085383571068e-60,"8","DUSP6"
1.63908097769316e-64,1.27439529860633,0.709,0.393,3.95231596151152e-60,"8","PDE4B"
1.31111840230973e-63,1.88297717781165,0.303,0.089,3.16149980348946e-59,"8","SDC4"
2.27466159419724e-63,1.03801539742926,0.791,0.483,5.48489150208781e-59,"8","MARCKS"
5.25859144351541e-63,1.75131826998508,0.367,0.124,1.26800415477487e-58,"8","NRIP3"
1.20850229606181e-62,1.77920559332532,0.619,0.316,2.91406158649385e-58,"8","CCL4L2"
2.78831243255181e-62,1.63940233145327,0.612,0.332,6.72345776861219e-58,"8","UBE2D1"
2.07755561302201e-61,1.59238225188319,0.644,0.363,5.00960984967998e-57,"8","PELI1"
5.33756451950576e-61,1.32523108130765,0.716,0.452,1.28704693258842e-56,"8","DSE"
3.72994470146413e-60,1.75403562259774,0.438,0.178,8.99401565864047e-56,"8","ATP6V1H"
7.18717490580535e-60,2.73149785844334,0.289,0.087,1.73304348503684e-55,"8","ATF7IP2"
9.14794955050247e-58,2.16054826952385,0.319,0.105,2.20584507511266e-53,"8","MIR222HG"
1.31982575510475e-57,2.04988759989526,0.27,0.078,3.18249584328407e-53,"8","RRAD"
1.37553404819658e-57,1.20918916927942,0.656,0.36,3.31682525041641e-53,"8","BAZ1A"
1.27925922549425e-56,1.6060191929965,0.417,0.166,3.08467777043428e-52,"8","TPRA1"
1.49430240824434e-56,1.38020522405489,0.684,0.412,3.60321139699957e-52,"8","TNFAIP2"
1.48306024331523e-55,1.53419938703927,0.518,0.252,3.57610316470602e-51,"8","NBPF26"
2.47780552986461e-54,0.771791341004848,0.929,0.749,5.97473247416253e-50,"8","CD83"
3.09988181710322e-54,1.65072346651075,0.355,0.127,7.47474502558098e-50,"8","NOCT"
3.10959101541905e-54,1.16337557778333,0.878,0.72,7.49815681547995e-50,"8","LGALS3"
2.22269509547287e-52,1.60877391270521,0.415,0.171,5.35958468371374e-48,"8","LHFPL2"
3.390090735189e-52,1.20186198391749,0.677,0.424,8.17452578976124e-48,"8","ZNF706"
3.83751980605315e-52,1.70097180446471,0.397,0.16,9.25341150833596e-48,"8","SLAMF7"
9.0244147600014e-52,1.39452648250172,0.548,0.279,2.17605713107914e-47,"8","OLR1"
1.83680338931568e-51,1.77643062781251,0.285,0.092,4.4290840126569e-47,"8","PLEKHF2"
2.50033190456794e-51,1.79849280735477,0.332,0.121,6.02905032148467e-47,"8","GCH1"
2.94674880545007e-50,0.820122275284093,0.929,0.846,7.10549539458175e-46,"8","UBB"
3.45070480775849e-50,1.74791896127828,0.404,0.168,8.32068450294806e-46,"8","MMP9"
5.41516319416925e-50,1.07323252281172,0.663,0.391,1.30575830101003e-45,"8","RHEB"
3.56768131637163e-49,2.01489631242457,0.296,0.103,8.60274995816692e-45,"8","RHOF"
8.98327944788033e-49,1.37754198494741,0.521,0.261,2.16613817326738e-44,"8","ITGAV"
6.83464831990194e-48,1.50869422481214,0.402,0.167,1.64803874937795e-43,"8","THUMPD3-AS1"
1.09463143334244e-47,1.47491889005646,0.367,0.145,2.63948477521862e-43,"8","DENND5A"
2.31589843073691e-47,1.46524241271452,0.397,0.167,5.58432588603592e-43,"8","RB1CC1"
3.49933587970191e-47,1.31051849480113,0.761,0.568,8.43794860672521e-43,"8","LCP2"
1.4142808412164e-46,0.737059548672653,0.89,0.72,3.41025539242511e-42,"8","REL"
2.61874197990986e-46,1.31298337672806,0.429,0.189,6.31457253615664e-42,"8","ARHGEF2"
7.63585309033306e-45,0.878871509948483,0.812,0.596,1.84123325567201e-40,"8","ETS2"
7.84356312074356e-45,0.680463724914413,0.959,0.923,1.89131837530489e-40,"8","S100A11"
2.73445309590095e-44,2.19812963576928,0.252,0.083,6.59358675014595e-40,"8","IFIH1"
2.94889384940974e-44,0.860545760622304,0.812,0.549,7.11066773908171e-40,"8","CTSL"
3.88646189472814e-44,0.802033720747286,0.777,0.532,9.37142556675795e-40,"8","DNAJB6"
7.7666428034204e-44,1.22038815609336,0.441,0.201,1.87277057918876e-39,"8","ZNFX1"
1.69490510849576e-43,0.81090443869527,0.86,0.714,4.08692468811582e-39,"8","SDCBP"
1.71176184737106e-43,1.15695791636391,0.654,0.416,4.12757134256584e-39,"8","FNIP2"
5.11573451040971e-43,1.83370883308215,0.278,0.1,1.23355706249509e-38,"8","GRAMD1A"
6.54846841546222e-43,1.80833669124651,0.305,0.117,1.5790321890204e-38,"8","PALM2-AKAP2"
1.19533768138154e-42,1.28092583177444,0.424,0.192,2.88231775111532e-38,"8","DOCK4"
7.39642380924189e-41,1.24784730610984,0.468,0.233,1.7834996731225e-36,"8","CD109"
2.12605660354486e-40,1.0431616029895,0.647,0.412,5.12656028812772e-36,"8","ARFGAP3"
7.13297229982117e-40,0.944051834442496,0.665,0.438,1.71997361065588e-35,"8","BZW1"
2.49858435209378e-39,1.01081405634891,0.672,0.437,6.02483644820372e-35,"8","ATP2B1"
5.79189859633556e-39,1.68776902481907,0.255,0.09,1.39660050853439e-34,"8","DOT1L"
1.40368223870102e-38,1.27026243704783,0.395,0.179,3.38469898217977e-34,"8","SLC43A3"
1.43494979411868e-38,0.771769021540531,0.809,0.602,3.46009443855836e-34,"8","SPAG9"
1.90451039078042e-38,0.961661473791301,0.787,0.564,4.59234590528882e-34,"8","H2AFZ"
4.97720305449569e-38,0.764269898618937,0.738,0.478,1.20015297253055e-33,"8","ABCA1"
1.01462115957362e-37,1.07587967214941,0.629,0.408,2.44655600207986e-33,"8","PIM3"
1.80424610928223e-37,0.838452123584233,0.844,0.684,4.35057864331225e-33,"8","MAP3K8"
4.14197142302666e-37,1.53168297971878,0.321,0.134,9.98753569234419e-33,"8","ACSL5"
2.5331017185851e-36,1.59254040032988,0.294,0.118,6.10806817402425e-32,"8","KLHL21"
2.67921661102887e-36,1.34047395888483,0.344,0.149,6.46039501417393e-32,"8","ANKLE2"
2.93044790765051e-36,1.02273190001479,0.667,0.459,7.06618903971766e-32,"8","RBM47"
5.91833675190411e-36,1.75603617769645,0.285,0.115,1.42708854098664e-31,"8","IWS1"
6.13251295041383e-36,1.28233589737837,0.41,0.202,1.47873284773329e-31,"8","SNN"
6.17313982983712e-36,0.536414068614943,1,0.999,1.48852920716862e-31,"8","FTH1"
8.77281150621636e-36,1.49001791342383,0.289,0.116,2.11538803849395e-31,"8","ZBTB10"
1.47382586089908e-35,1.39516839354274,0.319,0.135,3.55383629838594e-31,"8","GPR132"
4.01989364573128e-35,1.26448906890674,0.452,0.239,9.69316954795183e-31,"8","NOTCH2"
4.67178845417032e-35,0.755786957564947,0.883,0.802,1.12650834995409e-30,"8","LITAF"
6.63761951406705e-35,1.06454978205935,0.516,0.291,1.60052919342699e-30,"8","MIR22HG"
9.24931359607791e-35,0.826163451853256,0.851,0.739,2.23028698742227e-30,"8","ANXA2"
3.00961822321316e-34,0.852043627988718,0.58,0.342,7.2570924216339e-30,"8","ATP13A3"
2.07274652312406e-33,0.875674685945368,0.683,0.479,4.99801369120906e-29,"8","IFNGR2"
3.88397063165998e-33,1.14335872333673,0.367,0.17,9.3654183841217e-29,"8","NFAT5"
1.25244403459485e-32,1.12935690303837,0.445,0.239,3.02001830061857e-28,"8","ATP6V1C1"
1.35729710962832e-32,1.14561352355771,0.447,0.24,3.27285052044676e-28,"8","RNF145"
2.36761061871751e-32,1.46176614227176,0.289,0.121,5.70901948491354e-28,"8","AC025164.1"
1.39099824830552e-31,1.25212780496608,0.449,0.245,3.35411407613909e-27,"8","CDC42EP3"
1.65382642410883e-31,0.906076325803653,0.594,0.379,3.98787165645361e-27,"8","ELOC"
2.14180231664035e-31,1.04307723896973,0.557,0.344,5.16452792611488e-27,"8","BACH1"
5.0526189053105e-31,0.845372069914893,0.865,0.767,1.21833799663752e-26,"8","CSTB"
5.96124758091457e-31,1.22579573842978,0.479,0.278,1.43743562918593e-26,"8","PID1"
1.43262341265361e-30,1.45701261230113,0.271,0.113,3.45448483493165e-26,"8","ELK3"
5.71112973192204e-30,1.17288382516047,0.254,0.1,1.37712471225836e-25,"8","SEMA6B"
6.93127903602062e-30,1.01828195546588,0.443,0.24,1.67133931395565e-25,"8","SMIM3"
1.11914308449055e-29,0.792678964814557,0.635,0.422,2.69858971963205e-25,"8","DNTTIP2"
1.80432645943619e-29,1.39878870922144,0.293,0.13,4.35077239163848e-25,"8","DENND4A"
1.07226750687059e-28,0.854681219860163,0.668,0.466,2.58555863931706e-24,"8","PEA15"
1.24354224772001e-28,0.879913256606269,0.36,0.171,2.99855342192726e-24,"8","FAM107B"
1.60984967939744e-28,1.2952053181102,0.268,0.113,3.88183053193104e-24,"8","SEC22B"
1.76062405447219e-28,1.38389032509143,0.277,0.121,4.24539278254879e-24,"8","GADD45A"
1.98644390689938e-28,1.21442540465664,0.362,0.182,4.78991219270648e-24,"8","CD58"
3.36944690273318e-28,0.585469142030671,0.819,0.642,8.12474731656053e-24,"8","SFPQ"
3.83459597703822e-28,0.676499482032584,0.713,0.509,9.24636127943226e-24,"8","UPP1"
3.91398732955196e-28,0.550352665425083,0.94,0.86,9.43779764774865e-24,"8","SQSTM1"
9.40403191258816e-28,0.856542834821143,0.559,0.352,2.26759421508238e-23,"8","PNRC2"
1.48899069243004e-27,0.799601337590755,0.576,0.362,3.59040325665656e-23,"8","STX4"
2.69910207933227e-27,1.25424879922671,0.307,0.142,6.5083448438939e-23,"8","BANP"
3.52105352876032e-27,1.37756124043631,0.285,0.131,8.49031637389975e-23,"8","SESTD1"
3.80102571565374e-27,1.40462872279181,0.259,0.111,9.16541330815587e-23,"8","PTGER2"
7.00897250742851e-27,1.29451433673942,0.324,0.157,1.69007354071624e-22,"8","ANTXR2"
8.41067645880212e-27,0.841135179121597,0.615,0.416,2.02806641451096e-22,"8","FLNA"
9.93501743427953e-27,1.04706190238288,0.319,0.15,2.39563075392782e-22,"8","ANKRD28"
1.27011827613062e-26,1.53492685414627,0.282,0.131,3.06263619923376e-22,"8","PRDM1"
1.67839767930034e-26,1.51115458787425,0.254,0.11,4.04712032409691e-22,"8","STAT5A"
1.84985943156541e-26,1.26467979166291,0.252,0.107,4.46056604733366e-22,"8","B4GALT5"
1.88746612111485e-26,0.707450408586827,0.809,0.646,4.55124705784423e-22,"8","FCGR2A"
2.03821168140409e-26,1.12132723275236,0.42,0.239,4.91473982736969e-22,"8","ALCAM"
2.13690424125933e-26,0.904269920607165,0.628,0.434,5.15271719694862e-22,"8","AHR"
2.9234655645787e-26,0.820898496416929,0.541,0.33,7.04935251586863e-22,"8","PNPLA8"
3.97215443166382e-26,0.526100452975981,0.86,0.685,9.57805598107097e-22,"8","MAP1LC3B"
4.4886519239831e-26,1.14814338479221,0.42,0.242,1.08234863843004e-21,"8","UFM1"
8.70876840206519e-26,0.950277193438853,0.473,0.279,2.09994532478998e-21,"8","GBP2"
1.27487898148773e-25,1.33985906385366,0.438,0.251,3.07411568806137e-21,"8","THBS1"
3.08122849187272e-25,1.19428402969443,0.282,0.131,7.42976626245269e-21,"8","CHIC2"
3.36402980287782e-25,1.03083188723318,0.598,0.445,8.11168506367928e-21,"8","PSMA6"
7.01157668003445e-25,0.902843054113035,0.371,0.192,1.69070148485671e-20,"8","AC015912.3"
7.18563468258239e-25,1.38921516762206,0.278,0.129,1.73267209101109e-20,"8","ATP2C1"
1.32847619739292e-24,0.661719551289286,0.748,0.565,3.20335465477355e-20,"8","ZEB2"
7.37023665524417e-24,1.36763130074488,0.324,0.17,1.77718516467903e-19,"8","SERTAD2"
8.52474487820237e-24,0.750894602326634,0.661,0.471,2.05557173248094e-19,"8","FABP5"
1.11138231846857e-23,0.795649288723478,0.81,0.66,2.67987618452327e-19,"8","INSIG1"
2.12288501832931e-23,1.20053585827971,0.402,0.241,5.11891264469746e-19,"8","LRRFIP2"
2.64236637721385e-23,1.07103939046211,0.339,0.177,6.37153804537575e-19,"8","FOSL1"
3.02840962470852e-23,0.517546353079538,0.901,0.861,7.30240412805965e-19,"8","NPM1"
4.59217592683627e-23,1.27037167006253,0.285,0.14,1.10731138123803e-18,"8","SERPINB8"
4.65892068431008e-23,0.952167825775757,0.399,0.223,1.12340554460769e-18,"8","ZBTB43"
1.60301752660959e-22,1.08828926503104,0.42,0.255,3.8653561619137e-18,"8","GM2A"
2.89479969776579e-22,0.787781966387385,0.452,0.266,6.98023051122265e-18,"8","SLC7A5"
4.74827733092856e-22,0.592818318633347,0.793,0.663,1.1449521128068e-17,"8","ATP6V1F"
9.96938394097306e-22,1.20986529094151,0.266,0.128,2.40391754968683e-17,"8","BIRC2"
1.1604430044325e-21,1.11200384983601,0.348,0.193,2.79817621658809e-17,"8","NRIP1"
1.77303762755493e-21,0.985467013403266,0.534,0.361,4.27532563132319e-17,"8","NLRP3"
2.27235758757911e-21,0.638403856807496,0.746,0.619,5.47933585092952e-17,"8","TUBB4B"
2.3393664978897e-21,0.698359925848518,0.559,0.375,5.64091443636145e-17,"8","DDX3Y"
6.86932838414608e-21,0.826345595476838,0.559,0.379,1.65640115326914e-16,"8","PHLDA2"
9.70257340362258e-21,0.657011965597913,0.807,0.694,2.33958152481551e-16,"8","EMP3"
1.06600585478792e-20,1.24454653049605,0.268,0.133,2.57045991765012e-16,"8","CLDND1"
1.19419627474016e-20,0.975920812193668,0.362,0.203,2.87956547728095e-16,"8","CYLD"
1.21043310969649e-20,0.560772924299732,0.764,0.612,2.91871735741115e-16,"8","NFE2L2"
2.36540816673549e-20,0.682752938705706,0.596,0.42,5.70370871244928e-16,"8","ATF4"
3.99552840299167e-20,0.725182904855564,0.631,0.47,9.63441763813382e-16,"8","SNX9"
4.06227420061774e-20,0.506191756125363,0.785,0.649,9.79536177994955e-16,"8","ARL6IP1"
4.15607244082279e-20,0.623581393376597,0.734,0.609,1.0021537476556e-15,"8","ATP6V1G1"
7.64175333164843e-20,1.07863385836421,0.307,0.164,1.84265598086039e-15,"8","MAPKAPK2"
8.84872889702185e-20,0.959296599092246,0.387,0.23,2.13369399893888e-15,"8","G3BP1"
1.89349475374041e-19,0.898225114734774,0.356,0.201,4.56578389969426e-15,"8","MAFG"
2.86992851462321e-19,0.630304254645134,0.702,0.552,6.92025862731094e-15,"8","PTPN1"
3.09935147732867e-19,0.972821467401357,0.363,0.214,7.47346621728263e-15,"8","NAA50"
8.60955969960368e-19,0.712898320162787,0.541,0.379,2.07602313036544e-14,"8","SOD1"
1.31286302632389e-18,1.0702592098126,0.358,0.215,3.16570661537478e-14,"8","SQOR"
3.48113342419786e-18,0.872404823059352,0.346,0.197,8.3940570257683e-14,"8","PIK3R5"
4.26542684356439e-18,0.647898884054415,0.624,0.474,1.02852237478868e-13,"8","TUBA1C"
5.58620065173179e-18,0.589959488684242,0.73,0.622,1.34700056315209e-13,"8","SEC61B"
7.10862488811621e-18,1.04986460067576,0.293,0.158,1.71410271927146e-13,"8","BTG3"
7.67100313735461e-18,1.02910691563944,0.309,0.173,1.84970898651032e-13,"8","PSMD11"
8.95521536299149e-18,0.649408542299185,0.47,0.296,2.15937108047814e-13,"8","ITGA5"
1.00656487826409e-17,1.24407351230325,0.275,0.148,2.42712989095819e-13,"8","NBN"
3.37891567533872e-17,0.8716462639855,0.271,0.143,8.14757936794426e-13,"8","DUSP5"
3.80116233470491e-17,1.05896058495595,0.319,0.183,9.16574273767396e-13,"8","AP3B1"
4.95666537048919e-17,0.959509283647811,0.266,0.14,1.19520072078606e-12,"8","PIM1"
5.0964570416096e-17,0.805572493335547,0.383,0.232,1.22890868644332e-12,"8","TP53BP2"
6.2761156448663e-17,0.753277410376298,0.365,0.216,1.51335976544661e-12,"8","TANK"
6.86706917229398e-17,0.750371331740205,0.612,0.46,1.65585638951525e-12,"8","SOCS3"
8.26631835571377e-17,1.02611709953808,0.257,0.134,1.99325734511326e-12,"8","PITPNB"
1.4634611420472e-16,0.776916574611314,0.427,0.276,3.52884385181841e-12,"8","B3GNT5"
4.11966382831543e-16,0.858688367501734,0.346,0.207,9.933745389217e-12,"8","PDLIM5"
5.08944097816949e-16,0.99512006848335,0.33,0.197,1.22721690306601e-11,"8","RP2"
5.45322273635757e-16,0.823935578756638,0.399,0.255,1.3149355984179e-11,"8","NQO2"
6.23872107023561e-16,0.83570702597899,0.371,0.225,1.50434281166591e-11,"8","RELB"
8.71993563448198e-16,0.796309666708507,0.317,0.181,2.10263807954264e-11,"8","MAPK6"
9.15866464118415e-16,0.658014018484168,0.619,0.505,2.20842880492873e-11,"8","RAP1B"
1.5477810031975e-15,0.91454255263632,0.262,0.141,3.73216433301013e-11,"8","TLNRD1"
2.78819774189539e-15,0.608808340870225,0.587,0.434,6.72318121503235e-11,"8","LACTB"
3.17478232503208e-15,0.568651214398243,0.589,0.443,7.65535262034984e-11,"8","UBE2B"
3.3970793026262e-15,0.582582207274645,0.704,0.587,8.19137732242257e-11,"8","LIMS1"
3.43473781606875e-15,1.05969815158222,0.452,0.321,8.28218329588659e-11,"8","RALA"
4.94927572820622e-15,0.790987505033054,0.378,0.24,1.19341885634237e-10,"8","SIRPA"
9.41775364302884e-15,0.905724928550824,0.324,0.193,2.27090293594354e-10,"8","AL118516.1"
1.43342693828331e-14,0.868913415665347,0.443,0.316,3.45642237628255e-10,"8","DNAJC3"
1.52245747625857e-14,0.626022393627385,0.454,0.305,3.67110171250228e-10,"8","ZFYVE16"
1.62807657383198e-14,1.09622383233715,0.309,0.188,3.92578104248106e-10,"8","RDX"
3.180504001244e-14,0.765670231066637,0.348,0.214,7.66914929819966e-10,"8","TAF7"
3.36597425614051e-14,0.905469889352012,0.275,0.157,8.1163737238316e-10,"8","RFTN1"
3.49006079263665e-14,0.581511154419016,0.546,0.39,8.41558358928475e-10,"8","ETV3"
4.94643231739693e-14,0.685721161253294,0.486,0.34,1.19273322469392e-09,"8","ISG20"
5.2214417895908e-14,0.690690955831242,0.394,0.253,1.25904625872403e-09,"8","OSER1"
5.77422155426779e-14,0.98426630959052,0.261,0.148,1.39233804338059e-09,"8","SDSL"
1.01943731427693e-13,0.542907820956511,0.583,0.435,2.45816919591596e-09,"8","MAFF"
1.02550067134145e-13,0.670926306997177,0.324,0.193,2.47278976880564e-09,"8","RAB21"
1.09333989238168e-13,0.960162478031301,0.411,0.284,2.63637048249993e-09,"8","GEM"
1.48523079944812e-13,0.743839207363651,0.326,0.202,3.58133702670925e-09,"8","EBI3"
1.65950835958767e-13,0.850250611716987,0.321,0.198,4.00157250747376e-09,"8","GLS"
1.81152818602065e-13,0.726770925627949,0.433,0.293,4.36813791495158e-09,"8","BCL3"
2.38436260683286e-13,0.591565606346244,0.466,0.323,5.74941355385609e-09,"8","GPBP1"
3.46893575193068e-13,0.916124281816676,0.25,0.141,8.36464477863044e-09,"8","NFKBIB"
7.68135428290835e-13,0.812115482830216,0.332,0.21,1.85220495823769e-08,"8","ZFC3H1"
1.21053953159548e-12,0.83583340080746,0.392,0.27,2.91897397253618e-08,"8","OPN3"
1.21523350159208e-12,0.560017647844101,0.415,0.278,2.93029254238899e-08,"8","RABGEF1"
1.30756542882269e-12,0.565599870342507,0.507,0.37,3.15293251852015e-08,"8","EMD"
1.51486468508392e-12,0.772337179887052,0.434,0.313,3.65279321514287e-08,"8","GPR137B"
1.71275399349877e-12,0.760808691240643,0.291,0.175,4.12996370452358e-08,"8","STK40"
1.96149126338439e-12,0.683746388696556,0.477,0.336,4.72974388339877e-08,"8","HES4"
3.27906041121219e-12,0.626091672363545,0.344,0.219,7.90679836955596e-08,"8","SIPA1L1"
8.21220056037728e-12,0.582148559164783,0.402,0.263,1.98020792112377e-07,"8","CD9"
9.63542733619712e-12,0.741717570712969,0.321,0.206,2.32339059357721e-07,"8","UBE2N"
1.2397523186621e-11,0.860173717625932,0.293,0.184,2.98941476598992e-07,"8","ANO6"
1.6496027757376e-11,0.588930034068346,0.518,0.401,3.97768717313608e-07,"8","BID"
1.75832043431154e-11,0.731801683743823,0.291,0.18,4.23983806325543e-07,"8","UBE2E1"
4.40410034064865e-11,0.744083895681249,0.289,0.179,1.06196071514061e-06,"8","UBL3"
1.2838715445138e-10,0.885102586852801,0.592,0.515,3.09579945528612e-06,"8","DUSP2"
1.60575174204337e-10,1.03889830251377,0.298,0.197,3.87194917558919e-06,"8","WDR33"
1.74169353189235e-10,0.702770852672252,0.324,0.213,4.19974561345202e-06,"8","NFKBIE"
1.82246368976525e-10,0.649120724889413,0.372,0.259,4.39450669513094e-06,"8","BCAT1"
2.11117978323324e-10,0.642435483518218,0.447,0.332,5.09068781131031e-06,"8","GHITM"
3.10533733985203e-10,0.713707890181953,0.273,0.17,7.48789992758519e-06,"8","TICAM1"
3.1081732967445e-10,0.780018661367162,0.278,0.179,7.49473827044e-06,"8","UBE2S"
4.41877527519621e-10,0.64889809241466,0.362,0.249,1.06549928210806e-05,"8","AZIN1"
4.52397893982459e-10,0.979026819027577,0.342,0.246,1.0908670417599e-05,"8","MRPS24"
7.27950184668753e-10,0.678600021176729,0.326,0.22,1.75530628029176e-05,"8","REV3L"
8.57738110109451e-10,0.59212896695942,0.342,0.227,2.06826390490692e-05,"8","HEIH"
8.62678011852745e-10,0.698954060096201,0.372,0.264,2.08017548998052e-05,"8","RIT1"
1.31128061211298e-09,0.581933922891704,0.516,0.409,3.16189093998802e-05,"8","WDR1"
1.54662156769816e-09,0.691748893241923,0.387,0.282,3.72936858619057e-05,"8","RBM17"
3.58830480807523e-09,0.768353956143305,0.261,0.166,8.6524793837118e-05,"8","OGT"
3.62950390498e-09,0.578924234560781,0.307,0.205,8.75182276607828e-05,"8","OTUD1"
4.48606882127971e-09,0.552074943167426,0.289,0.186,0.000108172577487518,"8","LPCAT1"
6.14661153376690e-09,0.60110493288711,0.33,0.226,0.000148213243913721,"8","NUMB"
8.41817037946291e-09,0.545969671934163,0.36,0.25,0.000202987342359989,"8","ZC3H12A"
8.55373063262627e-09,0.643948815696293,0.332,0.231,0.000206256106744517,"8","ABI1"
9.43838791154287e-09,0.634373384074473,0.294,0.197,0.000227587847711033,"8","PSMA3"
1.04777984578498e-08,0.54882222581057,0.683,0.603,0.000252651154214131,"8","BNIP3L"
1.37819819936121e-08,0.600502073469532,0.45,0.35,0.000332324931811969,"8","SMS"
2.68028424236801e-08,0.62984464700049,0.262,0.171,0.000646296939362199,"8","ZFP91"
2.77460574160886e-08,0.667467534274496,0.312,0.219,0.000669040682474145,"8","FNDC3A"
3.3471472451569e-08,0.633157669930207,0.289,0.195,0.000807097615224683,"8","LRRC59"
3.39683048657228e-08,0.537046209189244,0.351,0.248,0.000819077735227175,"8","CD59"
4.66625677582176e-08,0.541506574667437,0.353,0.253,0.0011251744963539,"8","CSGALNACT2"
5.22618071600693e-08,0.622384734007536,0.307,0.212,0.00126018895605075,"8","SLC6A6"
5.74116208082197e-08,0.68736946454142,0.351,0.256,0.0013843664125486,"8","PLA2G7"
9.08580487510452e-08,0.800848958198194,0.551,0.493,0.00219086012953395,"8","GLIPR1"
9.58942226402878e-08,0.573509078402549,0.511,0.408,0.00231229739052526,"8","MT-ND6"
2.67899093217911e-07,0.528787616649934,0.278,0.191,0.00645985083476349,"8","EDEM1"
2.82147588471929e-07,0.531625443375443,0.303,0.212,0.00680342480082363,"8","TBC1D7"
4.62286835124257e-07,0.581980835510094,0.259,0.176,0.0111471224553512,"8","ADSS"
9.11475706073511e-07,0.593871510905037,0.262,0.179,0.0219784137005506,"8","LINC-PINT"
1.01161415694202e-06,0.773321627764473,0.681,0.656,0.024393052166343,"8","SERPINB1"
1.25298669411738e-06,0.897101915464932,0.36,0.286,0.0302132681552525,"8","GLRX"
1.26787317991212e-06,0.924740884578362,0.358,0.278,0.030572225987221,"8","ISG15"
1.34440432202074e-06,0.71518617598108,0.378,0.298,0.0324176214168861,"8","TWISTNB"
1.57262784645302e-06,0.635482722876451,0.264,0.187,0.0379207752615216,"8","RRAGC"
1.87075863799453e-06,0.516838226377832,0.289,0.206,0.0451096030379622,"8","PRXL2C"
2.39312124116843e-06,0.532344812645341,0.463,0.373,0.0577053324882944,"8","IL10RA"
2.77904448279437e-06,0.518061865609886,0.293,0.211,0.0670110996136207,"8","PSMD12"
4.33897975855358e-06,0.580882280789186,0.417,0.344,0.104625818918002,"8","HLA-DQA2"
4.75204250053379e-06,0.871230486190688,0.28,0.21,0.114586000815371,"8","PMP22"
4.82303216162891e-06,0.559139664738495,0.268,0.192,0.116297774513358,"8","RAB13"
6.65612622100461e-06,0.530347449677974,0.342,0.263,0.160499171567084,"8","PDCD6IP"
7.64036003845578e-06,0.508196996763651,0.271,0.196,0.184232001607284,"8","CAPN2"
8.25707166929073e-06,0.543971316225168,0.33,0.251,0.199102769161607,"8","PIK3AP1"
2.1917495155791e-05,0.569982970506346,0.271,0.199,0.528496560691588,"8","AC100810.1"
2.89814968651018e-05,0.539799374821143,0.271,0.203,0.6988308339082,"8","TLR4"
0.000511358419096619,0.541994053989828,0.42,0.372,1,"8","OSBPL8"
0.000958413211545954,0.501393241956028,0.293,0.237,1,"8","ASAP1"
0.00148279947224764,0.566139963794742,0.261,0.211,1,"8","CHMP2B"
0.00558276254664662,0.522024673093167,0.262,0.216,1,"8","MDM2"
0.00905791795640892,0.568052770465597,0.257,0.218,1,"8","CREB5"
0,7.9057442497013,0.895,0.008,0,"9","CLEC9A"
0,5.10476733416422,0.898,0.068,0,"9","WDFY4"
0,3.8755919905713,0.889,0.074,0,"9","IDO1"
0,4.88023919866688,0.955,0.14,0,"9","CPNE3"
0,5.93931808056557,0.805,0.024,0,"9","CADM1"
0,3.97326491850657,0.818,0.105,0,"9","DNASE1L3"
0,3.32198928468563,0.761,0.123,0,"9","FLT3"
0,3.42530435484816,0.684,0.094,0,"9","NET1"
0,4.0513128850217,0.625,0.053,0,"9","RUBCNL"
0,4.68776995835934,0.593,0.029,0,"9","HLA-DOB"
0,3.90433605530849,0.611,0.063,0,"9","CCND1"
0,7.49851357606988,0.55,0.008,0,"9","TACSTD2"
0,4.41519234402658,0.577,0.038,0,"9","EGLN3"
0,6.76217472525201,0.43,0.004,0,"9","CLNK"
0,4.29258304490181,0.389,0.023,0,"9","C1orf21"
0,9.89562003242759,0.364,0.001,0,"9","XCR1"
0,7.40122474153546,0.359,0.002,0,"9","DBN1"
0,4.77501925858242,0.311,0.012,0,"9","TMEM14A"
2.83099615067034e-320,3.58525668917315,0.605,0.075,6.8263810181114e-316,"9","RAB7B"
1.53143021890594e-296,3.08083682050388,0.82,0.168,3.6927376868479e-292,"9","TAP1"
2.90800691902524e-286,3.04975855628812,0.895,0.25,7.01207708384557e-282,"9","C1orf54"
3.28520016243914e-286,3.70839820750424,0.391,0.031,7.92160315168949e-282,"9","ITGB7"
2.46024937223153e-278,2.84052613237973,0.652,0.098,5.93239931126189e-274,"9","ICAM3"
1.90619171828201e-272,4.14847330896353,0.295,0.017,4.59640009029341e-268,"9","TSPAN13"
2.29292259391139e-271,4.33247577202532,0.332,0.023,5.52892425069853e-267,"9","PLPP1"
2.28170693510177e-268,3.76756798402223,0.398,0.035,5.50187993261089e-264,"9","SEMA7A"
1.61623000341398e-260,3.20196881899695,0.527,0.068,3.89721540723212e-256,"9","VAC14"
4.88973336418652e-257,2.91738483348849,0.993,0.712,1.1790614061063e-252,"9","CPVL"
2.53459892209261e-244,3.33437577134931,0.486,0.061,6.11167838084191e-240,"9","CCSER1"
2.27382900643163e-239,3.97804635505194,0.298,0.021,5.4828838832086e-235,"9","PLCD1"
5.90076557741842e-234,2.75811447161873,0.973,0.661,1.4228516036829e-229,"9","SNX3"
1.31441060498948e-231,2.54602427493047,0.73,0.15,3.16943829181112e-227,"9","SLAMF7"
8.59023741364538e-224,2.75422025563643,0.707,0.154,2.07136394755231e-219,"9","TAP2"
1.41394677043574e-217,4.02239054812032,0.289,0.022,3.4094498475517e-213,"9","PNMA1"
1.77266579449541e-213,2.72052190848233,0.655,0.131,4.27442903026678e-209,"9","DAPP1"
6.10116862254894e-213,2.43513337507651,0.891,0.32,1.47117478995523e-208,"9","SHTN1"
1.10868529121446e-210,2.9786343076429,0.598,0.112,2.67337284270543e-206,"9","CAMK2D"
9.84995390002878e-208,2.86335274546914,0.739,0.188,2.37511938391394e-203,"9","G3BP2"
1.93380892626362e-206,2.93993032092512,0.514,0.081,4.66299346389948e-202,"9","KIF16B"
2.90180630073788e-206,2.36874916379342,0.811,0.241,6.99712553296925e-202,"9","CYB5R3"
3.0267946212573e-204,3.65743494825532,0.323,0.031,7.29850987023773e-200,"9","PTK2"
1.76550682574869e-201,2.53956023125432,0.782,0.219,4.25716660892781e-197,"9","ASAP1"
3.5297501728839e-201,3.66940208706284,0.432,0.059,8.51128659187495e-197,"9","CALCRL"
2.68940068008197e-187,3.74097411351007,0.273,0.023,6.48495185988166e-183,"9","AIM2"
2.97347878825361e-182,4.07545281542613,0.436,0.069,7.16994940211594e-178,"9","S100B"
9.84438395859717e-177,2.66701080763674,0.68,0.173,2.37377630393654e-172,"9","CCDC6"
1.71905574080843e-173,1.81243968936587,0.966,0.581,4.14515910781136e-169,"9","LSP1"
7.92682514124229e-173,2.40292865675372,0.609,0.135,1.91139534630775e-168,"9","ANXA6"
2.01211030937348e-172,1.0720210053231,1,0.999,4.85180158899227e-168,"9","CD74"
1.39057460899974e-171,2.75342235474915,0.593,0.134,3.35309255468107e-167,"9","CYP2S1"
6.51782908628242e-167,2.8547496331727,0.466,0.081,1.57164412757528e-162,"9","GPR157"
1.30699383186912e-165,2.83032323472222,0.486,0.09,3.15155422678601e-161,"9","TMEM50B"
1.93459912594307e-160,1.2248025040097,1,0.971,4.66489887238653e-156,"9","HLA-DPA1"
3.85186280012474e-160,3.54380047596606,0.268,0.027,9.28799676994079e-156,"9","CCDC126"
8.97952187527239e-158,2.22146042515598,0.809,0.306,2.16523210978443e-153,"9","NAAA"
5.92357760943669e-157,3.63039569550297,0.289,0.032,1.42835226896347e-152,"9","TMEM97"
2.49044648104543e-152,2.53012036798,0.777,0.278,6.00521359974485e-148,"9","RAB11FIP1"
3.91827123616902e-151,2.36219872143347,0.702,0.216,9.44812743177435e-147,"9","DUSP4"
6.64789446155661e-151,2.40109479287361,0.618,0.156,1.60300679151514e-146,"9","ELOVL5"
1.15133571386496e-147,3.14531355715073,0.332,0.046,2.77621580684258e-143,"9","SERPINF2"
2.97298002011641e-147,1.88703233013861,0.843,0.365,7.16874672250671e-143,"9","CNN2"
3.31745518903455e-147,2.59706920785899,0.407,0.067,7.99937969731901e-143,"9","MCOLN2"
1.87403243286997e-146,3.16307824888446,0.327,0.045,4.51885440537936e-142,"9","PLEKHA5"
6.21198570604919e-144,2.5121369684467,0.536,0.124,1.49789611329964e-139,"9","DENND1B"
5.41683793350003e-142,1.18727680144169,1,0.963,1.30616213090486e-137,"9","HLA-DPB1"
2.5144502750541e-141,2.44768867732429,0.8,0.345,6.06309394823794e-137,"9","IRF8"
2.76166208606068e-138,2.29304402910986,0.618,0.177,6.65919578811811e-134,"9","MZT2A"
2.49032652813907e-132,2.96329051884406,0.343,0.054,6.00492435730174e-128,"9","BATF3"
4.00209815898367e-132,2.20161494715721,0.845,0.413,9.65025929075733e-128,"9","ATP1A1"
2.61466553633261e-131,1.43525247710235,0.998,0.947,6.30474300775882e-127,"9","ACTG1"
5.28669930566104e-124,1.74950793513152,0.961,0.722,1.27478180357405e-119,"9","LCP1"
2.84116925979583e-122,3.32206520401633,0.261,0.034,6.85091143614569e-118,"9","P2RY14"
2.13105685422278e-121,1.44065021276538,1,0.978,5.13861739258739e-117,"9","CST3"
1.06480247946161e-120,2.81151271412998,0.43,0.093,2.56755821872579e-116,"9","ERAP2"
7.39985145865613e-120,2.63693854136974,0.334,0.055,1.78432618222575e-115,"9","PADI2"
1.01773339843166e-119,1.57801968643633,0.932,0.536,2.45406054363826e-115,"9","PPT1"
1.95851536076986e-118,2.38368945957318,0.423,0.09,4.72256808942436e-114,"9","LY75"
7.59657610638512e-118,1.15817034036672,1,0.996,1.83176239653264e-113,"9","ACTB"
1.00380812230687e-115,2.75456911189272,0.357,0.066,2.42048252531856e-111,"9","LDLRAD3"
5.60585364295015e-114,1.23369382287474,0.998,0.837,1.35173948892457e-109,"9","HLA-DQB1"
1.38835134068036e-113,1.39953887646808,0.93,0.595,3.34773158778254e-109,"9","NAP1L1"
3.38364315558028e-112,1.5647626780206,0.82,0.355,8.15897874105072e-108,"9","PPA1"
2.62297666526505e-110,2.20608205517961,0.518,0.14,6.32478363295362e-106,"9","HDAC9"
3.18207743409932e-107,0.921117711220892,1,0.99,7.67294331684369e-103,"9","HLA-DRB1"
1.11747818466707e-106,2.833987407394,0.282,0.044,2.69457514668771e-102,"9","ZNF296"
3.4574285634821e-106,1.10422068701696,0.998,0.854,8.33689749512439e-102,"9","HLA-DQA1"
1.83633283819337e-103,2.11489801444491,0.43,0.1,4.42794937273568e-99,"9","RHOF"
2.5897581608103e-102,2.40046197948603,0.366,0.076,6.24468385316188e-98,"9","RAB29"
2.29009148164252e-99,1.54365837352409,0.816,0.378,5.52209758968462e-95,"9","FNBP1"
2.83690902945497e-99,1.67909422584431,0.73,0.299,6.84063874272477e-95,"9","LIMD2"
3.82853588778087e-99,1.60267827709512,0.707,0.266,9.23174858620601e-95,"9","SEPTIN6"
7.91681566355e-99,2.1539143019997,0.45,0.115,1.90898176095181e-94,"9","CSRP1"
3.93656553710993e-98,1.76685235574204,0.802,0.41,9.49224047963318e-94,"9","LGALS2"
1.94789768581007e-97,2.75919429142074,0.268,0.044,4.69696568979382e-93,"9","DYSF"
1.99028062080042e-95,2.53134260935943,0.316,0.061,4.79916366093604e-91,"9","PIM2"
1.0140328636158e-94,2.45850204007191,0.432,0.113,2.44513744403678e-90,"9","DIPK2A"
6.87445158717668e-94,2.04608614570533,0.52,0.156,1.65763651121591e-89,"9","UPF2"
2.52863578187664e-92,0.846963663354835,1,0.991,6.09729946083913e-88,"9","HLA-DRA"
3.10487165595109e-92,1.47485737796404,0.923,0.614,7.48677702399486e-88,"9","PDIA3"
4.0543081121502e-92,1.65049486484565,0.661,0.248,9.77615315082778e-88,"9","ACTN1"
2.43520383032249e-89,1.67759384413803,0.714,0.318,5.87200699605661e-85,"9","GNA15"
7.50630123790402e-88,1.61059291138176,0.709,0.309,1.8099944174958e-83,"9","ENSA"
7.23103205475479e-86,2.54233951883777,0.259,0.045,1.74361875936302e-81,"9","FLNB"
5.05686555673675e-85,2.66328313142598,0.277,0.053,1.21936199169593e-80,"9","SLC9A7"
9.89769449310202e-85,2.09894870410882,0.491,0.155,2.38663107312169e-80,"9","BCL2L11"
9.27076581911915e-84,2.35440388478247,0.314,0.066,2.2354597619642e-79,"9","PDP1"
2.12386072689097e-83,2.48583061678428,0.311,0.066,5.12126537075219e-79,"9","VAV3"
1.16904198161946e-82,1.25282755136255,0.886,0.557,2.81891093027901e-78,"9","ACTR3"
1.9173905700518e-82,2.000681361742,0.52,0.176,4.62340388156591e-78,"9","EHD4"
4.19400801234354e-82,2.3334437944683,0.309,0.066,1.0113011520164e-77,"9","INPP5F"
5.18122881758997e-80,2.19108345010111,0.439,0.13,1.24934970478547e-75,"9","LRRK2"
5.79044599687091e-80,2.0089073187567,0.507,0.171,1.39625024322548e-75,"9","LDLRAD4"
1.00751246785394e-79,2.30185301991846,0.307,0.066,2.4294148137362e-75,"9","TOMM34"
4.05152083844874e-79,2.60271914027623,0.257,0.048,9.76943219775145e-75,"9","LIMA1"
2.26534630287431e-78,1.59107419897383,0.661,0.285,5.46242954012083e-74,"9","OXSR1"
4.80405037049372e-77,1.24991418514618,0.925,0.828,1.15840066583715e-72,"9","GSTP1"
1.08556156635684e-75,1.96293734447271,0.477,0.157,2.61761460495626e-71,"9","C12orf45"
6.59488768489428e-75,1.86765316085122,0.416,0.118,1.59022526745856e-70,"9","NCOA7"
2.87818473095685e-74,1.24140033006212,0.575,0.218,6.94016684175625e-70,"9","BIRC3"
9.90704779784244e-74,1.90235121752801,0.473,0.156,2.38888643549375e-69,"9","HSD17B12"
1.08024582562552e-73,1.87123651631902,0.514,0.181,2.60479675933081e-69,"9","ST8SIA4"
3.87101092689773e-72,1.24192938841215,0.857,0.507,9.33416864802849e-68,"9","UCP2"
4.75607524285873e-71,2.06793846624884,0.439,0.141,1.14683242331053e-66,"9","FOXN2"
4.83446594225798e-71,2.32812204996877,0.3,0.07,1.16573477265667e-66,"9","FARP2"
2.92748798921363e-70,1.58933340654791,0.602,0.257,7.05905178839083e-66,"9","C1QBP"
3.24060316673025e-70,2.08053699573773,0.35,0.093,7.81406641593665e-66,"9","APOBR"
5.03728394008657e-70,1.88601078401178,0.507,0.184,1.21464027647308e-65,"9","EDEM1"
7.12611835681021e-70,1.49887168846195,0.659,0.288,1.71832091937765e-65,"9","CLIC2"
2.72848724437634e-69,1.88929395390266,0.461,0.154,6.57920129236467e-65,"9","SFT2D2"
8.31031345738515e-69,1.40807436915438,0.725,0.386,2.00386588397928e-64,"9","PSMB9"
1.20092264805217e-67,1.63548367482306,0.577,0.232,2.89578478124821e-63,"9","DST"
2.68689211037216e-67,1.13191280565685,0.97,0.924,6.47890294574038e-63,"9","HSPA8"
3.43921008451378e-67,1.78701613777651,0.484,0.171,8.29296727678809e-63,"9","SERPINF1"
4.25614100042936e-67,0.883823873550858,0.957,0.833,1.02628327943353e-62,"9","TAGLN2"
6.76993663320508e-67,1.49692882043017,0.645,0.301,1.63243482036474e-62,"9","C20orf27"
1.12774659200187e-66,2.04328685909079,0.323,0.083,2.71933535729412e-62,"9","AGPAT1"
4.75186778333583e-66,1.99987835295558,0.375,0.111,1.14581787859577e-61,"9","ADD3"
1.38282388942125e-65,1.49031043686813,0.598,0.251,3.33440324456146e-61,"9","CCT2"
1.89267632060904e-65,1.95459039736228,0.373,0.109,4.56381041188457e-61,"9","NIBAN1"
4.52805417436097e-65,1.30724859332645,0.73,0.362,1.09184970306366e-60,"9","TUBA1A"
6.85230883141183e-65,1.76879213291711,0.42,0.133,1.65229722851833e-60,"9","ACSL5"
1.16726577462912e-64,2.03289053831871,0.336,0.091,2.81462796236319e-60,"9","KCNK6"
4.43162019564417e-64,1.27568367479929,0.607,0.255,1.06859657777568e-59,"9","MARCKSL1"
1.32108532216605e-63,0.612416396513072,1,0.997,3.185533037339e-59,"9","HLA-B"
4.71337354059831e-63,1.97665311975207,0.38,0.117,1.13653576184447e-58,"9","CBL"
1.08807601774101e-62,2.13905097823801,0.27,0.063,2.62367770157889e-58,"9","MAP4K1"
3.79474300236126e-62,1.77293192514733,0.414,0.135,9.15026380159371e-58,"9","NME4"
1.41357287174842e-61,1.34143004410418,0.67,0.328,3.40854826564698e-57,"9","NDUFV2"
1.66615813557448e-61,1.8133008404432,0.395,0.125,4.01760711231074e-57,"9","SBNO1"
2.82181370609871e-61,2.00678726688233,0.361,0.109,6.80423938951583e-57,"9","SDHA"
1.33406547236384e-59,2.24796714647097,0.268,0.065,3.21683207351093e-55,"9","MYO9A"
3.09523103883192e-59,2.09341938597908,0.291,0.075,7.4635306039354e-55,"9","LMNB1"
6.02101929348092e-59,0.883477398570842,0.943,0.739,1.45184838223705e-54,"9","CALR"
1.00995617017164e-58,1.98090404028395,0.418,0.147,2.43530731313488e-54,"9","CD40"
2.46663265714742e-58,1.71484601730228,0.368,0.112,5.94779132617958e-54,"9","NDRG2"
6.61874839767021e-58,0.788947593126871,0.991,0.832,1.59597880113022e-53,"9","LYZ"
1.29262437449291e-57,1.57436166058864,0.414,0.138,3.11690515421475e-53,"9","BUD23"
3.11174625573979e-57,1.17185096714785,0.827,0.622,7.50335374646536e-53,"9","RGS10"
8.38482544781458e-57,1.31355294211146,0.918,0.72,2.02183296023153e-52,"9","HLA-DRB5"
1.88715966132369e-56,1.31060651137194,0.545,0.225,4.5505080913498e-52,"9","ANPEP"
1.60984117882249e-55,2.07389665890551,0.264,0.066,3.88181003449468e-51,"9","DCTPP1"
2.1077322108135e-55,2.01572858461271,0.3,0.083,5.08237467993458e-51,"9","LYRM4"
3.27134339292211e-55,1.46796328447145,0.55,0.235,7.88819032335308e-51,"9","ETV6"
1.50257743156961e-54,2.06254528235877,0.27,0.07,3.6231649607438e-50,"9","HACD2"
2.12990584499492e-54,1.87574086732451,0.355,0.112,5.13584196403624e-50,"9","ARHGAP5"
4.49251321275282e-54,1.31045576222295,0.782,0.503,1.08327971099109e-49,"9","MYADM"
8.56399074781401e-54,1.82060378799953,0.327,0.098,2.06503508902039e-49,"9","TPMT"
2.01298606041115e-53,1.76649020552133,0.364,0.118,4.8539132874694e-49,"9","UBL7"
3.01164473742931e-53,1.64481795863709,0.364,0.116,7.2619789553633e-49,"9","FLOT2"
5.51186404193635e-53,1.66982676902911,0.634,0.326,1.32907577643211e-48,"9","WARS"
8.54336570624248e-53,0.618606726333328,0.995,0.969,2.06006177274625e-48,"9","PABPC1"
8.63323531194477e-53,1.04447559494077,0.93,0.75,2.08173203076924e-48,"9","CD83"
1.05881098891855e-52,1.73817636068695,0.468,0.186,2.5531109375793e-48,"9","VMO1"
1.09966527984911e-52,2.11705612261232,0.277,0.075,2.65162288930016e-48,"9","N4BP2"
1.74078085407519e-52,1.30652452732169,0.707,0.413,4.1975448734315e-48,"9","TAPBP"
6.63664501528257e-52,1.57296867440558,0.416,0.15,1.60029421253509e-47,"9","REEP3"
1.06719623444431e-51,1.05080636688067,0.732,0.399,2.57333028011557e-47,"9","HMGA1"
1.97379000965602e-51,1.37375906086733,0.407,0.142,4.75939985028356e-47,"9","SEPHS2"
2.65782798101255e-51,1.75808197061812,0.336,0.106,6.40882061061557e-47,"9","F11R"
3.18612712209233e-50,0.915745061617026,0.866,0.623,7.68270832950125e-46,"9","ZYX"
1.83489203176019e-49,1.85061090171588,0.316,0.098,4.42447515618334e-45,"9","KIF2A"
2.32555637465041e-49,0.773375094838749,0.936,0.74,5.60761408619453e-45,"9","PPIB"
4.35678221445883e-49,1.56261011194344,0.484,0.21,1.05055089537246e-44,"9","CDK2AP2"
5.13801311070201e-49,0.74203990421684,0.973,0.798,1.23892910138358e-44,"9","S100A10"
5.95048671188645e-49,0.826224126548272,0.839,0.476,1.43484086083718e-44,"9","CORO1A"
9.06226376348713e-49,1.53195200765391,0.382,0.133,2.18518366128965e-44,"9","IFT20"
1.10846433824601e-48,1.70427200845613,0.361,0.125,2.6728400588126e-44,"9","LSM6"
5.76634073948191e-48,1.5817408177671,0.441,0.178,1.39043774251127e-43,"9","VDR"
1.07653214316853e-47,1.3666951520425,0.898,0.75,2.59584195682228e-43,"9","HSPD1"
2.12402107410259e-47,1.90178751813835,0.341,0.115,5.12165201598357e-43,"9","SLC5A3"
3.57960605002383e-46,0.947069853730108,0.839,0.558,8.63150406842246e-42,"9","PTPRE"
6.75079056194807e-46,1.39966588189883,0.536,0.253,1.62781812820254e-41,"9","RAB8B"
9.00520361049194e-45,1.31276384072204,0.52,0.239,2.17142474659792e-40,"9","NDEL1"
9.0324500391635e-45,0.512301385893252,1,0.981,2.17799467794349e-40,"9","HLA-C"
2.08921329508955e-44,1.61868089646913,0.375,0.139,5.03772001844943e-40,"9","MCM5"
1.46405091658681e-43,0.718133775644999,0.923,0.667,3.53026597516578e-39,"9","PKM"
2.53437747786272e-43,0.935447699952898,0.893,0.869,6.11114441237039e-39,"9","EEF1B2"
4.44893037477518e-43,1.01987670770288,0.725,0.451,1.07277058126954e-38,"9","BRD2"
9.34348532417506e-43,1.57761866446511,0.361,0.133,2.25299461621833e-38,"9","DESI2"
1.54410349471023e-42,1.4112155792586,0.659,0.387,3.72329675679477e-38,"9","SRSF7"
4.43252075444677e-42,1.74587291292291,0.255,0.074,1.06881372951975e-37,"9","PSTPIP1"
6.83363590269433e-42,0.770011300538965,0.814,0.505,1.64779462521668e-37,"9","BASP1"
7.86087386465252e-42,1.57395798697078,0.327,0.114,1.89549251498366e-37,"9","R3HDM4"
1.08747329600105e-41,1.36531604157237,0.614,0.347,2.62222435864732e-37,"9","MPEG1"
1.09161228675096e-41,1.36276931020152,0.352,0.126,2.6322047070426e-37,"9","SELL"
3.27956662688353e-41,1.52467924117008,0.341,0.122,7.90801900740425e-37,"9","SERTAD3"
3.69242741425472e-41,1.18872835634151,0.532,0.255,8.9035502239924e-37,"9","CCT8"
5.57984520457637e-41,1.22429731962068,0.539,0.261,1.3454680741795e-36,"9","ARL5A"
6.69027386466154e-41,1.58954354347071,0.318,0.11,1.61322573698584e-36,"9","HSDL2"
9.1743456043598e-41,1.2962367521201,0.516,0.247,2.21220995557928e-36,"9","ACER3"
1.06880051272639e-40,1.51656275758123,0.823,0.614,2.57719867633715e-36,"9","TXN"
1.10476564246858e-40,1.15758047410277,0.643,0.368,2.6639213936845e-36,"9","ATP1B1"
2.96441677308407e-40,1.20783145958924,0.577,0.304,7.14809816493761e-36,"9","STK4"
3.11698850086604e-40,1.23780016283595,0.461,0.199,7.51599437213829e-36,"9","RAB11A"
5.33062792196928e-40,1.4427686923272,0.436,0.188,1.28537431082445e-35,"9","PARP1"
7.4472904430222e-40,1.37356907161191,0.482,0.225,1.79576514452594e-35,"9","SMARCA5"
9.7583913896435e-40,1.10759216358108,0.673,0.396,2.35304091578474e-35,"9","BID"
1.16458030006726e-39,1.34434799153796,0.411,0.169,2.80815247755219e-35,"9","TOR3A"
1.24303452622216e-39,0.925187850236777,0.693,0.397,2.99732915307949e-35,"9","PAK1"
1.64804217503336e-39,1.57993601364948,0.314,0.11,3.97392409665794e-35,"9","DANCR"
2.06898439714956e-39,1.51889994419686,0.314,0.109,4.98894207684673e-35,"9","PTGES2"
3.79319988846057e-39,0.873809650616987,0.786,0.544,9.14654289104498e-35,"9","EIF3L"
5.40437525331058e-39,1.01281991853282,0.607,0.321,1.30315700483078e-34,"9","SPINT2"
5.95772969388629e-39,0.685029926466378,0.92,0.73,1.4365873610868e-34,"9","ENO1"
1.97313268266393e-37,2.13312725568821,0.25,0.08,4.75781483770753e-33,"9","BCL6"
2.68634442521653e-37,1.29197416795444,0.35,0.132,6.47758231252462e-33,"9","STK17A"
3.12177358257101e-37,0.880207194352771,0.866,0.65,7.52753263965349e-33,"9","SERPINB1"
3.61604238291019e-37,0.976158736416989,0.68,0.398,8.71936299791134e-33,"9","ATG3"
5.4421037833719e-37,1.36640959898902,0.384,0.157,1.31225448528447e-32,"9","IGFBP7"
6.77321093115543e-37,0.897140875121025,0.802,0.528,1.63322435182951e-32,"9","CD55"
9.26678837043583e-37,0.85081216030264,0.716,0.426,2.23450067976319e-32,"9","HMGN1"
9.3243991332694e-37,1.81183334035341,0.298,0.106,2.24839236300525e-32,"9","SERPINH1"
1.9655911460146e-36,0.888150238453671,0.823,0.591,4.73962993038501e-32,"9","SAMHD1"
2.17381410324788e-36,1.72248106456868,0.259,0.085,5.24171794716161e-32,"9","PLCG2"
3.05629776389966e-36,1.30046693481853,0.532,0.286,7.36965079809124e-32,"9","ZC3HAV1"
4.03801657753025e-36,1.58900406430604,0.286,0.1,9.73686937339869e-32,"9","SEPTIN11"
4.33760534782364e-36,0.737994848814265,0.836,0.662,1.04592677752072e-31,"9","ATP5F1B"
4.57115047454704e-36,1.33748072728608,0.43,0.193,1.10224151392753e-31,"9","KPNA2"
7.96134426716005e-36,1.31177707782838,0.493,0.24,1.9197189431403e-31,"9","MIR181A1HG"
3.05788392911381e-35,1.33132554276068,0.366,0.148,7.37347551827213e-31,"9","UNC119"
3.54059526520222e-35,1.39719209042986,0.355,0.142,8.53743736298211e-31,"9","BZW2"
1.45967385645935e-34,1.24744716266975,0.477,0.237,3.51971157008043e-30,"9","IDH2"
2.01443888670559e-34,1.5972551046625,0.275,0.096,4.85741648751319e-30,"9","CAND1"
8.58213844455986e-34,1.73788012216938,0.25,0.084,2.06941104313672e-29,"9","QPCT"
9.16764559855669e-34,0.665274475156724,0.895,0.75,2.21059438317998e-29,"9","SLC25A3"
1.05757026456205e-33,0.730165256056167,0.807,0.648,2.55011917893847e-29,"9","PSME1"
1.15359083126071e-33,1.12181777590755,0.545,0.299,2.78165357141894e-29,"9","LDHB"
1.42369928146207e-33,0.894817975461008,0.65,0.377,3.43296607738949e-29,"9","ARF6"
1.79510567209524e-33,0.548511252675615,0.945,0.874,4.32853830712326e-29,"9","ARPC2"
4.11955176955017e-33,0.910830425340023,0.625,0.357,9.93347518191633e-29,"9","PTP4A2"
8.39550740110788e-33,1.50588643157172,0.311,0.121,2.02440869962914e-28,"9","AIDA"
1.03978175571045e-32,1.52032935445989,0.293,0.11,2.50722574754461e-28,"9","SSRP1"
1.22951662630239e-32,1.24611273473864,0.382,0.165,2.96473344100294e-28,"9","CNPPD1"
1.3165884457917e-32,1.64511720120974,0.275,0.1,3.17468971933753e-28,"9","NKRF"
1.34399045196418e-32,1.47699105239718,0.382,0.172,3.24076417682123e-28,"9","NFAT5"
2.54014071026191e-32,1.63756402507168,0.305,0.119,6.12504129465454e-28,"9","LBR"
2.82100905987255e-32,0.692927919717408,0.807,0.578,6.80229914607068e-28,"9","GDI2"
3.42569953250261e-32,1.08271568182155,0.511,0.265,8.26038928272353e-28,"9","SMCHD1"
5.9616135093201e-32,1.62760402489139,0.266,0.096,1.43752386550236e-27,"9","STT3A"
8.21440459933773e-32,1.4280030346099,0.32,0.128,1.98073938103831e-27,"9","SMC5"
1.29733048485321e-31,1.34904283385024,0.32,0.127,3.12825299812654e-27,"9","PPM1M"
1.73402334089866e-31,0.753726679470622,0.823,0.59,4.18125048190895e-27,"9","PSME2"
2.22096908457279e-31,1.15219319510064,0.427,0.199,5.35542275363037e-27,"9","PPP1CC"
3.42955281076288e-31,1.35604075353374,0.395,0.183,8.26968069259253e-27,"9","LPP"
4.36728015438594e-31,1.091399048734,0.627,0.396,1.05308226362708e-26,"9","MYH9"
4.68271915941584e-31,1.14566382337013,0.459,0.23,1.12914407090994e-26,"9","EIF6"
6.675289750869e-31,1.34855953191694,0.318,0.127,1.60961261762704e-26,"9","AKR7A2"
7.97218110162087e-31,1.20104516454449,0.466,0.235,1.92233202903384e-26,"9","IRAK2"
8.01427643258665e-31,1.3223966784335,0.616,0.395,1.93248247618962e-26,"9","SLC38A2"
8.78033042798824e-31,0.85784676437017,0.664,0.416,2.1172010761008e-26,"9","VCP"
1.17172497273014e-30,0.941574549298641,0.62,0.381,2.82538042674418e-26,"9","TRMT112"
1.25026114677601e-30,1.11629662096759,0.416,0.192,3.01475470322098e-26,"9","PRMT1"
1.51152498962153e-30,1.52735974920983,0.257,0.092,3.6447402074744e-26,"9","SINHCAF"
1.71427652074423e-30,0.890374929937484,0.632,0.385,4.13363497447056e-26,"9","XRCC6"
1.97195010903053e-30,1.5740061951163,0.289,0.112,4.75496329790531e-26,"9","MIA3"
3.06660668452663e-30,0.841891777545076,0.777,0.578,7.39450869839907e-26,"9","CMTM6"
3.41414110676724e-30,0.661800419421156,0.857,0.623,8.23251845074786e-26,"9","RGCC"
3.75661845484315e-30,1.06743578837045,0.575,0.332,9.05833408016328e-26,"9","MBP"
5.6566950304255e-30,1.11644520836441,0.391,0.176,1.3639988726865e-25,"9","SULF2"
6.11163494839946e-30,1.65895071062995,0.273,0.104,1.47369853510756e-25,"9","SLC46A3"
7.22426055343871e-30,1.28851363609402,0.3,0.118,1.74198594725068e-25,"9","SLC38A1"
9.11462903136898e-30,1.13183120923508,0.584,0.348,2.197810498334e-25,"9","CACYBP"
1.03441734367162e-29,0.907606714337615,0.684,0.468,2.49429054079537e-25,"9","EIF5A"
1.4118209213856e-29,1.07883757978411,0.382,0.168,3.40432378773709e-25,"9","CST7"
2.01977235721897e-29,1.5522188396899,0.257,0.094,4.87027708496211e-25,"9","OSBPL9"
2.14869919597375e-29,1.21762877818127,0.366,0.163,5.1811583712515e-25,"9","SELPLG"
2.7279287219914e-29,0.540056047788642,0.918,0.874,6.57785452733785e-25,"9","RPL4"
3.89742659674078e-29,1.14378161363881,0.461,0.24,9.39786475272105e-25,"9","LRRFIP2"
5.02674884596228e-29,0.985730642462756,0.55,0.31,1.21209994922688e-24,"9","GPR137B"
6.18965998655682e-29,1.1520322608553,0.464,0.241,1.49251271255845e-24,"9","PACSIN2"
1.33175560081441e-28,1.29610638352906,0.336,0.145,3.21126228024379e-24,"9","SMARCC1"
1.4609006253291e-28,1.13850172441473,0.37,0.166,3.52266967785607e-24,"9","SMIM14"
2.67688136808138e-28,1.21449145240659,0.416,0.206,6.45476404285462e-24,"9","TOB2"
3.5252723590427e-28,1.67758817335643,0.255,0.096,8.50048923935966e-24,"9","SCARB1"
3.73425067285952e-28,1.53610257595557,0.352,0.164,9.00439864746617e-24,"9","APAF1"
4.12213363838411e-28,1.04290362947996,0.47,0.249,9.93970084223561e-24,"9","PTPN2"
1.06155908606937e-27,0.861217535789109,0.595,0.356,2.55973742423908e-23,"9","NDUFC2"
1.47010334836369e-27,1.51800951407487,0.264,0.102,3.54486020390937e-23,"9","HTT"
2.17793360264285e-27,0.921839249718673,0.555,0.321,5.25165129605271e-23,"9","APH1A"
2.29071385238857e-27,0.94741720557494,0.516,0.28,5.52359831226457e-23,"9","ITSN2"
5.14031469922826e-27,1.51760392524979,0.252,0.096,1.23948408342491e-22,"9","MAP3K1"
5.25777197821915e-27,1.4835543071737,0.25,0.094,1.26780655710798e-22,"9","CRYBG3"
5.77726732482524e-27,1.10445499568951,0.764,0.609,1.39307247003511e-22,"9","AHNAK"
6.23042811210432e-27,0.773991293348822,0.718,0.499,1.50234313067171e-22,"9","CCDC88A"
7.43631356698092e-27,0.650547953899597,0.875,0.712,1.79311829040611e-22,"9","CXCL16"
1.14335751235131e-26,1.14474147530824,0.561,0.347,2.75697796953272e-22,"9","BACH1"
1.22139775291491e-26,0.838177690946131,0.459,0.227,2.94515640160372e-22,"9","PLP2"
1.25490345588726e-26,1.30056240253026,0.298,0.124,3.02594870318096e-22,"9","TMED3"
1.32612176948465e-26,0.77377707977723,0.655,0.411,3.19767742275833e-22,"9","ATP5F1A"
1.61185690771588e-26,0.755290202092561,0.855,0.708,3.8866705615753e-22,"9","NCL"
2.80589802944576e-26,0.827616062364443,0.598,0.356,6.76586191840257e-22,"9","PTMS"
2.81079476105852e-26,1.1045499898937,0.418,0.214,6.77766940734041e-22,"9","SRI"
2.8397932689897e-26,1.12943218072858,0.452,0.241,6.84759350951486e-22,"9","SLC25A33"
2.87575079608892e-26,1.01234640272347,0.452,0.235,6.9342978946092e-22,"9","VOPP1"
2.95177752733147e-26,1.14519217845482,0.395,0.194,7.11762115165436e-22,"9","PSMA3"
3.82240599010467e-26,1.61190158877641,0.261,0.105,9.2169675639394e-22,"9","PIK3CB"
4.27736577508183e-26,0.625304137526224,0.88,0.875,1.03140120934548e-21,"9","RPSA"
7.64860127676313e-26,1.16635797704142,0.377,0.183,1.84430722586589e-21,"9","SMCO4"
8.86297168662319e-26,1.26690110788996,0.307,0.133,2.13712836279545e-21,"9","SLC1A5"
1.26072956486252e-25,1.20804438779285,0.355,0.162,3.039997199753e-21,"9","NOP58"
1.61464623218574e-25,1.29621062685403,0.364,0.175,3.89339645966947e-21,"9","SETX"
1.87012114507487e-25,1.0826287679483,0.457,0.249,4.50942311711902e-21,"9","RAB5A"
2.61473603785456e-25,1.29251580869529,0.393,0.201,6.30491300807871e-21,"9","TMX1"
3.57698592189053e-25,0.861504839392745,0.58,0.352,8.62518615345463e-21,"9","CCT6A"
9.29472383723699e-25,0.996274030091127,0.58,0.371,2.24123675887296e-20,"9","PRKAR1A"
9.46846372348693e-25,1.17009958365641,0.368,0.178,2.2831306576444e-20,"9","TNFRSF10B"
1.32064379668508e-24,0.582060822893727,0.898,0.741,3.18446838694673e-20,"9","PLEK"
1.34905549267135e-24,0.710756607152464,0.677,0.448,3.25297750947843e-20,"9","SET"
1.44782156160219e-24,1.01215297826035,0.457,0.245,3.49113213149136e-20,"9","ATRX"
1.57482816232389e-24,1.30004370539576,0.291,0.126,3.79738314781161e-20,"9","SLC9A9"
1.99316177412971e-24,1.01944887488313,0.368,0.175,4.80611098595897e-20,"9","EIF5B"
2.23906422319298e-24,1.32530935201147,0.302,0.135,5.39905556138524e-20,"9","NOLC1"
2.60667891316065e-24,0.759570340989416,0.982,0.962,6.28548486330427e-20,"9","HSP90AB1"
6.3721161285517e-24,1.19876995602777,0.3,0.131,1.53650836207767e-19,"9","LPGAT1"
7.27809310012626e-24,0.984789644521125,0.611,0.411,1.75496658923344e-19,"9","PFKFB3"
7.56139830522599e-24,1.11423801395722,0.291,0.124,1.82327997333914e-19,"9","AFF3"
7.90641664082997e-24,0.839241585001471,0.582,0.378,1.90647424460333e-19,"9","MZT2B"
9.75510734283311e-24,1.34533498333918,0.259,0.106,2.35224903357735e-19,"9","ADSL"
1.08742653395678e-23,1.01552202211375,0.434,0.231,2.62211160133e-19,"9","HNRNPR"
1.29415632506464e-23,0.581882494266417,0.814,0.624,3.12059914662836e-19,"9","HNRNPK"
1.47389805375566e-23,0.981777263976902,0.489,0.283,3.55401037702102e-19,"9","CCT3"
1.48580446485577e-23,1.25642085284601,0.291,0.127,3.58272030610672e-19,"9","ARPC5L"
1.51301397274155e-23,0.838285531480564,0.8,0.643,3.64833059247169e-19,"9","ID2"
2.11207436305431e-23,0.839464501490297,0.527,0.307,5.09284491163286e-19,"9","NFKBID"
3.01263110659355e-23,0.870981522197988,0.68,0.483,7.26435738732902e-19,"9","SERPINB9"
3.17852811433841e-23,0.541413428055431,0.857,0.639,7.66438484210422e-19,"9","TPM4"
3.74546451280828e-23,1.29106214714295,0.33,0.159,9.0314385797346e-19,"9","MAP4"
4.17314896955301e-23,0.746106730763168,0.709,0.511,1.00627141102832e-18,"9","DUSP2"
4.7730362045124e-23,1.42787052124934,0.28,0.123,1.15092221999407e-18,"9","ATF7IP"
6.14168989573244e-23,0.683942783472777,0.995,0.997,1.48094568455796e-18,"9","TMSB4X"
6.23417124698368e-23,1.18559729105322,0.325,0.152,1.50324571278517e-18,"9","PSMC6"
6.55014400661726e-23,0.950744293198562,0.452,0.248,1.57943622431562e-18,"9","PTRHD1"
7.2175339085909e-23,0.9665323670349,0.402,0.206,1.74036395137852e-18,"9","TRABD"
9.96392773580422e-23,0.998146623918917,0.355,0.17,2.40260189493447e-18,"9","SERTAD2"
1.00903060124501e-22,1.24013710335233,0.259,0.108,2.43307548878208e-18,"9","CD38"
1.51427043203393e-22,0.652031807424861,0.775,0.649,3.65136029276342e-18,"9","HINT1"
1.55686535204046e-22,1.05000109846353,0.402,0.212,3.75406942337516e-18,"9","PPM1G"
1.6275204715435e-22,0.899418171176363,0.714,0.522,3.92444011303283e-18,"9","JMJD1C"
2.11107093789748e-22,1.31343236738262,0.286,0.129,5.09042535255219e-18,"9","FLT1"
2.42292420454538e-22,1.21348710647889,0.311,0.146,5.84239713442028e-18,"9","MAP3K13"
3.07350903579883e-22,0.978302295747604,0.436,0.237,7.41115233802172e-18,"9","MRPS6"
3.58681551754556e-22,1.01963968021874,0.386,0.201,8.64888825745761e-18,"9","DNAJB9"
4.42215930803123e-22,1.28092955867659,0.314,0.149,1.06631527394557e-17,"9","TRPS1"
4.53088611998427e-22,1.07072609651288,0.377,0.195,1.09253257011181e-17,"9","PKIB"
5.29436890438379e-22,0.798089886667487,0.611,0.4,1.27663117391406e-17,"9","CKLF"
5.35050909261663e-22,0.997680063333447,0.359,0.178,1.29016825750265e-17,"9","CRYBG1"
5.67428433457757e-22,1.20181835578196,0.298,0.136,1.36824018159669e-17,"9","AFTPH"
6.64023278617641e-22,0.591163210863499,0.836,0.825,1.60115933173072e-17,"9","NME2"
7.02281867680509e-22,1.10999845880966,0.339,0.165,1.69341226753801e-17,"9","OAZ2"
8.03077679496955e-22,0.668104054665911,0.766,0.592,1.93646120857101e-17,"9","CAP1"
8.82696059159826e-22,0.675010447070518,0.757,0.586,2.12844500745209e-17,"9","MTDH"
9.26547532963966e-22,0.946267490470238,0.43,0.232,2.23418406623601e-17,"9","MYD88"
1.29076404053909e-21,1.05374846299382,0.35,0.173,3.11241933095191e-17,"9","MCUR1"
1.86169685776188e-21,0.950370997810208,0.461,0.261,4.48910963312122e-17,"9","CIITA"
1.94205557160934e-21,0.89581546104668,0.591,0.389,4.6828785998216e-17,"9","PDIA6"
2.23397532917657e-21,1.2362756745364,0.305,0.144,5.38678471124346e-17,"9","ABHD2"
2.40896436929726e-21,1.10201672314818,0.395,0.215,5.80873578368647e-17,"9","TAF15"
4.3388196070007e-21,1.0174494948107,0.507,0.307,1.04621957183608e-16,"9","MRPL18"
4.74969502054686e-21,0.818364286235894,0.498,0.293,1.14529396030447e-16,"9","DBNL"
5.38106467847291e-21,0.705126570579598,0.58,0.359,1.29753612592017e-16,"9","EIF3M"
6.43714881831023e-21,0.993453666350188,0.402,0.218,1.55218969455914e-16,"9","REV3L"
7.58131277971816e-21,1.03217709807955,0.37,0.192,1.82808195057344e-16,"9","RASSF2"
7.99790474702875e-21,0.572448346293692,0.768,0.587,1.92853477165104e-16,"9","EIF3H"
8.65026602439113e-21,0.991509360298841,0.373,0.193,2.08583864646143e-16,"9","BIN1"
8.91030089120165e-21,1.20008100948243,0.284,0.13,2.14854085389545e-16,"9","GINM1"
8.98465063582875e-21,1.31449138824338,0.32,0.153,2.16646880781739e-16,"9","NRARP"
9.99672707212999e-21,0.689278339958927,0.591,0.37,2.4105107989027e-16,"9","PARVG"
1.06764080727453e-20,1.10163460288614,0.295,0.137,2.57440227858108e-16,"9","ARID4A"
1.11653906415641e-20,1.05908656205557,0.336,0.167,2.69231064540036e-16,"9","DOCK10"
1.19924173514211e-20,1.20246868446625,0.264,0.117,2.89173159594817e-16,"9","CLASP2"
1.20597313362156e-20,0.86842609520687,0.457,0.261,2.90796301710166e-16,"9","SEC13"
1.35527655860447e-20,1.08267063434337,0.316,0.152,3.26797836576295e-16,"9","DYNC1LI1"
1.60200321412445e-20,1.09874159111532,0.32,0.156,3.8629103502183e-16,"9","EVL"
1.66912678653371e-20,1.1515117141995,0.336,0.171,4.02476542036873e-16,"9","TTYH2"
1.69303991733138e-20,1.21350977183176,0.264,0.117,4.08242715266115e-16,"9","ARHGAP31"
1.82328650669121e-20,1.23976583291299,0.268,0.12,4.39649075358451e-16,"9","MAP4K5"
1.88553347774097e-20,1.10537139598591,0.27,0.12,4.54658687487681e-16,"9","PALM2-AKAP2"
2.141176222846e-20,1.16697216498895,0.309,0.15,5.16301822614857e-16,"9","PTDSS1"
3.66955010784378e-20,1.11049559920551,0.291,0.136,8.84838617504371e-16,"9","NSD3"
4.1391399337751e-20,0.935043708533897,0.568,0.372,9.98070812231189e-16,"9","TCP1"
4.62810823312045e-20,0.720451020423577,0.666,0.476,1.11597573825233e-15,"9","LAP3"
5.10115022745047e-20,0.738356455416895,0.634,0.435,1.23004035434513e-15,"9","BTG2"
7.62429652008323e-20,1.11385492637917,0.341,0.176,1.83844661988767e-15,"9","MESD"
9.1214050366768e-20,0.891013020074604,0.516,0.322,2.19944439649388e-15,"9","GPBP1"
9.24365640455471e-20,0.995740145835555,0.659,0.469,2.22892286883028e-15,"9","SLC2A3"
9.3173809245735e-20,1.02674517387704,0.32,0.157,2.24670006234241e-15,"9","RFTN1"
1.07720045889727e-19,0.644268818407762,0.618,0.4,2.59745346653898e-15,"9","JPT1"
1.83194944761879e-19,1.25785596828696,0.28,0.133,4.4173797030432e-15,"9","DHX9"
3.49468615196088e-19,0.637822533056027,0.661,0.459,8.42673671822328e-15,"9","ATP5PB"
3.73564994029012e-19,0.965503381345757,0.402,0.227,9.00777270102157e-15,"9","NAGA"
3.95362238523632e-19,0.929523308480416,0.409,0.23,9.53336965752034e-15,"9","DNAJC4"
4.55962475919193e-19,0.823634352980952,0.359,0.185,1.09946231818395e-14,"9","SEMA4A"
8.44453456044287e-19,0.847234170359749,0.477,0.28,2.03623061855959e-14,"9","GPAT3"
9.26193047837244e-19,1.10747115324029,0.268,0.124,2.23332929624995e-14,"9","PKP2"
1.0651793627638e-18,1.18284105227125,0.25,0.112,2.56846699743234e-14,"9","CTNNBIP1"
1.18418056456469e-18,1.12626426939486,0.327,0.168,2.85541459533484e-14,"9","BOD1L1"
1.86749121834903e-18,0.534713846078345,0.77,0.599,4.50308157480502e-14,"9","EIF3F"
2.0079203453473e-18,1.06411415769886,0.314,0.155,4.84169832873595e-14,"9","SOX4"
2.75940536701494e-18,0.641589341185338,0.58,0.378,6.65375416148313e-14,"9","TWF2"
3.04887884720352e-18,0.540758483018295,0.807,0.645,7.35176156426185e-14,"9","SYNGR2"
3.31389224482367e-18,0.538756986736841,0.809,0.672,7.99078836994331e-14,"9","C1orf162"
3.81633979799192e-18,0.895873653456809,0.384,0.211,9.20234015489792e-14,"9","DSTN"
4.67009503266448e-18,0.682500492537113,0.661,0.49,1.12610001522639e-13,"9","EIF4B"
5.45292211745213e-18,0.798872103940236,0.418,0.236,1.31486311018123e-13,"9","CLTB"
6.54124627436503e-18,0.874152248316882,0.548,0.36,1.57729071413764e-13,"9","CKS2"
6.79123506694791e-18,0.898773483871792,0.507,0.326,1.63757051169315e-13,"9","RAB32"
6.92959006156555e-18,0.661704972056203,0.602,0.407,1.6709320515453e-13,"9","WDR1"
7.70036220644778e-18,1.0237147947684,0.3,0.149,1.85678833884075e-13,"9","PSMD3"
7.97638573297287e-18,0.784220797616985,0.407,0.226,1.92334589179175e-13,"9","MVP"
9.7309581228943e-18,1.09967278267988,0.259,0.121,2.3464259321735e-13,"9","BICD2"
1.09044683174399e-17,0.719688981119252,0.523,0.329,2.62939444538428e-13,"9","AUP1"
1.28588733092474e-17,1.05781691923765,0.284,0.139,3.10066012105882e-13,"9","IL16"
1.37242074986718e-17,0.913765908297543,0.357,0.193,3.30931815415473e-13,"9","CAPN2"
1.51552687369815e-17,1.04150321403267,0.289,0.142,3.65438995054836e-13,"9","AP3D1"
1.79025634108835e-17,1.02788499357097,0.282,0.137,4.31684511526633e-13,"9","CS"
1.90357984771483e-17,0.557881586244191,0.655,0.457,4.59010208679478e-13,"9","DSE"
2.18327023863872e-17,0.8394079538541,0.423,0.243,5.26451952642955e-13,"9","SPNS1"
3.30512546891453e-17,0.609345415337667,0.795,0.644,7.9696490431936e-13,"9","HSPA5"
3.47238211191708e-17,0.943751185539873,0.368,0.206,8.37295498646566e-13,"9","HPS5"
3.47860041497513e-17,0.529770085516461,0.798,0.645,8.38794918062953e-13,"9","SFPQ"
4.7569334150092e-17,0.81423315771573,0.441,0.266,1.14703935436117e-12,"9","UVRAG"
5.12288017759854e-17,0.876309112163653,0.586,0.401,1.23528009722434e-12,"9","PDE4B"
6.89244404691748e-17,0.559825708932955,0.623,0.42,1.66197503303321e-12,"9","HNRNPA0"
8.77676335870578e-17,1.18286735986051,0.266,0.13,2.11634094868473e-12,"9","ERO1A"
9.14431093348522e-17,0.788666457623909,0.477,0.302,2.20496769539129e-12,"9","CCT5"
9.50425665540286e-17,0.807426455629602,0.405,0.233,2.29176140731729e-12,"9","ILF2"
1.20869836212691e-16,0.753869111406844,0.495,0.316,2.91453436059661e-12,"9","BLOC1S6"
1.36980017869012e-16,0.940120688724136,0.339,0.185,3.3029991708755e-12,"9","ATP6V1H"
1.44209162894336e-16,0.945297772712228,0.395,0.233,3.47731554487113e-12,"9","TP53BP2"
2.78402389920354e-16,0.977491053396458,0.289,0.146,6.71311682814949e-12,"9","TIMM17B"
3.05611130442165e-16,0.849540509012965,0.382,0.218,7.36920118835192e-12,"9","FBL"
4.71329226191694e-16,0.558460484751754,0.72,0.56,1.13651616311603e-11,"9","RAN"
6.80908903520024e-16,1.16267950505481,0.25,0.121,1.64187563905783e-11,"9","UBASH3B"
8.89044083634374e-16,0.938517990865303,0.35,0.197,2.14375199886757e-11,"9","INPP5D"
9.95607118056416e-16,0.669470670162861,0.557,0.385,2.40070744376944e-11,"9","RBM25"
1.26955195460828e-15,0.952668479208336,0.32,0.174,3.06127062814694e-11,"9","LSM14A"
1.60902862946885e-15,0.708310827046879,0.677,0.539,3.87985073423823e-11,"9","GNA13"
1.80410906193561e-15,0.529665977050226,0.741,0.607,4.35024818104533e-11,"9","COX5A"
1.98648926174002e-15,0.878308637520458,0.375,0.219,4.79002155683371e-11,"9","TSPYL2"
2.1701559780566e-15,0.732432230804829,0.427,0.257,5.23289710988788e-11,"9","TBCB"
2.49723061220951e-15,0.833777158183128,0.35,0.195,6.02157217522079e-11,"9","DECR1"
2.58324230063186e-15,0.553125141095648,0.691,0.514,6.2289721595136e-11,"9","ARF5"
2.6011562537145e-15,0.558205924296796,0.673,0.508,6.27216807458178e-11,"9","SERBP1"
2.61700604792631e-15,0.726457526022561,0.839,0.761,6.31038668336471e-11,"9","DNAJA1"
3.04354650528357e-15,0.711179746924053,0.607,0.443,7.33890368819028e-11,"9","RAB10"
3.26381371325735e-15,1.03031670901569,0.37,0.22,7.87003400677745e-11,"9","AFF1"
4.21645788115112e-15,0.967938673997371,0.28,0.144,1.01671448888197e-10,"9","PDPK1"
4.74933997213378e-15,1.03413686717302,0.27,0.138,1.14520834748062e-10,"9","EPRS"
4.76615562644537e-15,0.920212336346057,0.323,0.179,1.14926310620477e-10,"9","PAF1"
4.77267550543694e-15,0.661596002391415,0.541,0.365,1.15083524462601e-10,"9","HNRNPM"
5.39378611039525e-15,1.04285465068004,0.255,0.126,1.30060364479961e-10,"9","TMEM243"
5.56125831729022e-15,0.670839521214086,0.482,0.302,1.34098621804819e-10,"9","SLAMF8"
6.6509790119358e-15,0.697766655774357,0.452,0.28,1.60375056914808e-10,"9","CUX1"
7.80063922801798e-15,0.741957862919524,0.466,0.3,1.88096813705198e-10,"9","PSMA2"
8.01119502981616e-15,1.04168885050275,0.414,0.263,1.93173945753957e-10,"9","PTBP3"
9.3319626130297e-15,1.0387899211512,0.28,0.147,2.25021614487985e-10,"9","VHL"
1.17959537170591e-14,0.898021212451406,0.284,0.148,2.84435831979446e-10,"9","STARD7"
1.91578001909565e-14,0.872464990377076,0.411,0.249,4.61952036004533e-10,"9","CDC42EP3"
1.96070046987041e-14,1.07897779350034,0.275,0.146,4.72783704299852e-10,"9","ELMSAN1"
1.98211871574454e-14,0.715048797461786,0.443,0.279,4.77948285927481e-10,"9","TECR"
1.98540751024784e-14,0.950323503525059,0.295,0.159,4.78741312946061e-10,"9","SRP19"
2.00710199421855e-14,0.997516408969833,0.295,0.16,4.83972503865919e-10,"9","KDM5A"
2.25286558119204e-14,0.808023962229106,0.37,0.216,5.43233477592836e-10,"9","AL135905.2"
2.32696499718189e-14,0.711813748509231,0.402,0.241,5.61101069770468e-10,"9","SIGLEC10"
2.59738357836536e-14,0.559916547225484,0.607,0.422,6.2630710225124e-10,"9","KTN1"
2.95123315533699e-14,0.81168796862982,0.359,0.208,7.11630850746409e-10,"9","MICAL1"
3.3657623338098e-14,1.00660698070747,0.266,0.137,8.11586271551556e-10,"9","ARID1B"
4.58867237585922e-14,0.71217230097296,0.436,0.274,1.10646656999093e-09,"9","CHPT1"
4.78346464554506e-14,0.833469032939202,0.4,0.246,1.15343682998028e-09,"9","AC004687.1"
5.04537793153569e-14,0.59404790099624,0.555,0.383,1.2165919806312e-09,"9","DDIT4"
5.2642179521158e-14,0.793087551343739,0.791,0.675,1.26936087479368e-09,"9","PTPRC"
6.88087347565167e-14,0.662312179346084,0.291,0.153,1.65918502118389e-09,"9","FSCN1"
7.02998072649515e-14,0.879905830750259,0.352,0.205,1.69513925257978e-09,"9","CYLD"
7.55635662579181e-14,0.783720543544266,0.386,0.233,1.82206427317718e-09,"9","PPP1R12A"
7.61250473737696e-14,0.913765908297543,0.35,0.207,1.83560326732371e-09,"9","STX12"
7.97286988614139e-14,0.558245909747136,0.684,0.522,1.92249811564527e-09,"9","ADA2"
8.65814528505699e-14,0.876290880619562,0.475,0.325,2.08773857258579e-09,"9","CHORDC1"
9.45016117296756e-14,0.615194533005417,0.607,0.442,2.27871736363767e-09,"9","ATP2B1"
1.00836365344487e-13,0.67234110496686,0.414,0.254,2.43146727755161e-09,"9","MLF2"
1.01314870441854e-13,0.909270760968069,0.277,0.147,2.44300547096443e-09,"9","JAK2"
1.19125422281347e-13,0.808069690865658,0.348,0.203,2.87247130747012e-09,"9","SCML1"
1.24729240530046e-13,0.736884129695653,0.357,0.207,3.00759617690099e-09,"9","UBE2J1"
1.25769938764707e-13,0.926930016590091,0.266,0.139,3.03269053343339e-09,"9","VDAC3"
1.51325921710149e-13,0.852617917459656,0.316,0.178,3.64892195019683e-09,"9","NME1"
1.60854446200719e-13,0.580129522170086,0.973,0.965,3.87868326123793e-09,"9","HSP90AA1"
2.31341366896375e-13,0.717499820981485,0.586,0.439,5.57833437997228e-09,"9","BAG3"
3.2321894409677e-13,0.695443486079767,0.439,0.277,7.7937783990054e-09,"9","TRIM22"
3.64191976547313e-13,0.622601538021173,0.425,0.264,8.78176113048536e-09,"9","RBMX"
3.6696793896622e-13,0.798434740763998,0.427,0.283,8.84869791229246e-09,"9","NUDC"
3.90327863235713e-13,0.669300214271655,0.548,0.396,9.41197576620274e-09,"9","TMED10"
5.20596593697868e-13,0.81608191520431,0.307,0.172,1.25531456638367e-08,"9","TIAL1"
7.51025701717639e-13,0.730100671988878,0.389,0.242,1.81094827455174e-08,"9","RAD23B"
9.79264868109495e-13,0.80442509527802,0.386,0.242,2.36130137647243e-08,"9","RCOR1"
1.05881479822413e-12,1.05051950842907,0.398,0.263,2.55312012295784e-08,"9","FKBP4"
1.15293957456181e-12,0.919521000407937,0.325,0.192,2.78008319614089e-08,"9","PDIA4"
1.28378062061257e-12,1.16091041220175,0.295,0.17,3.09558021048309e-08,"9","PRKDC"
1.46927491091437e-12,0.514624140625952,0.636,0.483,3.54286259268782e-08,"9","SAP18"
1.57998838049618e-12,0.561170927105096,0.457,0.291,3.80982598189043e-08,"9","PLEKHO1"
1.72284139908212e-12,0.809346082938135,0.382,0.242,4.15428746560672e-08,"9","CAPRIN1"
2.12819321575444e-12,0.83667584993122,0.257,0.137,5.13171230114869e-08,"9","PRDX2"
2.18201876701009e-12,0.570487287849756,0.477,0.315,5.26150185289143e-08,"9","MEF2C"
2.3463327432671e-12,0.972271168997863,0.259,0.141,5.65771214383995e-08,"9","CCDC12"
2.49379800852038e-12,0.572791342255192,0.477,0.311,6.01329513794519e-08,"9","TES"
2.98233817947539e-12,0.73803073901505,0.35,0.211,7.191312052169e-08,"9","CPNE1"
3.1015505957472e-12,0.897876006367957,0.295,0.17,7.47876895152522e-08,"9","LASP1"
3.28783565979777e-12,0.749566345566812,0.398,0.254,7.92795812647037e-08,"9","HNRNPD"
3.70985992479775e-12,0.768491215584926,0.402,0.261,8.94558523666481e-08,"9","SND1"
4.51171474439242e-12,0.797035802758469,0.334,0.2,1.08790977631534e-07,"9","IMPDH2"
6.07999974890274e-12,0.738953498983116,0.355,0.217,1.46607033945292e-07,"9","CSK"
6.75597881430846e-12,0.681742575503191,0.445,0.299,1.6290691714942e-07,"9","PSMB8"
7.2449869198882e-12,0.85200126378425,0.284,0.16,1.74698369599264e-07,"9","FDFT1"
7.857827115575e-12,0.61193879079541,0.811,0.726,1.8947578523786e-07,"9","HSPH1"
9.13507755918788e-12,1.01655720192515,0.257,0.143,2.20274125184697e-07,"9","KBTBD8"
1.02730229746458e-11,1.21831272324667,0.275,0.162,2.47713402987635e-07,"9","CDK2AP1"
1.07982525949336e-11,0.510298536393658,0.534,0.37,2.60378264821633e-07,"9","SF1"
1.17742501891397e-11,0.942316224847403,0.261,0.146,2.83912494810725e-07,"9","PIKFYVE"
1.31918075099928e-11,1.01795245835971,0.293,0.175,3.18094054488457e-07,"9","PRPF8"
1.33461163534389e-11,0.681687165020175,0.48,0.335,3.21814903630472e-07,"9","RPN2"
1.3838197520587e-11,0.721100384944147,0.436,0.294,3.33680456813915e-07,"9","SSR1"
2.02596620873791e-11,0.713274904787863,0.345,0.212,4.88521231912973e-07,"9","MAPRE2"
2.6048753867543e-11,0.583111546478804,0.684,0.57,6.28113602008065e-07,"9","H2AFZ"
2.8137990577521e-11,0.891520511328134,0.28,0.162,6.78491366795764e-07,"9","TNKS2"
3.17060926494232e-11,0.854453726076828,0.309,0.185,7.64529012055543e-07,"9","CORO7"
3.23337423630643e-11,0.703161236951499,0.311,0.182,7.79663529600569e-07,"9","TERF2IP"
3.8010311463638e-11,0.533128226381527,0.52,0.369,9.16542640322702e-07,"9","DNAJC15"
4.33291852251239e-11,0.607224656040858,0.445,0.298,1.04479664333341e-06,"9","RASSF5"
5.03736478547983e-11,0.520648689739807,0.795,0.68,1.21465977072275e-06,"9","RTN4"
5.48113999774435e-11,0.715585436598214,0.386,0.256,1.32166728765609e-06,"9","DOCK2"
6.00749730910424e-11,0.801450260817787,0.277,0.159,1.44858782614431e-06,"9","NDUFS4"
6.94344222464524e-11,0.509624577602591,0.482,0.327,1.67427222362871e-06,"9","SRSF9"
8.28861916646616e-11,0.554666423203595,0.48,0.332,1.99863473960999e-06,"9","TUFM"
9.46115922049061e-11,0.615494039456667,0.511,0.369,2.2813693228369e-06,"9","BAZ1A"
1.06906164159809e-10,0.876029304069708,0.273,0.159,2.57782833638547e-06,"9","GAS7"
1.15063004829296e-10,0.74988597542953,0.264,0.149,2.77451423544882e-06,"9","ADAM28"
1.15287118758718e-10,0.628896791429554,0.295,0.171,2.77991829462897e-06,"9","ADAM8"
1.16318719196588e-10,0.772978630429874,0.386,0.257,2.80479327598733e-06,"9","ERN1"
1.74077750474198e-10,0.623056169436484,0.423,0.285,4.19753679718434e-06,"9","UBE2F"
1.78291286880143e-10,0.722500087634451,0.414,0.282,4.29913780054089e-06,"9","RUNX1"
2.4471645952814e-10,0.640303285730426,0.439,0.304,5.90084798860205e-06,"9","PTGER4"
2.55483483578438e-10,0.659801962799239,0.361,0.232,6.16047323952689e-06,"9","NHP2"
2.63848602495173e-10,0.507105398764798,0.548,0.403,6.36218135196611e-06,"9","FAM49B"
3.15586471673237e-10,0.764577984600348,0.275,0.161,7.60973659145676e-06,"9","FBXO7"
3.65610869707441e-10,0.727842405050484,0.432,0.301,8.81597490125553e-06,"9","RBBP6"
4.12036883341244e-10,0.54022460493693,0.575,0.442,9.93544536800741e-06,"9","STK17B"
4.3070536987662e-10,0.549656613661667,0.482,0.345,1.03855985838349e-05,"9","SRSF11"
4.30766075049699e-10,0.67681071508597,0.427,0.297,1.03870623676734e-05,"9","NONO"
5.10412671090274e-10,0.543842107180416,0.457,0.317,1.23075807379998e-05,"9","DDOST"
5.84507480155721e-10,0.725395300021888,0.348,0.226,1.40942288689949e-05,"9","PTBP1"
5.85682186460835e-10,0.592491035986322,0.475,0.344,1.41225545621301e-05,"9","PHB2"
7.45902439693379e-10,0.557310370488045,0.293,0.175,1.79859455283264e-05,"9","GRSF1"
1.01244478817367e-09,0.697254207702728,0.307,0.189,2.44130811772316e-05,"9","MPC2"
1.02863176072138e-09,0.623692011663155,0.443,0.312,2.48033976462747e-05,"9","NCKAP1L"
1.07880771783232e-09,0.981707597171428,0.305,0.195,2.60132905000906e-05,"9","STMN1"
1.39477893288805e-09,0.725442904135945,0.289,0.176,3.36323044087296e-05,"9","CCND3"
1.57840041315502e-09,0.919969329074272,0.25,0.148,3.8059969162407e-05,"9","USP14"
1.70063596482543e-09,0.584121842926295,0.37,0.243,4.10074350198355e-05,"9","OTUB1"
1.89680668578229e-09,0.727738984197673,0.325,0.209,4.57376996142684e-05,"9","RBBP4"
2.12138678555317e-09,0.724716261326344,0.307,0.194,5.11529995600437e-05,"9","DOCK5"
2.12233071193324e-09,0.756705844109079,0.386,0.268,5.11757604568462e-05,"9","KLHL6"
2.28217475371091e-09,0.777287467524488,0.311,0.198,5.50300798362311e-05,"9","DCP2"
2.53312056742166e-09,0.75684403074391,0.289,0.178,6.10811362422384e-05,"9","DIAPH1"
2.55468637915917e-09,0.870092849854419,0.275,0.169,6.1601152660665e-05,"9","RALB"
2.87981790774626e-09,0.754000793806307,0.305,0.192,6.94410492094856e-05,"9","ASH1L"
2.99083289065046e-09,0.628303316541731,0.402,0.279,7.21179534922546e-05,"9","YIF1B"
3.56246730806785e-09,0.570614467177554,0.53,0.404,8.59017741994402e-05,"9","OS9"
5.07408428402404e-09,0.76046510853959,0.323,0.211,0.000122351394340672,"9","ARL5B"
5.30971052852626e-09,0.858218536177306,0.268,0.166,0.000128033049974354,"9","CLIP1"
5.48741339539921e-09,0.823775904692299,0.282,0.177,0.000132317999203261,"9","DCAF7"
6.50287291149741e-09,0.62295797904606,0.418,0.296,0.000156803774514937,"9","YWHAG"
6.98745871006809e-09,0.696157153296259,0.323,0.21,0.000168488591875872,"9","DPYSL2"
7.22098837542503e-09,0.641626446915265,0.359,0.241,0.000174119692696624,"9","SNRPF"
7.28703430747891e-09,0.672999877484856,0.314,0.2,0.000175712258256239,"9","PHB"
7.5428218374639e-09,0.691136849342995,0.291,0.182,0.000181880062966767,"9","MRPL3"
9.05267513391888e-09,0.586984003857585,0.386,0.264,0.000218287155504186,"9","APP"
1.05511537882839e-08,0.601925456270545,0.339,0.222,0.00025441997129689,"9","PSMA5"
1.07437867614049e-08,0.705573335234742,0.286,0.179,0.000259064930177757,"9","MIF4GD"
1.16920085896707e-08,0.50651306264544,0.455,0.326,0.00028192940312273,"9","CAT"
1.41929160891961e-08,0.779674151611485,0.748,0.696,0.000342233785658786,"9","HSPE1"
2.54096667981255e-08,0.743782122324845,0.545,0.415,0.000612703295503201,"9","IER5"
3.58706665492928e-08,0.803909550400762,0.273,0.174,0.000864949382503098,"9","ATP6V1A"
4.91615763083752e-08,0.782916254893629,0.25,0.156,0.00118543308952385,"9","CYP51A1"
4.9603541188785e-08,0.526016727295415,0.357,0.241,0.00119609018868517,"9","HNRNPH3"
5.31782984584888e-08,0.618464743598378,0.284,0.18,0.00128228831072954,"9","AIP"
7.32912256458116e-08,0.542201197675555,0.384,0.268,0.00176727132399746,"9","GTF2B"
7.5867360792285e-08,0.557630256658497,0.377,0.264,0.00182938967078437,"9","NRDC"
7.73095963336672e-08,0.569419868483097,0.318,0.209,0.00186416629639372,"9","ETFA"
8.30500695577649e-08,0.801014467115368,0.261,0.168,0.00200258632724638,"9","LONP2"
1.01172405562439e-07,0.572409724444417,0.348,0.238,0.0024395702153271,"9","KPNB1"
1.17664803041051e-07,0.710471414404918,0.455,0.354,0.00283725139572886,"9","ZFAND2A"
1.31569382386501e-07,0.634494910689556,0.289,0.19,0.00317253251748569,"9","USP12"
1.32774724419429e-07,0.694825307332514,0.25,0.156,0.0032015969299257,"9","ACO2"
1.82746963976252e-07,0.627383176051943,0.284,0.185,0.00440657754235936,"9","MTMR14"
1.88750314027129e-07,0.696629393903058,0.3,0.201,0.00455133632213617,"9","RAD21"
1.89499434096305e-07,0.548335680272735,0.334,0.227,0.00456939985436421,"9","PQBP1"
2.02843989615981e-07,0.70555132990576,0.307,0.209,0.00489117712161014,"9","DEGS1"
2.41395411238191e-07,0.673975763570821,0.291,0.194,0.00582076755118649,"9","TSPAN3"
2.56175338309653e-07,0.513496403013837,0.325,0.219,0.00617715593266065,"9","DNAJB11"
2.90708735176759e-07,0.636958907056131,0.298,0.2,0.00700985973131719,"9","RP2"
3.17012799060516e-07,0.617277057239271,0.452,0.352,0.00764412962374622,"9","CHD2"
3.95883967184435e-07,0.759353622491053,0.277,0.187,0.00954595010071828,"9","SDE2"
4.03798484778974e-07,0.541073732681202,0.361,0.256,0.00973679286347541,"9","MLEC"
4.15032850833448e-07,0.624166731464317,0.261,0.168,0.0100076871321469,"9","MPG"
4.78903492158266e-07,0.544329698923711,0.339,0.233,0.0115477999064123,"9","DHRS7"
4.81187747370389e-07,0.70021581962326,0.291,0.198,0.0116028801523422,"9","NUP98"
6.12619090688728e-07,0.58760275303773,0.28,0.184,0.0147720841337773,"9","MOB3A"
6.13615656311073e-07,0.910123578009308,0.618,0.535,0.0147961143206289,"9","TUBB"
6.33359969327093e-07,0.515420721792507,0.316,0.214,0.0152722089403842,"9","STRAP"
6.37443282927331e-07,0.64033849875055,0.291,0.196,0.0153706698812267,"9","AC020656.1"
8.01576753905826e-07,0.661950429377816,0.264,0.174,0.0193284202669312,"9","TRIM38"
8.21420448370357e-07,0.515883447657763,0.882,0.817,0.0198069112715544,"9","TUBA1B"
8.95131055118958e-07,0.527259548008481,0.33,0.228,0.0215842951320834,"9","PPP2R1A"
9.62945537209364e-07,0.521755811116998,0.38,0.274,0.0232195057387294,"9","HOOK3"
9.69772928928027e-07,0.695771704354995,0.3,0.207,0.0233841346352415,"9","TOB1"
1.11519940386665e-06,0.70242265688951,0.255,0.168,0.0268908032254366,"9","SRPRA"
1.44930140020303e-06,0.619213195394803,0.318,0.222,0.0349470046630958,"9","SEC31A"
2.04736655387729e-06,0.548425022114652,0.591,0.513,0.0493681497136431,"9","DDX3X"
4.33380193340669e-06,0.511435149925866,0.327,0.233,0.104500966020235,"9","TXNL1"
4.49936516715229e-06,0.543285764000206,0.284,0.196,0.108493192275543,"9","SAFB"
4.86978804790898e-06,0.667911137182338,0.35,0.265,0.117425199199229,"9","CD46"
7.62021124565323e-06,0.562742372681327,0.286,0.2,0.183746153766436,"9","SNRPA"
1.86949675807956e-05,0.582214316376925,0.268,0.187,0.450791753275725,"9","PBRM1"
2.14803880947641e-05,0.520544146281259,0.286,0.204,0.517956598129047,"9","EEA1"
2.46358169427323e-05,0.580286847204932,0.275,0.195,0.594043453940104,"9","UBQLN1"
2.49448218740677e-05,0.524923908456128,0.264,0.183,0.601494489849396,"9","RSU1"
2.73832164674924e-05,0.556387187185142,0.293,0.213,0.660291498680645,"9","SLC6A6"
3.22554548021956e-05,0.54007966352575,0.261,0.183,0.777775781645341,"9","MMADHC"
4.01324015404519e-05,0.520059490350459,0.318,0.236,0.967712598344917,"9","LSM4"
6.43584284612025e-05,0.508145406906287,0.261,0.185,1,"9","SNRPD1"
9.80632778054285e-05,0.517169412258289,0.286,0.211,1,"9","MARCH1"
0.000109405908099639,1.04543319478181,0.298,0.224,1,"9","HIST1H4C"
0.000116216349803511,0.509155207554506,0.261,0.189,1,"9","AKIRIN1"
0.000134517881249214,0.544354786785278,0.384,0.306,1,"9","ANKRD12"
0.000176708127794564,0.561902090819221,0.28,0.211,1,"9","RANBP1"
0.000188651675211409,0.55005550321809,0.286,0.213,1,"9","SPATS2L"
0.000316611070106989,0.576354132809729,0.482,0.418,1,"9","IRF1"
0.000552908785300212,0.563863320172118,0.364,0.3,1,"9","ITGA4"
0.000644808375499727,0.565417243988425,0.298,0.237,1,"9","EIF4G1"
0.000722964660229415,0.602731047417553,0.252,0.192,1,"9","SUSD6"
0.0011947521653643,0.571945980923098,0.295,0.238,1,"9","CEP350"
0.00133744565470593,0.52386794829374,0.368,0.308,1,"9","VPS13C"
0.00258330436332332,0.554940910631095,0.491,0.46,1,"9","RNF144B"
0.00380161404201986,0.870279825524626,0.375,0.34,1,"9","HSPA6"
0,4.26327205651867,0.686,0.059,0,"10","CD209"
0,4.02307972583548,0.642,0.054,0,"10","SPRED1"
6.79650712539925e-314,4.09019540238887,0.949,0.167,1.63884176314752e-309,"10","MAF"
5.52692755626438e-302,3.88827260002444,0.792,0.099,1.33270804164203e-297,"10","CD163L1"
2.72193629091281e-276,3.45275752930444,0.85,0.13,6.56340497827806e-272,"10","LPAR6"
3.6750077063219e-266,3.66550615330121,0.847,0.14,8.86154608225399e-262,"10","WWP1"
7.77562187288362e-251,3.4510427680096,0.788,0.119,1.87493570220843e-246,"10","SIGLEC1"
1.71068882297619e-237,3.70524336605192,0.985,0.28,4.12498395884248e-233,"10","STAB1"
4.4176009052274e-235,3.42485684810431,0.876,0.169,1.06521610627748e-230,"10","NRP1"
1.2792700149101e-226,3.80693170763252,0.547,0.058,3.08470378695272e-222,"10","CCDC152"
8.96323781000382e-224,4.53180664072955,0.318,0.018,2.16130553312622e-219,"10","SCN9A"
1.34869952900738e-220,3.09841017611618,0.854,0.168,3.2521191742955e-216,"10","GAS6"
1.38753791902765e-220,3.93992073033439,0.982,0.297,3.34577018415138e-216,"10","F13A1"
5.27439199834649e-217,4.09179247591949,0.354,0.023,1.27181414256129e-212,"10","HRH1"
1.02661052740523e-207,3.74111060491468,0.431,0.038,2.47546596473222e-203,"10","RAB3IL1"
2.22015577678052e-204,2.83785466274521,0.818,0.149,5.35346162455087e-200,"10","IGF1"
1.55193681045994e-203,3.39850212757201,0.526,0.058,3.74218523106206e-199,"10","COLEC12"
7.62711763545503e-203,3.37020935795262,0.996,0.352,1.83912687543727e-198,"10","SELENOP"
1.24415457900607e-198,3.42403339200839,0.653,0.099,3.00002993635734e-194,"10","SASH1"
7.74648452488474e-191,3.12623819445293,0.996,0.378,1.86790981348546e-186,"10","DAB2"
2.66171482017538e-190,4.31938588641291,0.31,0.02,6.41819294588889e-186,"10","LINC00996"
4.64434496729183e-182,3.06487577470217,0.945,0.267,1.11989090196308e-177,"10","PLTP"
9.91971399036176e-178,2.66974096820171,0.993,0.311,2.39194063449593e-173,"10","FOLR2"
2.09250310937083e-175,3.82256180412179,0.332,0.026,5.04565274762589e-171,"10","TLR7"
7.79040721364614e-174,2.17326572687906,0.967,0.257,1.87850089142649e-169,"10","RNASE1"
2.1382137449587e-169,3.5503590830144,0.376,0.035,5.15587480321891e-165,"10","PLXDC1"
3.23785736920922e-167,3.01110185245466,0.734,0.153,7.8074454743742e-163,"10","BMP2K"
5.64284932524722e-167,3.20748558485362,0.489,0.061,1.36066025779686e-162,"10","SCN1B"
1.35815905404204e-166,3.85044278885854,0.303,0.022,3.27492892701156e-162,"10","HPGDS"
2.83633665601378e-165,2.77468395032125,0.956,0.31,6.83925857864603e-161,"10","SLC40A1"
1.07684277072644e-162,2.93726085973351,0.978,0.414,2.59659097305267e-158,"10","CD14"
2.66580100339652e-158,2.60883116486766,0.88,0.255,6.42804595949002e-154,"10","FRMD4B"
1.08442138964694e-156,3.16049378289964,0.445,0.053,2.61486529685567e-152,"10","WLS"
4.94301191915783e-155,3.12090307869154,0.511,0.073,1.19190846406653e-150,"10","NMRK1"
2.80927754903027e-152,2.73413940511018,0.748,0.165,6.7740109539767e-148,"10","LILRB5"
1.1835778964005e-150,3.38469152219532,0.376,0.039,2.85396138159051e-146,"10","DBP"
1.33162290303488e-149,2.45167495854016,0.927,0.329,3.21094230608801e-145,"10","ADAP2"
3.70970452329683e-147,2.59934136565467,0.847,0.239,8.94521051702564e-143,"10","ITPR2"
3.7814946764645e-147,3.01749869357218,0.478,0.066,9.11831811335884e-143,"10","GIMAP7"
5.09344312777827e-146,2.40761391601356,0.905,0.278,1.22818194140117e-141,"10","SLCO2B1"
8.38296158518189e-145,3.68151792266661,0.343,0.034,2.02138352703491e-140,"10","IGFBP4"
1.06002673332015e-143,3.71585945510633,0.274,0.021,2.55604246205487e-139,"10","CD200R1"
4.59225450959249e-143,2.42109039961038,0.92,0.33,1.10733032989804e-138,"10","NAIP"
6.31650492434444e-142,2.50420641557209,0.788,0.202,1.52309883240717e-137,"10","SPATS2L"
1.69712940222355e-140,2.28038740602918,0.989,0.486,4.09228812758166e-136,"10","MARCKS"
1.17734124223767e-139,3.33315146303305,0.412,0.052,2.83892293740769e-135,"10","PER3"
3.70644334186639e-136,2.40117146366454,0.912,0.343,8.93734683024242e-132,"10","MPEG1"
4.75226790462314e-136,2.32272736217851,0.898,0.323,1.14591435984178e-131,"10","TIMP2"
2.4322376854968e-135,3.14528280644373,0.405,0.051,5.86485473103844e-131,"10","ITGB5"
6.55010360116996e-135,2.76506742589823,0.555,0.096,1.57942648135011e-130,"10","ENPP2"
1.00068785470192e-132,2.12168080249968,0.949,0.419,2.41295862404274e-128,"10","SNX6"
5.82214636947527e-132,2.44566882239418,0.737,0.178,1.40389415407157e-127,"10","GATM"
3.1518451529234e-129,2.97732656579316,0.46,0.069,7.60004421724421e-125,"10","SLC7A8"
5.92685447471942e-127,2.53591582151113,0.69,0.16,1.42914241948909e-122,"10","CXCL12"
2.1066088847354e-125,3.62100453335063,0.255,0.021,5.07966600376246e-121,"10","AC110995.1"
2.89717036593435e-124,2.95346552339884,0.46,0.071,6.98594690337749e-120,"10","CMKLR1"
4.04885719041274e-123,2.1502262685583,0.934,0.351,9.76300934324223e-119,"10","A2M"
5.1749565036517e-123,2.18393135192105,0.799,0.229,1.24783726172553e-118,"10","GPR34"
2.04471103548607e-119,3.35806397354829,0.314,0.034,4.93041171986757e-115,"10","GAL3ST4"
2.3216905332567e-119,2.49057785468898,0.606,0.127,5.59829238284188e-115,"10","FRMD4A"
8.52773686707908e-118,2.54509652999249,0.635,0.143,2.05629319075878e-113,"10","MKNK1"
5.33891041276267e-114,2.49818049102433,0.518,0.095,1.28737146782946e-109,"10","TMEM37"
6.69608773486517e-112,2.25615588497342,0.858,0.334,1.61462763550804e-107,"10","QKI"
2.85447125766496e-110,2.1461874463736,0.818,0.275,6.88298654360751e-106,"10","NCF4"
3.160069200692e-110,2.94570546983019,0.416,0.065,7.61987486362862e-106,"10","GIMAP8"
5.04207159280154e-110,2.47382716573692,0.573,0.121,1.21579472317224e-105,"10","SLC9A9"
9.40415563112144e-110,2.57487536262143,0.547,0.114,2.26762404733231e-105,"10","ABCC5"
1.3862759255899e-108,2.54562116400774,0.62,0.15,3.34272713937492e-104,"10","XAF1"
1.90835482941467e-108,2.69199293842262,0.427,0.069,4.60161600016759e-104,"10","MMP14"
7.53801701141537e-108,1.42292231692054,1,0.947,1.81764204196259e-103,"10","ITM2B"
2.34577047056618e-107,2.00197274588354,0.989,0.536,5.65635633567623e-103,"10","LGMN"
4.59662687336969e-107,2.03468351657103,0.847,0.309,1.10838463797563e-102,"10","MEF2C"
9.01985609181464e-107,2.1180742019544,0.818,0.282,2.17495789941926e-102,"10","IFI16"
1.25035562424264e-106,2.1101262134606,0.657,0.157,3.01498251673627e-102,"10","SDC3"
4.10902495589635e-105,3.05260160937802,0.347,0.048,9.90809187615287e-101,"10","SLC45A4"
7.15451487481182e-105,2.89099090527487,0.478,0.091,1.72516817176338e-100,"10","CR1"
2.77107680124201e-104,2.74828491489355,0.558,0.123,6.68189749083486e-100,"10","PLAU"
4.13680098961474e-104,2.64786213798993,0.464,0.084,9.97506822625801e-100,"10","CBX4"
1.4911789639045e-103,3.16051407382644,0.31,0.039,3.59567983566291e-99,"10","SPIRE1"
1.65107901551688e-102,2.90968534168363,0.365,0.054,3.98124683011584e-98,"10","SRGAP3"
2.64542393881385e-102,2.29761259586123,0.628,0.158,6.37891074366185e-98,"10","GIMAP4"
3.27239181670377e-102,1.90710682111522,0.905,0.382,7.8907183876178e-98,"10","CD81"
6.02905723923161e-102,1.73172188301571,0.993,0.679,1.45378657209592e-97,"10","MS4A7"
2.38667011844745e-101,2.75917309785031,0.423,0.073,5.75497765661235e-97,"10","TMEM106A"
6.76904891020357e-101,2.40147526017014,0.639,0.168,1.63222076371739e-96,"10","TCF4"
8.3855642618189e-101,3.04889917687541,0.347,0.049,2.02201111045239e-96,"10","BLNK"
1.02694102676908e-99,3.44789088339608,0.263,0.029,2.47626289784829e-95,"10","CCL8"
2.84577164263104e-99,2.15463334948972,0.704,0.202,6.86200916187622e-95,"10","MARCH1"
4.61708692726877e-99,2.52272618942983,0.5,0.102,1.11331817077232e-94,"10","ME1"
4.38281040291801e-97,2.38348196853747,0.526,0.113,1.05682707245562e-92,"10","VEGFB"
4.96968492656502e-97,2.73125689657706,0.474,0.095,1.19834012634262e-92,"10","EMB"
5.22120110901342e-97,1.80928172473724,0.971,0.453,1.25898822341641e-92,"10","MRC1"
4.09969235693409e-96,2.91896125862455,0.438,0.082,9.88558818027518e-92,"10","IFI44L"
8.12351173226123e-96,1.53393203398854,0.985,0.788,1.95882238400015e-91,"10","FCGRT"
1.46220934047941e-95,2.78868225368457,0.343,0.05,3.525825382698e-91,"10","NAGLU"
6.08398350290541e-95,2.02625813174833,0.788,0.287,1.46703094205558e-90,"10","HNMT"
9.4150825580872e-94,2.80742609500434,0.405,0.072,2.27025885723157e-89,"10","GPR155"
1.39957755795812e-93,1.58854460260799,1,0.588,3.37480136550442e-89,"10","C1QA"
2.33590002654974e-93,1.41847410077749,0.993,0.762,5.63255573401938e-89,"10","MS4A6A"
3.62795539664795e-92,1.90530250375683,0.818,0.298,8.74808884793721e-88,"10","TSPAN4"
3.74936824782283e-91,2.35302416334653,0.602,0.16,9.04085165597519e-87,"10","LTC4S"
3.61266574974499e-90,2.91882976383879,0.42,0.08,8.7112209223601e-86,"10","H1F0"
1.14727792977552e-89,1.73222263771952,0.938,0.434,2.76643127206772e-85,"10","MS4A4A"
6.04293201479113e-89,2.61766022911823,0.493,0.113,1.45713219672659e-84,"10","ETV5"
2.30893349274849e-88,2.77399574335931,0.358,0.059,5.56753133106443e-84,"10","APPL2"
5.67854497239932e-88,1.86525343562116,0.81,0.319,1.36926754919465e-83,"10","NAGK"
8.25792655899472e-88,1.88665114365745,0.803,0.302,1.9912338311704e-83,"10","LRP1"
3.66022408862296e-87,1.96274397274867,0.77,0.294,8.82589834489654e-83,"10","UNC93B1"
3.54441975962234e-86,1.82751281791091,0.843,0.369,8.54665936637734e-82,"10","ARHGAP18"
9.507541302102e-86,2.21747865181529,0.635,0.186,2.29255343417586e-81,"10","RGL1"
6.10776959511749e-85,1.45670223425277,1,0.532,1.47276648247068e-80,"10","C1QC"
1.35242510137003e-84,2.22245690051235,0.642,0.196,3.26110264693356e-80,"10","TLR4"
1.54894896460238e-84,1.95777766162543,0.766,0.286,3.73498063834572e-80,"10","PLEKHO1"
2.1717293416495e-84,1.47059512569326,0.945,0.626,5.23669096151944e-80,"10","GNAS"
1.22824837110156e-83,1.63279227026297,0.934,0.573,2.96167529723719e-79,"10","CSF1R"
1.9042089400507e-83,1.86758901816812,0.847,0.416,4.59161901714425e-79,"10","KCTD12"
1.93858647878789e-83,2.52726748111438,0.398,0.075,4.67451357630124e-79,"10","PLA2G15"
2.49001555142579e-83,1.94573883825665,0.712,0.237,6.004174499153e-79,"10","GNPDA1"
2.96067889702426e-83,1.95667715954096,0.777,0.319,7.13908502439459e-79,"10","CLTC"
3.06469733003072e-83,2.49104766040523,0.42,0.084,7.38990467190308e-79,"10","HOMER3"
4.27327605907572e-83,2.29718250872213,0.558,0.147,1.03041505612493e-78,"10","CYTH4"
5.89250560033136e-83,2.20327014016947,0.569,0.15,1.4208598754079e-78,"10","FUCA1"
1.29283521762504e-82,1.58020921489422,0.923,0.498,3.11741356025925e-78,"10","CREG1"
3.31140658906821e-82,2.26698237585704,0.558,0.146,7.98479470822018e-78,"10","MGAT4A"
3.33609309290247e-82,1.50063553223582,0.996,0.561,8.04432127491572e-78,"10","C1QB"
2.03382426849918e-81,1.91281592547421,0.715,0.243,4.90416045863208e-77,"10","CD59"
2.32465968023337e-80,2.75941242021488,0.332,0.055,5.60545188694671e-76,"10","EVA1B"
7.29039227166346e-80,1.89935379211777,0.741,0.277,1.75793228846621e-75,"10","ARHGAP4"
1.51914772777454e-79,1.35990470376832,0.949,0.421,3.66312091598275e-75,"10","APOE"
1.54797089356524e-79,2.29114443868079,0.445,0.096,3.73262221565387e-75,"10","ATP8B4"
5.17122742360123e-79,1.52724514227904,0.923,0.447,1.24693806865296e-74,"10","PLD3"
9.4236954909976e-79,2.60425916940253,0.376,0.071,2.27233569374425e-74,"10","RAP2A"
3.47836925117433e-78,1.517463481258,0.978,0.591,8.38739177535667e-74,"10","CTSC"
4.29095082717291e-78,1.84232130437415,0.675,0.213,1.0346769729562e-73,"10","AP2A2"
3.53374024117891e-77,2.70243713723266,0.31,0.05,8.52090784355472e-73,"10","NBPF1"
9.25512149449022e-77,1.48026371258544,0.974,0.786,2.23168744596643e-72,"10","CTSZ"
1.15816636603979e-76,2.37783851556188,0.405,0.083,2.79268655843174e-72,"10","SLC2A8"
7.13770831625952e-76,1.97491589690946,0.635,0.199,1.72111560629966e-71,"10","ITSN1"
1.4152188833953e-75,1.45086284065761,0.971,0.663,3.41251729353108e-71,"10","ZFP36L1"
3.28778551464907e-75,2.47515366688718,0.405,0.085,7.9278372114733e-71,"10","TRIM14"
4.3289732128826e-75,2.47478949709504,0.409,0.087,1.04384531082238e-70,"10","TLR1"
7.13213776374582e-75,1.79796311453969,0.701,0.239,1.71977237897203e-70,"10","TTYH3"
1.21158387457934e-74,1.60718845257168,0.865,0.44,2.92149219677317e-70,"10","LAIR1"
1.2183245039426e-74,2.26594380629365,0.522,0.138,2.9377458763568e-70,"10","IER5L"
5.60390970697051e-74,2.53209337332333,0.401,0.086,1.3512707476418e-69,"10","PDGFC"
1.1746183369375e-73,2.36131219185893,0.434,0.098,2.8323571958574e-69,"10","SLC38A6"
6.65959448367898e-73,2.66748993077384,0.314,0.054,1.60582801784951e-68,"10","PRKCA"
3.18980501367674e-72,3.02421110352322,0.255,0.037,7.69157682947872e-68,"10","AFDN"
3.64453305979023e-72,1.60868230676274,0.814,0.364,8.78806256707219e-68,"10","SERPINB6"
4.38961457881967e-72,1.91375877429137,0.595,0.178,1.05846776339079e-67,"10","GRK2"
5.51348718248758e-72,1.63156653767318,0.898,0.444,1.32946716431323e-67,"10","TMEM176B"
7.7619008416551e-72,2.36961728806684,0.427,0.097,1.87162714994829e-67,"10","RNF135"
1.15623101776645e-71,2.06218314839044,0.533,0.149,2.78801985314025e-67,"10","FSCN1"
3.93150424020542e-71,3.22541482406273,0.274,0.043,9.48003617440733e-67,"10","PIK3R3"
4.31433970934953e-71,2.18478260495719,0.478,0.121,1.04031673411545e-66,"10","CCR1"
7.56699809992691e-71,2.42359490912566,0.372,0.076,1.82463025183538e-66,"10","TNFAIP8L2"
8.09922364703448e-71,1.80727417303037,0.704,0.256,1.95296579800942e-66,"10","CYFIP1"
1.1174328120449e-70,1.9380048429596,0.613,0.197,2.69446573968387e-66,"10","EPSTI1"
1.71491861797143e-70,2.68578467635966,0.277,0.044,4.13518326351451e-66,"10","ITM2C"
3.17319914775992e-70,2.04875944177521,0.584,0.181,7.65153510499349e-66,"10","COLGALT1"
5.63157236537005e-70,1.34123005503711,0.92,0.493,1.35794104446168e-65,"10","CD4"
9.83411889496723e-70,2.11286807708106,0.46,0.112,2.37130108914345e-65,"10","TBC1D14"
2.15063043370185e-69,1.55538289713243,0.88,0.407,5.18581516478527e-65,"10","LIPA"
2.29060090379872e-69,2.14050638509066,0.46,0.113,5.52332595932986e-65,"10","MXD4"
3.97807470843769e-69,2.2043783674651,0.456,0.113,9.59233154445581e-65,"10","OSBPL1A"
7.28140593882267e-68,1.8360620838471,0.599,0.186,1.75576541402831e-63,"10","NPL"
1.64052834500656e-67,1.74068298943036,0.766,0.326,3.95580599831431e-63,"10","RNF213"
1.90670523532807e-67,2.58090418477085,0.292,0.05,4.59763833394656e-63,"10","HERC5"
3.18874901606876e-67,1.59158739164497,0.931,0.588,7.6890305024466e-63,"10","CYBB"
1.86237636477567e-66,2.26870755310324,0.442,0.111,4.49074812838358e-62,"10","PTPRJ"
2.28983567371367e-66,1.73928675983489,0.704,0.28,5.52148076002578e-62,"10","AP1B1"
5.88542103324248e-66,1.75497076309584,0.712,0.277,1.41915157374576e-61,"10","SERPING1"
7.56492241635455e-66,1.24621694488339,0.945,0.636,1.82412974225557e-61,"10","GNAI2"
8.87435206324196e-66,1.72165938229903,0.719,0.277,2.13987251300953e-61,"10","FPR3"
5.59870869826439e-65,2.16296911152653,0.423,0.102,1.35001662841249e-60,"10","GIMAP5"
2.05131927884072e-64,1.30161288650736,0.927,0.592,4.94634617706864e-60,"10","SAMHD1"
2.68281053980576e-64,1.99496608962656,0.544,0.167,6.46906105463363e-60,"10","C6orf62"
4.26609027423407e-64,2.74408774609871,0.27,0.045,1.02868234782606e-59,"10","HGF"
6.47057910893696e-64,2.01203443020931,0.566,0.18,1.56025074053797e-59,"10","MYO5A"
9.12138751467878e-64,2.00920535219631,0.547,0.171,2.1994401714145e-59,"10","DSC2"
1.17303450379348e-63,1.80381171295547,0.668,0.254,2.82853809899721e-59,"10","FCHO2"
1.47912369028032e-63,2.31393536079577,0.445,0.116,3.56661095437292e-59,"10","SESN3"
5.4961679600695e-63,2.1650987307079,0.401,0.094,1.32529098021156e-58,"10","TMEM173"
5.67040794574725e-62,1.89870624055729,0.588,0.196,1.36730546795804e-57,"10","H1FX"
1.0138566760799e-61,2.53432600404566,0.336,0.07,2.44471260303145e-57,"10","WDFY3"
1.03544318357041e-61,2.06176019399954,0.493,0.142,2.49676414854332e-57,"10","CHD9"
1.11811529108874e-61,2.05047827192988,0.464,0.125,2.69611140140227e-57,"10","SGPL1"
1.38190107691884e-61,2.36033947447883,0.347,0.074,3.3321780667744e-57,"10","PRXL2A"
2.93406384142774e-61,1.61863026068627,0.81,0.415,7.0749081408347e-57,"10","TNFAIP2"
3.48439828331911e-61,2.24795955303102,0.387,0.091,8.40192958056736e-57,"10","LACC1"
5.00099048902274e-61,1.66029037522291,0.723,0.312,1.20588883661805e-56,"10","SNX2"
2.34500170400539e-60,1.97338275697779,0.445,0.117,5.6545026088682e-56,"10","SNX18"
3.30386273769133e-60,1.88473969285941,0.562,0.183,7.9666042193951e-56,"10","IDH1"
3.39417358881791e-60,2.79803948498772,0.255,0.043,8.18437077471663e-56,"10","MYO7A"
3.76821645198091e-60,1.68784177711545,0.639,0.231,9.08630033066157e-56,"10","C3AR1"
4.35294960913255e-60,2.26307148500778,0.354,0.078,1.04962673925013e-55,"10","P2RY6"
1.19208058052168e-59,2.18955507054068,0.558,0.197,2.87446390381192e-55,"10","MAN1A1"
1.62451634610374e-59,1.85062405548563,0.624,0.234,3.91719626535994e-55,"10","GOLGA4"
1.81526759459705e-59,2.01853059050544,0.467,0.129,4.37715475085187e-55,"10","FAM91A1"
1.88300206350689e-59,1.59110969087317,0.755,0.345,4.54048287573416e-55,"10","IQGAP2"
3.06986470362224e-59,1.56972414851038,0.723,0.3,7.40236475984432e-55,"10","GYPC"
3.11858687638674e-59,2.48587035656269,0.299,0.058,7.51984853503134e-55,"10","NFIA"
1.09053772390945e-58,1.48952747380986,0.942,0.602,2.62961361366285e-54,"10","MAFB"
1.69440197372273e-58,2.22052579004169,0.376,0.089,4.08571147923762e-54,"10","TRPM2"
1.79655201276088e-58,2.41225516180235,0.307,0.061,4.3320258683703e-54,"10","CCDC170"
1.95481448924552e-58,1.98991286190028,0.489,0.144,4.71364417791771e-54,"10","PHACTR2"
1.56289694999772e-57,1.48468585666784,0.759,0.337,3.76861341552949e-53,"10","BLVRA"
2.75803253089558e-57,1.30008213133177,0.942,0.647,6.65044384174851e-53,"10","FCGR2A"
1.91923461779202e-56,2.02562875557027,0.405,0.104,4.6278504338819e-52,"10","CCL2"
7.40897685188634e-56,1.58952213858583,0.836,0.491,1.78652658829535e-51,"10","ARL4C"
1.14896147501148e-55,2.06624558778819,0.405,0.105,2.77049080469519e-51,"10","EPHX1"
1.42847350441203e-55,2.08510558079225,0.453,0.13,3.44447816118874e-51,"10","TGFBR1"
1.98753884515528e-55,2.47971812958109,0.255,0.046,4.79255241732292e-51,"10","ZNF358"
8.01098759011439e-55,2.10296334192567,0.35,0.082,1.93168943760428e-50,"10","HPSE"
1.84145325083316e-54,1.84893038348147,0.511,0.163,4.44029622373399e-50,"10","OAZ2"
1.9187841653355e-54,1.7968038700118,0.562,0.195,4.6267642578735e-50,"10","GOLIM4"
1.98220077313119e-54,1.58526211320582,0.719,0.342,4.77968072425123e-50,"10","RB1"
2.07005773666175e-54,2.16983941749873,0.427,0.12,4.99153022041247e-50,"10","FAM20A"
2.56548736550554e-54,1.58116113637817,0.905,0.571,6.18615968444351e-50,"10","IGSF6"
2.76507123743281e-54,2.20689440685987,0.358,0.086,6.66741627482173e-50,"10","CEBPA"
4.19369534405637e-54,2.13690783462751,0.376,0.095,1.01122575831231e-49,"10","TPCN1"
2.24234611763571e-53,2.37155769863628,0.285,0.057,5.406969193455e-49,"10","NISCH"
2.7729650485432e-53,1.65445891044219,0.617,0.236,6.68645062155221e-49,"10","ZFHX3"
2.82298068764735e-53,2.13004185505704,0.35,0.083,6.80705333212406e-49,"10","LMO2"
5.16775078704523e-53,1.96571615146963,0.471,0.145,1.24609974728022e-48,"10","CTNND1"
1.07292381474337e-52,1.82971243771764,0.526,0.176,2.58714119449069e-48,"10","PLXND1"
1.0933705751906e-52,1.52045227826334,0.704,0.304,2.63644446795709e-48,"10","GNB1"
1.6590074313381e-52,1.60436448618005,0.62,0.241,4.00036461918557e-48,"10","FCHSD2"
2.44754905990159e-52,1.47282808975772,0.737,0.332,5.90177504814071e-48,"10","TNFSF13"
3.58104026093761e-52,1.42346032115535,0.726,0.329,8.63496238119887e-48,"10","SNX5"
5.89255334208272e-52,1.21153288689445,0.85,0.49,1.42087138737641e-47,"10","BRI3"
8.25225833443912e-52,2.23249843170777,0.347,0.085,1.9898670521833e-47,"10","PARP9"
9.42226677706545e-52,1.59063208106435,0.672,0.281,2.27199118795379e-47,"10","IFI6"
1.42214861107624e-51,1.69477318550762,0.518,0.17,3.42922694588813e-47,"10","NUDT3"
2.07398113478913e-51,2.43839002364797,0.266,0.053,5.00099071031704e-47,"10","AKAP10"
2.20264528426005e-51,1.92115917152167,0.434,0.126,5.31123857393625e-47,"10","PRKACB"
2.5181588363847e-51,2.49544089512703,0.35,0.087,6.07203640217443e-47,"10","SAMD9L"
4.97408500149841e-51,1.77279967205667,0.522,0.177,1.19940111641131e-46,"10","OTULINL"
7.80031380495016e-51,1.13478873308601,0.905,0.565,1.88088966778763e-46,"10","FYB1"
9.59198268132406e-51,0.938793875483329,0.993,0.883,2.31291478394767e-46,"10","AIF1"
1.51305452498848e-50,1.60560912275347,0.708,0.34,3.64842837610473e-46,"10","RAP2B"
4.02124004420306e-50,1.35013643161414,0.752,0.356,9.69641611858683e-46,"10","PTMS"
4.78908869493745e-50,2.10178578561276,0.343,0.084,1.15479295701027e-45,"10","SPPL3"
9.3891367477251e-50,1.33000308260992,0.748,0.341,2.26400254397895e-45,"10","SCARB2"
1.59036228788274e-49,2.02164663240196,0.35,0.088,3.83484058477165e-45,"10","BEX3"
3.47583838775308e-49,1.43113299103776,0.646,0.259,8.381289104389e-45,"10","NRP2"
4.65530286582925e-49,2.23851559116779,0.285,0.061,1.12253318003741e-44,"10","ZNRF2"
7.77991199374773e-49,2.00226125432792,0.431,0.13,1.87597017905239e-44,"10","ARHGAP21"
8.25078619404625e-49,1.63448215606298,0.858,0.534,1.98951207497037e-44,"10","RHOB"
8.5514985190853e-49,1.64749038213545,0.602,0.242,2.06202283790704e-44,"10","CREBL2"
9.82783275465221e-49,2.1903859299697,0.31,0.072,2.36978531212929e-44,"10","FMNL3"
9.86357714386745e-49,0.979806547289467,0.942,0.718,2.37840435670076e-44,"10","CAPZB"
1.18594514502692e-48,1.89219992395618,0.438,0.134,2.85966952820342e-44,"10","MILR1"
1.57830780263741e-48,2.13568400163381,0.328,0.08,3.8057736044996e-44,"10","IFI44"
1.75978118284148e-48,1.96036858628626,0.42,0.124,4.24336036618565e-44,"10","GSAP"
2.29684442862179e-48,1.59379226551375,0.522,0.177,5.53838097073572e-44,"10","TNFSF12"
2.61376880213204e-48,1.60870675675764,0.562,0.207,6.30258071258098e-44,"10","TFEC"
3.60777694880043e-48,2.40845204989067,0.288,0.064,8.69943255664248e-44,"10","TNRC18"
4.11859702193365e-48,1.8062900107284,0.442,0.134,9.93117299898862e-44,"10","EPS15"
4.36672313439976e-48,1.20048641048156,0.865,0.586,1.05294794939781e-43,"10","BST2"
4.48653603259809e-48,1.75392533186104,0.474,0.153,1.08183843354038e-43,"10","ANXA4"
6.6955056923119e-48,2.17808805662915,0.332,0.083,1.61448728758717e-43,"10","ST6GAL1"
7.23439316358254e-48,2.28979862487526,0.296,0.067,1.74442922353466e-43,"10","INPPL1"
7.54021460646847e-48,1.49013474552643,0.664,0.29,1.81817194805774e-43,"10","SLC15A3"
1.04753470212056e-47,1.80089315383103,0.46,0.147,2.5259204272233e-43,"10","YPEL3"
1.16318919142872e-47,2.16736326291133,0.442,0.141,2.80479809729206e-43,"10","MX1"
1.53424773069531e-47,2.30307074715991,0.27,0.057,3.6995315530256e-43,"10","SGPP1"
1.55104547645306e-47,2.56854311379772,0.252,0.051,3.74003595737127e-43,"10","PLA2G4C"
1.92362870783871e-47,2.10446240055657,0.336,0.085,4.63844590321148e-43,"10","DNAJC13"
2.67869550349187e-47,2.01243248163597,0.318,0.077,6.45913846756994e-43,"10","CCND1"
3.04042419335296e-47,1.93407249682426,0.398,0.114,7.331374857432e-43,"10","RGS18"
3.14198113159294e-47,2.06266920433559,0.343,0.088,7.57625910261005e-43,"10","SCD"
3.39877195862669e-47,2.46749182724783,0.307,0.074,8.19545882383655e-43,"10","OAS2"
4.40597751589232e-47,2.05570651300676,0.321,0.078,1.06241335840712e-42,"10","FARP1"
6.67488723899377e-47,2.09972465178116,0.361,0.097,1.60951555993857e-42,"10","SFMBT2"
1.13624481000734e-46,1.23920721110777,0.726,0.326,2.7398271103707e-42,"10","MCOLN1"
1.52555201903484e-46,2.2964929924542,0.277,0.061,3.67856358349871e-42,"10","ATG4C"
1.77124115074948e-46,0.94820979282862,0.982,0.799,4.27099378680223e-42,"10","CD68"
2.88813177933677e-46,1.82708343839344,0.438,0.136,6.96415215951474e-42,"10","MSRB2"
5.64407880286928e-46,2.15250736661304,0.296,0.069,1.36095672173587e-41,"10","CEPT1"
5.79110740686009e-46,2.34387732957901,0.266,0.058,1.39640972901617e-41,"10","ARHGAP25"
1.11251297047905e-45,1.66421613713099,0.536,0.198,2.68260252571613e-41,"10","C2"
1.50279244694005e-45,1.9115470878951,0.416,0.127,3.62368342730655e-41,"10","GFRA2"
1.53147006478758e-45,2.25167448861236,0.299,0.071,3.6928337672223e-41,"10","TBC1D2B"
5.01269387578607e-45,1.93019106890688,0.263,0.056,1.2087108742683e-40,"10","CETP"
5.36160993359165e-45,1.43208462154756,0.657,0.281,1.29284500328696e-40,"10","MTSS1"
6.28527976301649e-45,1.54560502205563,0.639,0.288,1.51556950925617e-40,"10","GNG10"
6.78278710786707e-45,1.8240062176372,0.409,0.123,1.63553345531999e-40,"10","OLFML2B"
8.21356014586675e-45,1.71745979765626,0.507,0.184,1.98053575797285e-40,"10","EHBP1L1"
8.28520017356649e-45,1.46536649826192,0.577,0.22,1.99781031785209e-40,"10","MERTK"
9.22639096792054e-45,1.52255432749135,0.569,0.22,2.22475965409468e-40,"10","LILRB1"
9.26305627336422e-45,1.88258319762845,0.354,0.095,2.23360075919631e-40,"10","MAP3K1"
1.20222230343393e-44,2.04955193719667,0.347,0.094,2.89891864027024e-40,"10","SMIM30"
1.55319279594155e-44,1.51330753926954,0.529,0.193,3.74521378885387e-40,"10","NRIP1"
1.69765180588024e-44,1.29995810995102,0.755,0.384,4.09354779951903e-40,"10","PTTG1IP"
1.79068115411624e-44,1.85453419386007,0.427,0.135,4.31786946692049e-40,"10","GRK3"
1.81550052634181e-44,1.67349735973846,0.526,0.198,4.377716419168e-40,"10","ADAM9"
2.54071788690836e-44,2.38706020228323,0.255,0.055,6.12643304070213e-40,"10","ANKFY1"
4.16985378301361e-44,1.91377000677858,0.412,0.128,1.00547684269807e-39,"10","OAS1"
4.55304552602555e-44,1.65364776366434,0.547,0.211,1.09787586769054e-39,"10","WASHC4"
8.86976923520772e-44,1.38924129632842,0.693,0.33,2.13876745568564e-39,"10","LAMP2"
1.07274842063911e-43,1.63678126747721,0.577,0.239,2.58671826668708e-39,"10","SIRPA"
1.52108553936365e-43,0.625512205970502,0.978,0.646,3.66779356106758e-39,"10","CTSD"
2.87239870437932e-43,1.52293372803619,0.664,0.308,6.92621499586987e-39,"10","OGFRL1"
2.9842324548707e-43,2.12741638565021,0.281,0.065,7.19587971842973e-39,"10","MGAT5"
3.14980495356411e-43,0.943368942324513,0.971,0.814,7.59512468452914e-39,"10","CD63"
5.2130379009231e-43,1.48919399314414,0.529,0.191,1.25701982904959e-38,"10","STMN1"
9.96929794128637e-43,2.23765194785833,0.277,0.065,2.40389681258238e-38,"10","SPIN1"
2.04594056795308e-42,1.39347476398255,0.661,0.305,4.93337649150525e-38,"10","MEF2A"
2.90768178266967e-42,2.08191912618969,0.296,0.073,7.01129308255137e-38,"10","TUT4"
2.92053203919673e-42,1.7386339902027,0.588,0.257,7.04227890611507e-38,"10","PARP14"
4.90773586171951e-42,1.85881939221117,0.409,0.13,1.18340234833643e-37,"10","ATM"
5.47786491782639e-42,1.74554575030657,0.401,0.124,1.32087756763548e-37,"10","GIMAP1"
6.37759066706754e-42,1.78037304263589,0.442,0.15,1.53782843755e-37,"10","TNS3"
8.0597890974659e-42,2.22016289353849,0.303,0.078,1.94345694507195e-37,"10","C20orf194"
8.68525869466578e-42,1.97017664383901,0.318,0.083,2.09427642904476e-37,"10","TSPAN33"
1.35041234412553e-41,1.2887351293987,0.704,0.35,3.25624928538989e-37,"10","EPB41L3"
1.59940159057419e-41,1.32704507565232,0.672,0.302,3.85663705535154e-37,"10","VPS13C"
1.68694470275847e-41,1.73087746742077,0.504,0.19,4.0677297617615e-37,"10","PDIA4"
1.69791321381366e-41,1.26326371070422,0.741,0.386,4.09417813246888e-37,"10","LAMP1"
2.72824727853945e-41,1.99126559996553,0.321,0.086,6.57862266274218e-37,"10","AKT1"
3.24828768382083e-41,1.33951382625878,0.657,0.302,7.83259609199716e-37,"10","TM9SF2"
3.61310194008072e-41,1.98129115272949,0.307,0.079,8.71227270811665e-37,"10","CCM2"
3.86503296751851e-41,2.21468322186786,0.285,0.07,9.31975399457738e-37,"10","IFFO1"
6.44559943193066e-41,1.33628181605094,0.672,0.335,1.55422739102144e-36,"10","SYK"
1.14991836545285e-40,1.85373473561691,0.383,0.119,2.77279815461645e-36,"10","HELZ"
1.31545337575096e-40,1.9987847736211,0.511,0.205,3.17195272494828e-36,"10","HES1"
1.58194026350666e-40,1.58261101140104,0.544,0.219,3.8145325573936e-36,"10","PCM1"
1.84317403775655e-40,1.78777593974771,0.409,0.133,4.44444555724237e-36,"10","PLXNB2"
2.33921221864721e-40,1.63134693451947,0.62,0.279,5.64054242282402e-36,"10","RUNX1"
2.47336465230777e-40,1.2374827266933,0.708,0.351,5.96402418610972e-36,"10","SCAMP2"
2.48074836846962e-40,1.72980008780035,0.558,0.232,5.98182854089079e-36,"10","TENT5A"
3.31193999906697e-40,1.66747716305264,0.449,0.156,7.9860809197502e-36,"10","ITGAM"
3.45506513695433e-40,1.37385428095331,0.343,0.095,8.33119856473797e-36,"10","CDKN1C"
4.39669769335064e-40,1.23330919699838,0.766,0.402,1.06017571479764e-35,"10","FCGR3A"
5.61513467175567e-40,1.38873324337696,0.65,0.302,1.35397742340044e-35,"10","CD84"
6.49985291842339e-40,1.05702705775881,0.847,0.566,1.56730953421943e-35,"10","TPP1"
7.10969230270199e-40,1.82754521163605,0.35,0.102,1.71436010495053e-35,"10","FAM13A"
7.68905964722689e-40,1.28106959369914,0.617,0.258,1.85406295273582e-35,"10","DMXL2"
8.29418483869915e-40,1.27883739514914,0.704,0.347,1.99997679015553e-35,"10","TMEM176A"
9.83215678741559e-40,2.27356675284982,0.255,0.06,2.37082796614952e-35,"10","SLC38A7"
1.01997671075648e-39,2.01638507326147,0.299,0.078,2.45946984264709e-35,"10","FTX"
1.21730409894056e-39,1.70595261721194,0.464,0.165,2.93528537377536e-35,"10","TBC1D9"
2.10277346190951e-39,1.66713885960616,0.405,0.13,5.0704176487024e-35,"10","SHMT1"
2.62692737296438e-39,2.09277938397819,0.299,0.079,6.334309974429e-35,"10","HHEX"
2.68987142264998e-39,1.91504159808294,0.372,0.116,6.48608696143591e-35,"10","NADK"
4.24704338490889e-39,1.61371256809888,0.471,0.173,1.02408957140308e-34,"10","OSBPL11"
4.39649517324752e-39,1.63885121693157,0.456,0.163,1.06012688112518e-34,"10","EPS8"
4.96068367827401e-39,1.14431695681738,0.81,0.525,1.19616965534221e-34,"10","TGFBI"
1.24081929398285e-38,1.65280644169912,0.453,0.162,2.99198756358084e-34,"10","CCDC50"
1.59149598001667e-38,2.16897465791471,0.263,0.064,3.8375742566142e-34,"10","CYSLTR1"
2.62615950151381e-38,1.5390403747051,0.518,0.205,6.33245840600026e-34,"10","ADAR"
3.00378440257964e-38,2.02168244239367,0.303,0.082,7.2430253299403e-34,"10","PPP1R9B"
3.12857679891433e-38,0.924389289180695,0.96,0.758,7.54393723522212e-34,"10","CALM2"
5.45985066964544e-38,1.64142346271407,0.471,0.175,1.3165337919716e-33,"10","SETX"
8.01309297328009e-38,2.04070475245688,0.325,0.094,1.93219710864703e-33,"10","GASK1B"
8.63552040828081e-38,1.2766583394182,0.668,0.329,2.08228303604875e-33,"10","CDV3"
9.63038338790873e-38,0.527430031299267,0.843,0.425,2.32217434632643e-33,"10","APOC1"
2.15015449324362e-37,2.00345939373822,0.292,0.078,5.18466752955835e-33,"10","RHOU"
2.40793786108143e-37,1.14673987447367,0.803,0.475,5.80626056442566e-33,"10","LAP3"
2.82036792798599e-37,1.18269470763354,0.745,0.425,6.80075318475262e-33,"10","RASSF4"
3.03266667099824e-37,1.41068184731341,0.573,0.252,7.31266914377807e-33,"10","HNRNPD"
3.21166993322324e-37,1.73981211649448,0.409,0.14,7.7442997099812e-33,"10","CBR1"
3.89239827776857e-37,1.93682924798452,0.328,0.097,9.38573996718335e-33,"10","PXDC1"
5.22519847768926e-37,1.76383689916406,0.38,0.123,1.25995210892521e-32,"10","ARHGAP17"
6.0115614736449e-37,1.79138361796202,0.347,0.105,1.44956781814e-32,"10","SGMS1"
6.01960190525222e-37,2.11895480690202,0.288,0.077,1.45150660741347e-32,"10","PEAK1"
6.81276502406308e-37,1.74146337882755,0.372,0.118,1.64276203025233e-32,"10","PPIP5K2"
1.20552080418798e-36,1.29762637193355,0.719,0.398,2.90687231513847e-32,"10","YWHAH"
1.45699484720208e-36,1.80641936213488,0.354,0.109,3.51325167505837e-32,"10","KMT2A"
2.18111790189807e-36,1.91722441791929,0.296,0.081,5.25932959684681e-32,"10","ANKRD13D"
2.22676779925024e-36,1.8765660410628,0.307,0.086,5.3694051943321e-32,"10","IFIH1"
5.38862323980675e-36,0.766417402414282,0.964,0.811,1.2993587218146e-31,"10","RAC1"
5.75762890753039e-36,1.73837409490431,0.387,0.129,1.3883370584728e-31,"10","IRF5"
5.9199853854389e-36,1.76118309217492,0.361,0.115,1.42748607599088e-31,"10","TCEAL3"
6.76221792284589e-36,1.46680838627906,0.515,0.212,1.63057360773583e-31,"10","SNX29"
7.67308913569749e-36,1.41073027524152,0.584,0.263,1.85021198329074e-31,"10","NABP1"
1.05435059795471e-35,1.66973454896287,0.438,0.16,2.54235559684819e-31,"10","STAT2"
2.65017508206709e-35,1.60492456993356,0.398,0.135,6.39036717538837e-31,"10","ZRANB2"
2.86261677029971e-35,1.95831366695509,0.266,0.069,6.9026278182237e-31,"10","NFE2L1"
2.91930379902183e-35,1.14706139162596,0.737,0.448,7.03931725058134e-31,"10","AKR1A1"
4.15253007706683e-35,1.36093900936746,0.515,0.205,1.00129957748312e-30,"10","FMNL2"
5.52347849414537e-35,1.44983460965419,0.515,0.214,1.33187636929327e-30,"10","GTF2I"
7.7737081690902e-35,1.36147757961763,0.544,0.23,1.87447425081272e-30,"10","EPB41L2"
1.04107404659586e-34,1.98328738508524,0.259,0.067,2.51034184855659e-30,"10","SMURF2"
1.04695764164988e-34,1.62019363487863,0.38,0.126,2.52452896131035e-30,"10","ACP2"
1.10489899076582e-34,1.32405600709763,0.675,0.37,2.66424293643362e-30,"10","IL10RA"
1.2498674942088e-34,1.37903541161206,0.518,0.215,3.01380548878568e-30,"10","MACF1"
1.67545822428846e-34,1.67262117713363,0.358,0.115,4.04003241622676e-30,"10","PPP1R14B"
2.04037345823706e-34,1.73933284717467,0.343,0.108,4.91995251984702e-30,"10","PRKACA"
2.45974256795776e-34,1.90045123452394,0.274,0.073,5.93117725411654e-30,"10","RBM26"
2.67713906427445e-34,1.59729282872903,0.471,0.187,6.45538542568497e-30,"10","SNHG12"
2.8334439575742e-34,1.16990231818217,0.661,0.319,6.83228341489867e-30,"10","SCAF11"
3.11887338816841e-34,1.80657752829356,0.336,0.105,7.52053940089048e-30,"10","CHID1"
3.29156757300643e-34,2.01638507326147,0.259,0.068,7.9369568887904e-30,"10","CPED1"
5.62064892699395e-34,1.97129718373293,0.281,0.078,1.35530707576605e-29,"10","BRD7"
5.64680158501584e-34,1.76643692940446,0.361,0.12,1.36161326619487e-29,"10","ATG7"
8.00749874456878e-34,1.49164449715638,0.493,0.203,1.93084817227787e-29,"10","TGFBR2"
9.49749847796602e-34,1.92965969703955,0.274,0.075,2.29013180799195e-29,"10","PPP2CB"
1.52196867261829e-33,1.65207837610355,0.38,0.13,3.66992306028449e-29,"10","SORBS3"
1.82329109251067e-33,1.43902718955206,0.526,0.228,4.39650181137098e-29,"10","SULT1A1"
2.13907607749073e-33,1.80034498748689,0.343,0.111,5.15795414565339e-29,"10","MAP3K3"
2.62127039920046e-33,1.60511791971123,0.409,0.147,6.32066931359207e-29,"10","ADAM28"
2.90735009650226e-33,1.56256145837763,0.566,0.262,7.01049328769591e-29,"10","CD93"
3.19513636311452e-33,1.3496456154203,0.573,0.266,7.70443231237805e-29,"10","PREX1"
3.31549165050665e-33,1.73148770931907,0.321,0.098,7.99464501686669e-29,"10","ADH5"
3.48789942267234e-33,1.88753095754179,0.292,0.085,8.41037187788982e-29,"10","TK2"
3.48969511867014e-33,0.606594947328229,1,0.996,8.4147018396493e-29,"10","TMSB4X"
4.4106030971605e-33,1.29561151259785,0.547,0.237,1.06352872481831e-28,"10","DST"
5.13547778337277e-33,1.34371797258963,0.558,0.253,1.23831775790468e-28,"10","MGST2"
5.62733855861153e-33,1.7759868638707,0.307,0.091,1.356920146638e-28,"10","MRPS18C"
5.68047888049877e-33,1.64641274551416,0.401,0.146,1.36973387245467e-28,"10","CAB39"
7.33134181790758e-33,1.10391121103473,0.701,0.376,1.76780645255206e-28,"10","FERMT3"
7.68167269103681e-33,1.09884723345344,0.73,0.408,1.85228173598971e-28,"10","TGOLN2"
7.70194564443668e-33,1.710258834497,0.336,0.107,1.85717015324302e-28,"10","SREBF1"
9.24158548615112e-33,1.46131280379823,0.474,0.191,2.22842350827562e-28,"10","PARP1"
1.03844507708362e-32,1.98869898295539,0.383,0.14,2.50400261437174e-28,"10","INTS6"
1.03929523724673e-32,1.73172423609079,0.325,0.102,2.50605260557305e-28,"10","TNFSF10"
1.46141673872681e-32,0.678005716357532,0.993,0.89,3.52391418209196e-28,"10","NPC2"
1.63907648213857e-32,1.85222305174801,0.343,0.113,3.95230512138074e-28,"10","EIF2AK2"
2.14469564073556e-32,1.56798897703619,0.405,0.148,5.17150459850567e-28,"10","GIT2"
2.21177883508026e-32,1.87922247112732,0.321,0.101,5.33326230502903e-28,"10","SEPTIN11"
2.79415418824763e-32,2.06301335282455,0.263,0.072,6.73754399412151e-28,"10","CKAP5"
3.85546998527829e-32,1.84346407332754,0.296,0.088,9.29669477550155e-28,"10","HERC2"
4.15683830941779e-32,1.29708994323649,0.609,0.31,1.00233842154991e-27,"10","NCKAP1L"
4.63344975543557e-32,0.988937665245322,0.843,0.621,1.11726373952818e-27,"10","CD302"
6.54521099093063e-32,1.90278549211776,0.277,0.08,1.5782467262431e-27,"10","LMO4"
6.58248663437138e-32,1.47851488093679,0.434,0.167,1.58723500214597e-27,"10","BOD1L1"
8.04963439260239e-32,1.77600690645166,0.343,0.114,1.94100834108822e-27,"10","APOL6"
8.20307724395054e-32,1.39716461621253,0.478,0.196,1.97800801583379e-27,"10","INPP5D"
9.94638215635938e-32,0.79352813407175,0.88,0.597,2.39837112936294e-27,"10","BLVRB"
1.04264254677889e-31,1.35658733961772,0.544,0.247,2.51412397304793e-27,"10","ZNF106"
1.51880711448985e-31,0.503271805960073,0.996,0.963,3.66229959516937e-27,"10","PSAP"
1.91607791386863e-31,1.30432582781512,0.547,0.251,4.62023867371142e-27,"10","FEZ2"
1.94759932358857e-31,1.24547214717192,0.551,0.247,4.69624624896911e-27,"10","TAF10"
2.09364674048218e-31,1.59988216497813,0.361,0.124,5.04841038532468e-27,"10","NCOA7"
2.42641574870246e-31,1.1986720652109,0.679,0.398,5.85081629484625e-27,"10","OSTF1"
2.81217024537594e-31,1.47078500481109,0.431,0.169,6.78098611267501e-27,"10","SLC4A7"
3.32872164927827e-31,1.21939470802304,0.599,0.288,8.02654651290469e-27,"10","DNPH1"
4.46562329761997e-31,1.67613232016102,0.343,0.115,1.0767957457551e-26,"10","LGALS8"
5.89923115056163e-31,1.43777420815061,0.464,0.191,1.42248160733493e-26,"10","TCF12"
7.56107352728942e-31,1.81794640682613,0.321,0.105,1.8232016596353e-26,"10","KIAA0930"
8.6143414422092e-31,1.43170681942152,0.493,0.219,2.0771761519599e-26,"10","GNB4"
9.38515615952412e-31,0.610122484525632,0.996,0.872,2.26304270474605e-26,"10","CTSB"
1.61409643216506e-30,0.826893262276205,0.905,0.733,3.8920707268796e-26,"10","ARPC5"
1.71308895868741e-30,1.63585042138256,0.391,0.145,4.13077140608295e-26,"10","SIGLEC7"
1.90321734616354e-30,1.15540857521546,0.613,0.302,4.58922798680416e-26,"10","ANKRD12"
2.35122129835047e-30,1.01731147038911,0.799,0.547,5.6694999167125e-26,"10","TLN1"
2.57677068900377e-30,1.75317941749681,0.307,0.097,6.21336716239478e-26,"10","ZNF217"
3.64820918573015e-30,1.5206570878329,0.391,0.145,8.79692680955111e-26,"10","TENT2"
4.08424837123102e-30,1.71237888637137,0.31,0.099,9.84834809754937e-26,"10","GATAD1"
4.47096696012591e-30,1.84789385702785,0.277,0.083,1.07808426309516e-25,"10","SUCLG2"
7.43579814114449e-30,1.32900150794582,0.449,0.179,1.79299400577417e-25,"10","AXL"
1.7199977589736e-29,1.61789561744326,0.343,0.118,4.14743059621304e-25,"10","P2RY13"
1.87236677387078e-29,1.47705140970742,0.412,0.161,4.51483800183461e-25,"10","FLI1"
1.98772950646119e-29,1.53262287556936,0.369,0.133,4.79301215892988e-25,"10","CARD8"
2.43298023851686e-29,1.71371533393418,0.281,0.085,5.86664524913572e-25,"10","UBE2M"
2.87955889603664e-29,1.65926754991181,0.328,0.11,6.94348036601314e-25,"10","ANKS1A"
2.9330901201627e-29,1.83996545308336,0.266,0.078,7.07256020674832e-25,"10","JKAMP"
3.10787706407376e-29,1.58639723251665,0.365,0.133,7.49402396460105e-25,"10","HNRNPUL2"
3.11325750400141e-29,1.43984582098733,0.398,0.15,7.50699781939861e-25,"10","TCEAL4"
3.40566730720346e-29,1.96391765336733,0.274,0.083,8.21208557785971e-25,"10","DTX3L"
4.05740845658179e-29,1.14872085653743,0.624,0.326,9.78362901135567e-25,"10","RAB32"
4.13336323577739e-29,0.754816226341349,0.905,0.716,9.96677877043003e-25,"10","RNF130"
4.2526379968636e-29,0.859410837666149,0.836,0.547,1.02543860018372e-24,"10","APLP2"
5.94232749689954e-29,1.79373244901316,0.277,0.084,1.43287342932739e-24,"10","SUZ12"
6.37034341926036e-29,1.3564820725973,0.533,0.247,1.53608090868625e-24,"10","FCGR1A"
1.00203609849214e-28,1.31486559322602,0.577,0.296,2.4162096442941e-24,"10","ITGA4"
1.06392095833088e-28,0.942221767620778,0.814,0.586,2.56543260682325e-24,"10","CLTA"
1.0774461804242e-28,1.4652108859966,0.35,0.123,2.59804597485687e-24,"10","ATF7IP"
1.17758937558198e-28,1.87215933040814,0.281,0.088,2.83952126134084e-24,"10","ITPRIPL2"
1.30603835125052e-28,1.12168571261015,0.529,0.24,3.14925027637038e-24,"10","ETV6"
1.58502582945624e-28,1.35633571407581,0.482,0.211,3.82197278256782e-24,"10","NFIC"
1.84946378928345e-28,1.08812891729864,0.653,0.346,4.45961203509919e-24,"10","CASP1"
1.90033837586871e-28,1.07287284647293,0.653,0.356,4.58228592573223e-24,"10","RRBP1"
2.03170619697177e-28,1.69932273354592,0.288,0.091,4.89905315275803e-24,"10","ABHD17A"
2.87795694568312e-28,1.71347225136564,0.292,0.093,6.93961758312572e-24,"10","CCNG2"
2.90129344632331e-28,1.25469704968403,0.511,0.23,6.99588888711941e-24,"10","RENBP"
3.05713082742938e-28,1.39413484775337,0.442,0.183,7.37165956418046e-24,"10","CRYL1"
3.34048890962148e-28,1.68145431317647,0.292,0.093,8.05492090777028e-24,"10","CREB1"
7.29906946252181e-28,1.40954907423247,0.485,0.224,1.76002461949788e-23,"10","UTRN"
7.65677592479893e-28,1.52903904148677,0.361,0.132,1.84627837874677e-23,"10","PRDM1"
8.57842334506186e-28,1.15558705834137,0.661,0.358,2.06851522119477e-23,"10","MSR1"
1.1000857084975e-27,1.29097888486899,0.504,0.23,2.65263666890002e-23,"10","ME2"
1.10506152298271e-27,1.22857232027804,0.507,0.228,2.66463485036822e-23,"10","SP110"
1.19952534348847e-27,1.44870963122441,0.412,0.166,2.89241546075375e-23,"10","TM9SF3"
1.27271893336734e-27,1.74890476239648,0.281,0.089,3.06890716402867e-23,"10","GLOD4"
1.39839917904424e-27,1.45807128495816,0.372,0.139,3.37195994042938e-23,"10","ARL8A"
1.61309238964759e-27,1.54920837500695,0.409,0.166,3.88964967915723e-23,"10","DICER1"
1.93984861550869e-27,1.48035776383714,0.409,0.165,4.67755696657611e-23,"10","BAZ2B"
2.6055862316088e-27,1.52596576214049,0.328,0.114,6.28285008027829e-23,"10","RESF1"
3.89134493865834e-27,2.31213287228607,0.38,0.159,9.38320005058685e-23,"10","TCEAL9"
4.03899971431761e-27,1.69073389233139,0.281,0.089,9.73924001113406e-23,"10","BCL2L1"
4.17198689125637e-27,1.77075445904627,0.277,0.088,1.00599119908865e-22,"10","CTBP1"
5.4583775393413e-27,1.16363657356297,0.606,0.324,1.31617857606137e-22,"10","GAA"
6.32139594219422e-27,1.26591904416887,0.409,0.162,1.52427820354129e-22,"10","ZSWIM6"
7.61635229619265e-27,1.62656921947243,0.325,0.114,1.83653102918093e-22,"10","MAML2"
8.09777199176961e-27,1.05756810222077,0.646,0.369,1.95261576037541e-22,"10","DPP7"
9.58789127377579e-27,1.67190964869107,0.277,0.088,2.31192822284556e-22,"10","ADGRG6"
1.19061344291699e-26,1.55688095556434,0.365,0.14,2.87092619490574e-22,"10","ZNF638"
1.2372654293232e-26,1.52651234106003,0.35,0.13,2.98341812972703e-22,"10","ARPIN"
1.24478234164632e-26,0.867859994806319,0.77,0.505,3.00154366041177e-22,"10","NCOA4"
1.35277270063386e-26,0.949455353464929,0.712,0.406,3.26194081303842e-22,"10","CFD"
1.49798257955913e-26,0.79838140426859,0.898,0.669,3.61208539409093e-22,"10","HLA-DMB"
1.54235850191169e-26,1.77409309448732,0.259,0.079,3.71908905565966e-22,"10","NBR1"
1.6157175273936e-26,1.26994139217893,0.507,0.243,3.89597967380418e-22,"10","EPN1"
1.67444336159392e-26,1.29898174547378,0.42,0.171,4.03758527781143e-22,"10","GLMP"
1.71421369656283e-26,1.23111328227897,0.544,0.269,4.13348348652195e-22,"10","IRF2BP2"
1.99196263277014e-26,1.52783409565628,0.394,0.16,4.80321949639865e-22,"10","ZNF330"
2.21728136257214e-26,1.18583307187553,0.522,0.246,5.3465305495702e-22,"10","ATRX"
2.24303141088063e-26,1.42755579177229,0.372,0.142,5.40862164105647e-22,"10","EFCAB14"
2.76593709115117e-26,0.870167900121725,0.781,0.551,6.66950410789281e-22,"10","MAN2B1"
3.07129261365928e-26,1.2813474428205,0.54,0.269,7.40580787931662e-22,"10","APPL1"
3.57575670417781e-26,1.29283999485758,0.456,0.201,8.62222214078395e-22,"10","ATP6V0A1"
3.69694368170395e-26,1.5957339675191,0.325,0.116,8.91444029969274e-22,"10","ARHGAP5"
3.83636685873442e-26,0.831828341376355,0.602,0.294,9.25063140646631e-22,"10","GPNMB"
3.94426762778997e-26,1.54904530720422,0.354,0.133,9.51081253088997e-22,"10","RABEP1"
5.09391537406456e-26,1.38483171898285,0.387,0.153,1.22829581414819e-21,"10","LMAN1"
5.91169144521321e-26,1.23502535973681,0.518,0.249,1.42548615818426e-21,"10","PIK3AP1"
6.01493532577828e-26,0.855035828482087,0.803,0.565,1.45038135510492e-21,"10","SRRM2"
7.33725291765112e-26,0.864525453044211,0.777,0.516,1.76923179603322e-21,"10","CD99"
8.83153972419663e-26,1.18661217815811,0.533,0.264,2.12954917369553e-21,"10","PABPN1"
9.80513419601737e-26,1.73910475839974,0.259,0.081,2.36431200868567e-21,"10","DNAJC21"
1.0222304658131e-25,1.02904699756369,0.635,0.348,2.46490432221514e-21,"10","EIF3D"
1.26854160940571e-25,1.04724603696623,0.704,0.43,3.05883438275999e-21,"10","DDX17"
1.37615197065498e-25,1.40046297018681,0.321,0.113,3.31831524684034e-21,"10","GNG2"
1.49884428710682e-25,1.19687615103741,0.675,0.414,3.61416322950067e-21,"10","IER5"
1.59046885395495e-25,1.05829396896285,0.599,0.317,3.83509754754157e-21,"10","TRAM1"
1.70473262103497e-25,1.57405588231488,0.332,0.123,4.11062176910162e-21,"10","AAK1"
2.54123847183206e-25,1.77796722799895,0.252,0.078,6.12768832712865e-21,"10","NR1D2"
3.23873868745976e-25,1.66895660608024,0.27,0.088,7.80957059707172e-21,"10","ARHGAP27"
3.9500794525539e-25,1.73547036074733,0.252,0.078,9.52482658394322e-21,"10","COPS7A"
4.2372078926114e-25,1.42072134435453,0.391,0.161,1.02171793914539e-20,"10","BEX4"
4.39038136873181e-25,1.28113187697095,0.591,0.33,1.0586526594423e-20,"10","NUCKS1"
4.69791208751441e-25,0.631242751210409,0.967,0.826,1.13280754166235e-20,"10","RNASET2"
4.82238806448427e-25,1.5730944772689,0.299,0.104,1.16282243398909e-20,"10","SIPA1"
4.92630179291634e-25,1.37078375802793,0.423,0.185,1.18787915132592e-20,"10","SECTM1"
4.99062694667459e-25,1.5717854170391,0.325,0.119,1.20338987565164e-20,"10","PHKB"
5.1021936209778e-25,0.994760632056031,0.65,0.366,1.23029194782638e-20,"10","TACC1"
5.24697878147945e-25,1.70383821466841,0.263,0.084,1.26520399357814e-20,"10","HEATR3"
5.93787708521684e-25,1.56203828124746,0.288,0.097,1.43180030155834e-20,"10","PIK3C2A"
6.18560689124074e-25,1.62806260043789,0.277,0.092,1.49153538968488e-20,"10","SPATA20"
8.10686736291011e-25,1.37006484353526,0.35,0.133,1.95480892721852e-20,"10","UBAC1"
8.46945247562069e-25,1.38773129013041,0.35,0.133,2.04223907544642e-20,"10","DOK3"
9.06249424098736e-25,0.503675184232381,0.646,0.334,2.18523923632928e-20,"10","HSPA6"
1.13318716214032e-24,1.24428760763526,0.449,0.202,2.73245420406896e-20,"10","EEA1"
1.1760584546786e-24,1.55686823680667,0.328,0.122,2.83582975176652e-20,"10","TNRC6B"
1.18050220724013e-24,1.47713554658508,0.321,0.117,2.84654497231813e-20,"10","GBA"
1.34909875344526e-24,1.10367570471709,0.584,0.319,3.25308182418255e-20,"10","STX7"
1.47798019262393e-24,1.58483248719961,0.266,0.086,3.56385363847407e-20,"10","PDLIM2"
1.67546465055181e-24,1.04129919267344,0.653,0.389,4.04004791187558e-20,"10","CAPZA2"
1.92251810060697e-24,0.597043100262013,0.985,0.863,4.63576789599358e-20,"10","GRN"
1.92729456751384e-24,0.878495720248615,0.734,0.47,4.64728539064613e-20,"10","HCK"
2.11819728952668e-24,1.32413831559102,0.449,0.205,5.10760912423568e-20,"10","CACUL1"
2.12468760583104e-24,0.665763527096236,0.916,0.713,5.12325922394039e-20,"10","VAMP8"
2.9938464698247e-24,1.03574494627099,0.573,0.297,7.21906199268831e-20,"10","STAT1"
4.02088083960408e-24,0.728283068110903,0.934,0.78,9.69554996853732e-20,"10","HMGB1"
4.37294022057345e-24,0.845092297325818,0.843,0.635,1.05444707538688e-19,"10","CANX"
5.09818308450735e-24,0.962776731962763,0.697,0.422,1.22932488716726e-19,"10","LYN"
5.11918084050132e-24,0.931703617411245,0.69,0.421,1.23438807607008e-19,"10","TMBIM4"
5.44183929241824e-24,1.57217765506732,0.277,0.094,1.31219070858081e-19,"10","RHOBTB3"
6.1885009351299e-24,1.3509727401203,0.391,0.162,1.49223323048787e-19,"10","AIG1"
6.28093746695827e-24,1.66798476701291,0.263,0.087,1.51452245140765e-19,"10","SLC49A4"
6.65958765740374e-24,1.61954441195516,0.274,0.093,1.60582637182976e-19,"10","TPST2"
8.64548216860451e-24,1.53914115088822,0.292,0.103,2.08468511531561e-19,"10","TTC1"
1.00143521190203e-23,1.49376258106344,0.442,0.206,2.41476072645936e-19,"10","IDI1"
1.17115446315673e-23,1.78376351960813,0.252,0.082,2.82400475700982e-19,"10","PHYH"
1.30670216541465e-23,1.13077539774013,0.496,0.237,3.15085093146433e-19,"10","VOPP1"
1.69827199656062e-23,1.49034185240977,0.376,0.157,4.09504326530661e-19,"10","PHACTR4"
1.75228031686844e-23,1.80053269966141,0.453,0.223,4.22527352806488e-19,"10","DNAJA4"
1.76721665980888e-23,1.37784751724368,0.427,0.194,4.26128953179716e-19,"10","RALBP1"
1.97899001581559e-23,1.66060523664732,0.255,0.083,4.77193862513613e-19,"10","DGLUCY"
2.07262132049491e-23,0.824684096207591,0.759,0.501,4.99771179010938e-19,"10","TBXAS1"
2.45991743150862e-23,1.18794195098446,0.361,0.141,5.93159890259674e-19,"10","NR1H3"
2.5326767926938e-23,1.53774688225153,0.292,0.104,6.10704355022255e-19,"10","SLFN11"
2.83501744219394e-23,0.605303050489775,0.996,0.995,6.83607755836225e-19,"10","TPT1"
2.95213691088935e-23,1.52272618942983,0.296,0.106,7.1184877332275e-19,"10","SLC46A3"
3.43895972361139e-23,1.13663273453852,0.518,0.262,8.29236358154415e-19,"10","AKAP9"
3.95261784300495e-23,1.27557741280087,0.38,0.156,9.53094740483784e-19,"10","EVL"
4.26166274510978e-23,1.30851470976457,0.398,0.17,1.02761473772832e-18,"10","CDK5RAP3"
4.77956190341011e-23,1.44669490212363,0.354,0.145,1.15249576176928e-18,"10","NKTR"
5.38013566032061e-23,0.929183237238244,0.679,0.418,1.29731211177311e-18,"10","LY86"
5.65779670379899e-23,1.61302133431471,0.263,0.089,1.36426451918705e-18,"10","TRIP11"
5.82847198026055e-23,0.879072870173499,0.679,0.389,1.40541944860023e-18,"10","CTSA"
9.65569236198279e-23,1.55642682748166,0.274,0.095,2.32827709924491e-18,"10","TBL1XR1"
9.68226199902907e-23,1.33364532710599,0.372,0.154,2.33468383582588e-18,"10","DNMT1"
9.85231736524831e-23,1.05909469701045,0.599,0.327,2.37568928628232e-18,"10","AKR1B1"
1.00287127058189e-22,1.45830787872914,0.339,0.135,2.41822349475411e-18,"10","CHKB"
1.00734353242144e-22,1.12271174444817,0.507,0.26,2.42900745972782e-18,"10","RCSD1"
1.04082266639949e-22,1.67972566905262,0.255,0.086,2.5097356954891e-18,"10","IKBKB"
1.12973534907161e-22,1.60663024206331,0.285,0.102,2.72413084721638e-18,"10","DMXL1"
1.14210289342509e-22,1.68547938225485,0.27,0.095,2.75395270691593e-18,"10","DENND4B"
1.15900594310194e-22,0.706418275467023,0.839,0.615,2.7947110306017e-18,"10","PYCARD"
1.16523428749183e-22,1.28387912728596,0.38,0.159,2.80972943742904e-18,"10","MPHOSPH8"
1.43597914829435e-22,1.22286857206819,0.5,0.252,3.46257652028218e-18,"10","IFNAR1"
1.44918571499144e-22,1.41592147900012,0.303,0.111,3.49442151455887e-18,"10","KIAA1109"
1.58637686257316e-22,1.52123739901936,0.307,0.115,3.82523052872266e-18,"10","ARID1A"
1.78315066498112e-22,1.15843157873036,0.431,0.193,4.29971119846897e-18,"10","FKBP15"
1.80895581212519e-22,1.57827127248494,0.274,0.096,4.36193514977746e-18,"10","OSBPL9"
1.99713067648358e-22,1.4834211476328,0.277,0.097,4.81568120020484e-18,"10","SCARB1"
2.05188271251814e-22,1.52369992486369,0.318,0.122,4.947704784695e-18,"10","PIP4K2A"
2.07881660172747e-22,1.64019850295398,0.314,0.122,5.01265047174546e-18,"10","ERBIN"
2.27634525119444e-22,1.38233537992883,0.354,0.144,5.48895130420515e-18,"10","GNPTAB"
3.00886319101672e-22,1.33518901771388,0.38,0.162,7.25527181249862e-18,"10","EFR3A"
3.19837334919554e-22,1.28568588399159,0.412,0.185,7.7122376569152e-18,"10","PBRM1"
4.27679655089437e-22,1.67935641094446,0.325,0.127,1.03126395231716e-17,"10","DNASE1L3"
4.34096762524882e-22,1.25812007729481,0.354,0.144,1.04673752347625e-17,"10","EML4"
4.47001937648685e-22,1.56959656038771,0.285,0.104,1.07785577225227e-17,"10","GAS2L3"
4.51927898016848e-22,1.21961008385996,0.409,0.181,1.08973374048803e-17,"10","MMADHC"
4.8523546321312e-22,0.989669101649483,0.628,0.377,1.1700482724458e-17,"10","LY96"
5.17003751735214e-22,1.40992689264315,0.292,0.106,1.24665114655912e-17,"10","SYNRG"
5.85493333038865e-22,1.09303859566087,0.558,0.304,1.41180007395662e-17,"10","SLC8A1"
7.13729969739377e-22,1.35112094444945,0.35,0.143,1.72101707603256e-17,"10","IRF2"
7.17993023865164e-22,1.32670133998615,0.35,0.143,1.73129657844607e-17,"10","DIAPH2"
7.3753712366872e-22,1.56793693269929,0.285,0.105,1.77842326630238e-17,"10","DIP2A"
7.84860173547055e-22,1.03154130458367,0.471,0.223,1.89253333647401e-17,"10","LINC01578"
9.89369574655326e-22,1.10841244402573,0.515,0.265,2.38566685536639e-17,"10","RAB14"
1.04997880084895e-21,1.60509569494084,0.27,0.096,2.53181388248708e-17,"10","KCNK6"
1.42461636441271e-21,1.51324196371257,0.288,0.107,3.43517743950838e-17,"10","UROD"
1.66745134711485e-21,1.64581126943238,0.255,0.089,4.02072543329804e-17,"10","RRAGD"
1.79119265645199e-21,1.06876828261152,0.401,0.173,4.31910285250268e-17,"10","SMPDL3A"
1.82886827771794e-21,1.44627382657761,0.292,0.108,4.40995007806126e-17,"10","OSGEP"
2.03502322923577e-21,1.79870221554435,0.387,0.179,4.9070515126562e-17,"10","UBE2S"
2.45949483042981e-21,1.04549882364556,0.449,0.208,5.93057988461541e-17,"10","PMP22"
2.46837855418278e-21,0.71792561247978,0.825,0.568,5.95200120770093e-17,"10","ZEB2"
2.90150670568026e-21,1.61645446637283,0.259,0.091,6.9964031194068e-17,"10","PTPA"
2.9145829036773e-21,1.5810137314601,0.27,0.097,7.02793375563707e-17,"10","PDK3"
3.23101665796135e-21,1.37412956604403,0.398,0.181,7.79095046734219e-17,"10","MYO1E"
3.36411090391525e-21,1.36589024159083,0.332,0.134,8.11188062261085e-17,"10","RTF1"
3.42559000949967e-21,0.955844977890293,0.599,0.334,8.26012518990656e-17,"10","SNHG5"
5.26718191743114e-21,1.25810897284985,0.358,0.149,1.27007557575017e-16,"10","RIPOR1"
6.15538969303399e-21,0.730255309522421,0.752,0.484,1.48424911668129e-16,"10","EFHD2"
6.47245032818709e-21,0.502566645435002,0.942,0.63,1.56070194763575e-16,"10","CD163"
6.62185551283064e-21,1.34314507670565,0.307,0.118,1.59672801980885e-16,"10","LARP4B"
6.98063659675026e-21,0.931438927007624,0.591,0.324,1.68324090257439e-16,"10","SEPTIN2"
7.04588864084668e-21,0.907484125666995,0.62,0.362,1.69897512796736e-16,"10","GNPTG"
8.67285668420478e-21,1.2645663510009,0.332,0.133,2.0912859322623e-16,"10","DIP2B"
9.00618608031169e-21,1.06340221192804,0.485,0.243,2.17166164954556e-16,"10","SSB"
9.23483279544113e-21,0.807283432065665,0.533,0.268,2.22679523196472e-16,"10","C1orf54"
9.32645980696332e-21,1.25538940973219,0.394,0.178,2.24888925325306e-16,"10","NECAP2"
1.03717290353249e-20,0.999863629187323,0.547,0.296,2.5009350222879e-16,"10","CAPNS1"
1.10396307571885e-20,1.05790434269973,0.573,0.335,2.66198616448087e-16,"10","ATP5ME"
1.42346679944992e-20,1.18227832068473,0.398,0.18,3.4324054935136e-16,"10","BPTF"
1.46204301384062e-20,0.799150501005708,0.861,0.684,3.52542431927388e-16,"10","HSP90B1"
1.48505591788625e-20,1.65661159284482,0.252,0.089,3.58091533479913e-16,"10","FCGR1B"
1.5160715449468e-20,1.00963109651478,0.58,0.334,3.65570331633021e-16,"10","RPN2"
1.63073291392665e-20,1.41993175271754,0.296,0.114,3.93218627535134e-16,"10","CYB5R1"
1.82491961885095e-20,1.54346665790212,0.274,0.102,4.4004286769353e-16,"10","RABGAP1L"
2.10568727876773e-20,1.30032324534551,0.35,0.149,5.07744373529264e-16,"10","NPTN"
2.63477604716629e-20,1.00763903079665,0.504,0.259,6.35323548253207e-16,"10","NCF1"
2.96941518425173e-20,1.24150324496898,0.383,0.171,7.16015083378621e-16,"10","CHMP3"
3.71198518169496e-20,1.26134790617324,0.354,0.15,8.95070986862105e-16,"10","TRPS1"
3.76620450058655e-20,1.42650450417946,0.296,0.115,9.08144891226434e-16,"10","ADCY7"
3.87244617808254e-20,1.38943618700292,0.38,0.173,9.33762946921042e-16,"10","DNAJB4"
4.05551401916831e-20,1.46872349639568,0.277,0.104,9.77906095442055e-16,"10","MDM4"
4.31767821761768e-20,1.42282103801781,0.354,0.155,1.04112174861415e-15,"10","PLEKHM2"
4.56947381343278e-20,1.13646152525322,0.365,0.157,1.10183722063305e-15,"10","ASPH"
4.64441570140802e-20,1.4652860244066,0.288,0.111,1.11990795808052e-15,"10","ACBD3"
4.79106241713575e-20,1.20656434831975,0.409,0.192,1.15526888064394e-15,"10","CTBS"
5.25025298401657e-20,1.3469390402391,0.303,0.12,1.26599350203592e-15,"10","GBP4"
5.59646094656168e-20,1.31418489725594,0.391,0.179,1.34947462804442e-15,"10","PTAFR"
5.61835488934978e-20,1.04389906816575,0.558,0.314,1.35475391446891e-15,"10","ACAP2"
6.22106896224674e-20,1.24404514899338,0.401,0.189,1.50008635886656e-15,"10","SENP6"
7.46935820092336e-20,0.842716982720225,0.737,0.501,1.80108634298865e-15,"10","CCDC88A"
7.48418457147537e-20,1.07316362630416,0.445,0.214,1.80466142571986e-15,"10","SNRPC"
8.19929979219375e-20,0.933528140857184,0.573,0.318,1.97709715889168e-15,"10","PPP1R18"
9.86494757214983e-20,1.41441069042819,0.321,0.133,2.37873480807249e-15,"10","RTCB"
1.03832867088623e-19,1.29298192953632,0.325,0.133,2.50372192410797e-15,"10","ARSA"
1.21832313962683e-19,1.40693891427257,0.285,0.109,2.93774258658217e-15,"10","TMC6"
1.33228418599129e-19,1.14048328885134,0.46,0.235,3.2125368576808e-15,"10","CEP350"
1.68391933197525e-19,1.08276050541997,0.445,0.217,4.06043468519192e-15,"10","LGALS3BP"
2.10806832597366e-19,1.48658883020348,0.307,0.127,5.08318515442028e-15,"10","EVI5"
2.20903295015598e-19,0.702944157474375,0.825,0.625,5.32664115271111e-15,"10","LGALS9"
2.28896349569372e-19,1.41257360238215,0.292,0.115,5.51937767716626e-15,"10","DDX42"
2.47403079783691e-19,1.44534254998008,0.288,0.113,5.96563046282414e-15,"10","NTAN1"
2.48459431291848e-19,1.20399320892302,0.383,0.175,5.99110226674034e-15,"10","LRMDA"
2.55992345532998e-19,1.256791040099,0.369,0.166,6.17274342783717e-15,"10","PYGL"
2.71745156906706e-19,1.1558320678143,0.416,0.198,6.5525909684914e-15,"10","ARAP1"
2.73416370457462e-19,0.786776652808125,0.653,0.403,6.59288894084077e-15,"10","OS9"
2.93285496645447e-19,0.871630157903289,0.657,0.435,7.07199318061168e-15,"10","RNF13"
3.09609298989085e-19,1.39730871200126,0.288,0.112,7.46560902652381e-15,"10","OGA"
3.30324036786506e-19,1.08235315778615,0.595,0.356,7.96510349903302e-15,"10","VSIG4"
3.61232188214699e-19,1.16490759797156,0.365,0.162,8.71039175442104e-15,"10","CDK2AP1"
3.83671654994292e-19,1.28061623987802,0.361,0.163,9.25147461687737e-15,"10","GCC2"
4.3674543180957e-19,1.3229789469749,0.321,0.134,1.05312425972242e-14,"10","PRDX4"
5.13370211894907e-19,0.666492727981172,0.734,0.49,1.23788959194219e-14,"10","HEXA"
5.307663247168e-19,1.20961744819585,0.38,0.172,1.27983683878962e-14,"10","TRIM38"
5.46804447482103e-19,1.43188527140281,0.266,0.1,1.31850956421359e-14,"10","CLN6"
5.61362746867161e-19,1.25253424309887,0.369,0.168,1.35361399152079e-14,"10","PLCB2"
5.88901054652592e-19,0.516218284669772,0.905,0.72,1.42001711308379e-14,"10","HSPA1B"
6.48442773762063e-19,0.859786114279827,0.591,0.342,1.56359006037246e-14,"10","TNFRSF1A"
8.33419458712839e-19,1.88414523463785,0.263,0.102,2.00962434079427e-14,"10","NKRF"
8.37958694707408e-19,0.889004325062641,0.617,0.388,2.02056980054797e-14,"10","SEC62"
9.00056209762885e-19,1.19348410759152,0.336,0.144,2.17030553860124e-14,"10","PKN2"
1.03457554053048e-18,0.7206632188849,0.843,0.604,2.49467200088114e-14,"10","IQGAP1"
1.0429411573799e-18,1.10300664074591,0.383,0.175,2.51484401279015e-14,"10","PRPF4B"
1.11986072740837e-18,1.10356964369584,0.427,0.209,2.70032017199981e-14,"10","DPYSL2"
1.12209857859351e-18,1.27805004848376,0.347,0.154,2.70571630256254e-14,"10","TAOK1"
1.12608547009096e-18,0.624548797136719,0.916,0.738,2.71532989403033e-14,"10","ASAH1"
1.15357665866364e-18,1.86988215819351,0.339,0.151,2.78161939703562e-14,"10","HIST1H1E"
1.27213735847957e-18,1.08735030433439,0.478,0.255,3.0675048125018e-14,"10","MLEC"
1.51252036690901e-18,1.29798559118489,0.361,0.165,3.6471403607277e-14,"10","CELF1"
1.52098648926791e-18,1.20403766725312,0.369,0.169,3.66755472157171e-14,"10","PNKD"
1.58205790022945e-18,1.28906964912898,0.328,0.141,3.81481621482327e-14,"10","SLC31A1"
1.78009414222917e-18,1.16793154538893,0.361,0.161,4.2923410051572e-14,"10","VAT1"
1.8547244466599e-18,0.899596672400476,0.496,0.255,4.47229705823102e-14,"10","PLA2G7"
2.02602536926538e-18,0.982075780497175,0.588,0.347,4.8853549729096e-14,"10","SH2B3"
2.30544787962789e-18,1.36188163928724,0.263,0.099,5.55912647214674e-14,"10","TCF7L2"
2.36471065483911e-18,1.49122856157388,0.263,0.101,5.70202680201354e-14,"10","REEP4"
2.42950834339352e-18,1.06232135742833,0.431,0.211,5.85827346842479e-14,"10","SP100"
2.46420144114142e-18,1.25878814632313,0.339,0.149,5.9419289350243e-14,"10","FGD5-AS1"
2.73777103713834e-18,1.23796212004859,0.321,0.136,6.60158730185169e-14,"10","WDR26"
3.03597184369928e-18,0.897647526677945,0.493,0.257,7.32063890671207e-14,"10","GM2A"
3.23740700883446e-18,1.34387732957901,0.296,0.121,7.80635952040254e-14,"10","CNTLN"
3.29990035518954e-18,1.35154643035246,0.292,0.119,7.95704972646854e-14,"10","ERLEC1"
3.33254651742932e-18,0.99276685895543,0.511,0.279,8.03576941747731e-14,"10","ATP5IF1"
3.67201854202442e-18,0.721623702343067,0.748,0.514,8.85433831038348e-14,"10","UCP2"
3.92184352488191e-18,0.772066530120496,0.73,0.518,9.45674129154776e-14,"10","CD164"
5.19035578674194e-18,1.22548067198446,0.391,0.188,1.25155049085708e-13,"10","PJA2"
5.31502092968871e-18,1.31039512899913,0.314,0.134,1.28161099677584e-13,"10","RERE"
5.50571025577173e-18,1.50958390236971,0.252,0.095,1.32759191397424e-13,"10","NCK1"
5.56824791272159e-18,0.520212907809153,0.774,0.493,1.34267161919456e-13,"10","TXNIP"
5.60440581883222e-18,1.27719481398075,0.318,0.136,1.35139037509501e-13,"10","AGFG1"
5.62233475221911e-18,0.912476268017463,0.533,0.296,1.35571357880259e-13,"10","NDUFA3"
6.32736465295907e-18,1.40622426416775,0.303,0.128,1.52571743876802e-13,"10","PDS5A"
6.58398917909412e-18,1.32648773275204,0.292,0.119,1.58759731075496e-13,"10","PHF11"
6.73118585096561e-18,1.02923599171131,0.493,0.268,1.62309084424334e-13,"10","ITGAV"
7.24044426855672e-18,0.864381979816418,0.609,0.375,1.74588832647708e-13,"10","NUCB1"
7.72608131972042e-18,1.38695758144591,0.292,0.121,1.86298998862418e-13,"10","TM2D2"
7.76718625660424e-18,1.16585033633633,0.303,0.124,1.87290162205498e-13,"10","IGSF21"
8.15835829359879e-18,1.23932698804996,0.646,0.44,1.96722493533548e-13,"10","BAG3"
9.17251396054701e-18,1.51476215106001,0.259,0.101,2.2117682913067e-13,"10","LRRC58"
9.58586368787202e-18,1.31009117483768,0.321,0.14,2.31143931105658e-13,"10","TBC1D9B"
1.06750541627343e-17,1.11121915812241,0.394,0.19,2.57407581026013e-13,"10","SNX1"
1.22235349746808e-17,1.13169104075054,0.427,0.217,2.94746098844477e-13,"10","N4BP2L2"
1.26855389847628e-17,0.96930024511411,0.533,0.308,3.05886401539585e-13,"10","DRAM2"
1.30128510358531e-17,0.960408867590194,0.522,0.296,3.13778877027526e-13,"10","TMED9"
1.58549347742319e-17,1.37111327787388,0.274,0.11,3.82310042211055e-13,"10","COMMD4"
1.58879387872927e-17,1.37363482071291,0.296,0.125,3.83105867977989e-13,"10","AC025164.1"
2.55095484297968e-17,1.10076634918823,0.365,0.169,6.15111741287691e-13,"10","MBD2"
2.56424677864031e-17,1.3094142193931,0.263,0.103,6.18316825733539e-13,"10","UBE2H"
2.6304311339063e-17,0.833342606347653,0.551,0.315,6.34275859318826e-13,"10","RHOQ"
2.80352995841974e-17,0.814306609354323,0.613,0.371,6.76015178873751e-13,"10","DAPK1"
3.20941436786522e-17,1.1771133545079,0.42,0.214,7.7388608652334e-13,"10","SPPL2A"
3.23203075351971e-17,1.41464685978949,0.274,0.111,7.79339575596207e-13,"10","RNPC3"
3.61508846876471e-17,1.33809538642287,0.292,0.122,8.71706282473234e-13,"10","LARP1"
3.68743580639869e-17,1.18149778422297,0.343,0.156,8.89151395996917e-13,"10","DENR"
3.93769696752112e-17,1.33168678871223,0.274,0.11,9.49496869778368e-13,"10","FAM102B"
4.42008613050547e-17,1.31018976714298,0.339,0.156,1.06581536864878e-12,"10","HECA"
4.4728336512584e-17,1.29421648102334,0.303,0.129,1.07853437832794e-12,"10","PI4K2A"
4.84646043290817e-17,1.2120511310224,0.296,0.123,1.16862700418715e-12,"10","USP32"
5.18552171682924e-17,1.24673086038909,0.274,0.11,1.25038485157904e-12,"10","SNRNP200"
6.06414130894264e-17,1.12398548024994,0.372,0.177,1.46224639382534e-12,"10","TMEM30A"
6.28471536656493e-17,1.31864078889298,0.281,0.116,1.5154334163398e-12,"10","PARP4"
6.90527124546499e-17,1.12217973728406,0.343,0.155,1.66506805541897e-12,"10","DENND3"
6.93151669400523e-17,1.44398727036807,0.259,0.103,1.67139662042548e-12,"10","IARS2"
6.97526532947803e-17,1.35104240692577,0.259,0.102,1.68194572889704e-12,"10","RAD50"
8.55589435348109e-17,0.952867927636161,0.496,0.275,2.0630828054549e-12,"10","SERINC1"
1.13102988337404e-16,1.19314570495327,0.35,0.164,2.72725235777981e-12,"10","RBM6"
1.1983331656295e-16,1.72596795111932,0.277,0.117,2.88954076228242e-12,"10","HIST1H1C"
1.3233975153955e-16,1.2518637565747,0.343,0.161,3.19110842887317e-12,"10","SFT2D2"
1.40029625123782e-16,1.14556373236047,0.292,0.122,3.37653435060977e-12,"10","GPX3"
1.56295387581899e-16,1.38767236974729,0.266,0.109,3.76875068076233e-12,"10","AMDHD2"
1.59594254871678e-16,1.1699439381871,0.325,0.146,3.84829626772077e-12,"10","WDFY2"
1.60668724610921e-16,1.32006146359261,0.252,0.098,3.87420495654314e-12,"10","SMIM15"
1.67375429215053e-16,1.44117054909187,0.266,0.11,4.03592372466257e-12,"10","TBC1D12"
1.68047792403774e-16,1.31023806107705,0.296,0.127,4.05213641823219e-12,"10","NARS"
1.85360491209027e-16,0.651219884533509,0.664,0.438,4.46959752452327e-12,"10","LILRB2"
1.90208772461671e-16,1.29421648102334,0.303,0.133,4.58650413036827e-12,"10","ADD1"
2.06684264658553e-16,0.774579948688571,0.682,0.463,4.9837776737117e-12,"10","TRAPPC5"
2.07557839225531e-16,0.915051424601359,0.445,0.23,5.00484217724523e-12,"10","KCNMA1"
2.44470022631106e-16,1.23120153220248,0.288,0.121,5.89490565570386e-12,"10","MAP2K2"
2.85474858313536e-16,1.21337720173532,0.31,0.138,6.88365525851428e-12,"10","ARID1B"
3.27274114119584e-16,1.1234511196426,0.35,0.165,7.89156071376552e-12,"10","VPS36"
3.27463192935764e-16,1.10934967963598,0.387,0.193,7.89611997126008e-12,"10","CHMP5"
3.28296787086947e-16,1.35206478092703,0.314,0.143,7.91622042702755e-12,"10","IFI35"
3.44880246791397e-16,1.06665688651355,0.409,0.211,8.31609739088097e-12,"10","SDCCAG8"
3.85154168490587e-16,1.29936906843951,0.288,0.124,9.28722246481352e-12,"10","DHRSX"
4.20009583213868e-16,1.38571047746785,0.259,0.105,1.0127691080036e-11,"10","GPAA1"
4.43707755924766e-16,0.693227134143723,0.69,0.463,1.06991251186139e-11,"10","RBM47"
5.17082399766682e-16,1.18969244063204,0.354,0.171,1.2468407905574e-11,"10","STK24"
5.23169336246631e-16,1.37418240233926,0.285,0.123,1.2615182204915e-11,"10","BROX"
5.52751511759886e-16,1.26734664679469,0.336,0.158,1.33284972030661e-11,"10","TNFRSF21"
5.71442419255346e-16,1.2255054582167,0.285,0.121,1.37791910555042e-11,"10","SETD2"
6.77741504849037e-16,1.02428710312654,0.431,0.229,1.63423809064248e-11,"10","NAGA"
7.25095573960779e-16,0.970402868578049,0.788,0.649,1.74842295749163e-11,"10","JUN"
7.42857053326707e-16,0.698703949474291,0.631,0.397,1.79125121268669e-11,"10","GNS"
1.00340299954829e-15,1.1684790422721,0.321,0.146,2.41950565281079e-11,"10","CYBC1"
1.08000621574413e-15,0.864381979816418,0.453,0.246,2.60421898802382e-11,"10","PECAM1"
1.11118596775201e-15,0.748271955145651,0.639,0.421,2.67940272404042e-11,"10","TMEM123"
1.16022628632777e-15,1.22251708786078,0.285,0.122,2.79765364422215e-11,"10","CD2AP"
1.1607543598487e-15,0.65220067962873,0.832,0.66,2.79892698790318e-11,"10","ACTR2"
1.43111833859161e-15,1.20495298612123,0.277,0.118,3.45085564984594e-11,"10","NUMA1"
1.48883209725958e-15,1.00854227642278,0.401,0.204,3.59002083612203e-11,"10","FUCA2"
1.63555564625486e-15,0.930221064375236,0.515,0.311,3.94381532981436e-11,"10","SCP2"
1.67605223265576e-15,1.37405635323334,0.263,0.11,4.04146474860284e-11,"10","NSL1"
1.74832459457849e-15,1.28502218532464,0.281,0.121,4.21573509490711e-11,"10","SETD3"
1.95560923623293e-15,1.33632770110862,0.255,0.105,4.71556055132846e-11,"10","BAZ1B"
2.08022173553228e-15,0.925155402088209,0.515,0.306,5.01603867088899e-11,"10","CEP170"
2.13847620612304e-15,1.22936177254053,0.325,0.153,5.15650767582449e-11,"10","PTPN12"
2.31227183157215e-15,1.35410894442029,0.281,0.124,5.57558106746992e-11,"10","GPATCH2L"
2.84857587190709e-15,1.25906039146068,0.281,0.122,6.86877099992956e-11,"10","MTIF3"
2.88053762747202e-15,1.11975029954286,0.354,0.171,6.94584038112328e-11,"10","HPS3"
3.14910858380067e-15,1.31538497638313,0.274,0.118,7.59344552811855e-11,"10","UBE2W"
3.30385794486951e-15,0.780630630123171,0.631,0.424,7.96659266246384e-11,"10","AOAH"
3.5031894039406e-15,1.04458995452059,0.427,0.23,8.44724060972197e-11,"10","LUC7L3"
3.60333296196443e-15,0.941773150460969,0.328,0.149,8.68871677118484e-11,"10","GBP1"
3.84930221301305e-15,1.26384243624912,0.285,0.125,9.28182242623837e-11,"10","DENND1A"
4.60309540269714e-15,1.27425777397948,0.263,0.111,1.10994439445236e-10,"10","ALDH1A1"
5.42491283084509e-15,1.09713381871417,0.391,0.204,1.30810923090168e-10,"10","SLC25A24"
6.31863364462616e-15,1.14125371294633,0.314,0.144,1.52361213072871e-10,"10","DNASE2"
7.22798473270539e-15,0.910860298874096,0.511,0.304,1.74288395859725e-10,"10","SPCS3"
7.27225987431458e-15,1.17806822136165,0.314,0.146,1.75356002349348e-10,"10","OSTM1"
7.58565369980777e-15,1.1824149217468,0.361,0.184,1.82912867663465e-10,"10","TLE5"
8.91874173081202e-15,1.26621394029599,0.303,0.139,2.1505761935507e-10,"10","PLK2"
9.91829124323526e-15,0.80079150406145,0.536,0.322,2.39159756748132e-10,"10","PTPN18"
1.07164506807531e-14,0.895622997996199,0.5,0.293,2.58405775265e-10,"10","CD33"
1.17203110023719e-14,1.22585620267985,0.292,0.132,2.82611859200194e-10,"10","KIDINS220"
1.1818754035775e-14,0.941970798871521,0.347,0.166,2.84985616064643e-10,"10","SELPLG"
1.25284915899124e-14,1.23344992624275,0.376,0.197,3.02099517707557e-10,"10","DDX18"
1.26842242222015e-14,0.861522325677178,0.489,0.283,3.05854698669945e-10,"10","RGS19"
1.42802771550989e-14,1.2617174773618,0.263,0.112,3.443403230409e-10,"10","LRPPRC"
1.46763214668821e-14,1.31385297615914,0.281,0.127,3.53890139530927e-10,"10","AFF3"
1.70420230643004e-14,0.946098037868736,0.646,0.469,4.10934302149475e-10,"10","VMP1"
1.91994382789485e-14,1.25081377937944,0.266,0.116,4.62956055220285e-10,"10","LPIN2"
1.92058212408124e-14,1.2684602671054,0.296,0.136,4.6310996757971e-10,"10","TPP2"
2.0453701245487e-14,1.08880088326456,0.314,0.146,4.93200098132428e-10,"10","PKN1"
2.15038960621949e-14,1.48772115225063,0.259,0.113,5.18523445747705e-10,"10","YTHDC2"
2.19279622041901e-14,0.887634710943519,0.5,0.294,5.28748952629636e-10,"10","XRCC5"
2.47508035408668e-14,0.902705505082929,0.442,0.239,5.96816125780922e-10,"10","PLEKHO2"
2.59581913570493e-14,0.867935417674173,0.566,0.369,6.25929868192529e-10,"10","LILRB4"
2.65333025376479e-14,1.2644358647585,0.358,0.186,6.39797524090303e-10,"10","LPP"
3.08842748796737e-14,1.14520569909374,0.307,0.144,7.44712520173571e-10,"10","GGA2"
3.27175681071497e-14,0.926413073022456,0.489,0.286,7.889187197677e-10,"10","PNISR"
3.31121443377521e-14,1.23393996081504,0.266,0.116,7.98433136416215e-10,"10","P2RX7"
3.80131352515488e-14,1.09784749423745,0.325,0.157,9.16610730320597e-10,"10","TMEM35B"
3.90825635747031e-14,0.991539655954501,0.361,0.184,9.42397855476816e-10,"10","ENTPD1"
4.15166753738476e-14,1.13545370471563,0.277,0.123,1.00109159328959e-09,"10","RREB1"
4.24112622743077e-14,0.55224966407078,0.383,0.189,1.02266276722038e-09,"10","TNFAIP8"
4.38658771611091e-14,0.852409338150342,0.46,0.256,1.05773789598582e-09,"10","DOCK2"
4.40692729854999e-14,0.54522891508577,0.821,0.625,1.06264237949936e-09,"10","RGS10"
4.4280295285061e-14,1.26955823057899,0.255,0.11,1.06773076020868e-09,"10","MBD4"
4.478253919048e-14,1.07876514212384,0.485,0.287,1.07984136750005e-09,"10","PPP1R10"
4.60288234026331e-14,1.20714357812095,0.292,0.135,1.10989301870769e-09,"10","LARS"
5.01683022603431e-14,0.916726570112685,0.449,0.253,1.20970827240365e-09,"10","RER1"
5.22345319171646e-14,1.03513445190997,0.321,0.153,1.25953126811859e-09,"10","GPRIN3"
9.26576420452071e-14,1.27744182965482,0.252,0.109,2.23425372263608e-09,"10","RSBN1L"
9.98753754305221e-14,1.1290756095719,0.281,0.127,2.40829492775618e-09,"10","SPG7"
1.04776620354655e-13,0.928454182727195,0.474,0.284,2.5264786466118e-09,"10","ITSN2"
1.16618350285555e-13,0.791697525914935,0.679,0.491,2.81201828043559e-09,"10","DEK"
1.22746994052321e-13,1.08795355531813,0.347,0.176,2.95979826758363e-09,"10","PRPF8"
1.89627769202249e-13,0.792450573874517,0.46,0.257,4.57249439877384e-09,"10","SNRNP70"
1.89867032440557e-13,1.31404186498091,0.252,0.111,4.57826375323916e-09,"10","ATL3"
2.01244848321129e-13,0.555909883051981,0.807,0.663,4.85261702756738e-09,"10","UQCR11"
2.03330043251897e-13,1.24771061936792,0.259,0.115,4.902897332933e-09,"10","DUSP22"
2.24555281818221e-13,1.03193607679598,0.318,0.153,5.41470151048276e-09,"10","PCMTD1"
2.32429877804981e-13,1.0584894958373,0.31,0.149,5.60458164351152e-09,"10","MAP3K11"
2.47677281550016e-13,0.856658163825741,0.471,0.275,5.97224229001554e-09,"10","GCA"
2.85274114149249e-13,0.851409145118735,0.445,0.251,6.87881471448083e-09,"10","ADPGK"
3.12159197823706e-13,0.799518751834389,0.496,0.296,7.52709473712302e-09,"10","DBNL"
3.12793146692034e-13,1.11528890684517,0.27,0.122,7.54238114618501e-09,"10","VPS41"
3.25913796169631e-13,1.09636106842143,0.321,0.159,7.85875936703831e-09,"10","PHF3"
3.70951802812399e-13,1.19074824926528,0.263,0.118,8.94476082121538e-09,"10","ARL2"
4.10907938979285e-13,0.905023964313764,0.449,0.261,9.9082231326075e-09,"10","PEPD"
4.21119560434022e-13,1.09546252379256,0.31,0.15,1.01544559607456e-08,"10","CISD3"
4.47321594512383e-13,1.00975767329715,0.449,0.265,1.07862656084771e-08,"10","PTBP3"
4.61099103752028e-13,1.19673744615412,0.259,0.116,1.11184826887726e-08,"10","SUPT16H"
4.80915352981569e-13,1.02777729680655,0.299,0.142,1.15963119064446e-08,"10","UGP2"
5.13064254536098e-13,0.790810835804265,0.427,0.234,1.23715183696289e-08,"10","LRRC25"
5.28055097761681e-13,1.02364849976001,0.325,0.161,1.27329925723274e-08,"10","SESN1"
5.37231445765317e-13,1.25832987371341,0.259,0.118,1.29542618517391e-08,"10","DYNC1I2"
5.52436150036702e-13,0.915867055615478,0.438,0.254,1.3320892885835e-08,"10","ATRAID"
5.66285903486082e-13,1.01063415227436,0.328,0.164,1.36548519907599e-08,"10","IK"
7.16834464074545e-13,0.506040723856996,0.865,0.813,1.72850294322295e-08,"10","RPS29"
7.47248779172146e-13,1.15906475628755,0.369,0.201,1.80184098121779e-08,"10","UGCG"
7.57244897894133e-13,0.909415733430922,0.412,0.23,1.82594462229212e-08,"10","PPIG"
8.08936266418589e-13,1.20215435276856,0.376,0.206,1.95058801921514e-08,"10","OTUD1"
8.47426005260694e-13,0.890498632437223,0.431,0.244,2.04339832648511e-08,"10","CMTM3"
9.64732319975815e-13,0.908657043647202,0.42,0.238,2.32625904315768e-08,"10","KPNB1"
1.13009274942768e-12,0.716391948877991,0.555,0.351,2.72499264669497e-08,"10","VPS35"
1.16963139289981e-12,1.02344846578404,0.303,0.146,2.82033217769932e-08,"10","NPEPPS"
1.36039505657653e-12,1.12391894141398,0.307,0.15,3.28032059992298e-08,"10","TRIM8"
1.38071935585309e-12,0.849519647808512,0.467,0.281,3.32932858276856e-08,"10","TECR"
1.42905173243515e-12,1.15727236980947,0.259,0.119,3.44587244242087e-08,"10","CLASP2"
1.45686378378043e-12,0.965656641467069,0.387,0.213,3.51293564182974e-08,"10","SRP9"
1.6367833451369e-12,0.936519817243005,0.372,0.201,3.94677568012861e-08,"10","ADAM10"
1.6794208136391e-12,1.1427569317847,0.299,0.147,4.04958740792795e-08,"10","EP300"
1.68292235581664e-12,1.19307581175667,0.314,0.161,4.05803067658068e-08,"10","CHD4"
1.70527772091503e-12,0.706260424987988,0.533,0.336,4.11193616844241e-08,"10","SHTN1"
1.71261648082891e-12,1.15619928627924,0.263,0.121,4.12963212022274e-08,"10","SMAD2"
1.73945997276759e-12,1.15484307606765,0.255,0.116,4.1943598323345e-08,"10","KLC1"
1.79994898029303e-12,1.04570770907117,0.365,0.198,4.34021697618058e-08,"10","DCP2"
1.96178368127974e-12,1.10356964369584,0.259,0.118,4.73044899066985e-08,"10","LARP7"
1.98513040750675e-12,0.758898731393038,0.485,0.292,4.78674495162102e-08,"10","ANP32A"
2.06599777102538e-12,0.998399327788106,0.314,0.156,4.98174042527349e-08,"10","SUMF2"
2.16927085805213e-12,1.20726969333943,0.274,0.13,5.23076282002109e-08,"10","ANKRD17"
2.18815739629006e-12,0.896645828987372,0.372,0.199,5.27630392967422e-08,"10","DOCK4"
2.45248790830392e-12,0.972095797116671,0.391,0.219,5.91368409329325e-08,"10","RBMS1"
2.5905081190293e-12,1.13142944815684,0.285,0.138,6.24649222741534e-08,"10","SGK3"
2.69167649505065e-12,0.887551144270599,0.405,0.229,6.49043953251562e-08,"10","DNM2"
2.72536760018402e-12,1.14343079474518,0.259,0.119,6.57167889432373e-08,"10","C1D"
2.79711023231868e-12,1.28426887875666,0.321,0.166,6.74467190319004e-08,"10","GZF1"
3.26770772727313e-12,0.966496197469109,0.325,0.165,7.8794236427737e-08,"10","RAPH1"
3.31630762461368e-12,1.02600016213819,0.307,0.152,7.99661257523097e-08,"10","PPCS"
3.37151666695686e-12,1.11693490178189,0.296,0.147,8.12973813903309e-08,"10","CCAR1"
3.77416680852684e-12,0.95119826609027,0.38,0.21,9.10064842540076e-08,"10","VAMP3"
3.89013554722543e-12,1.21557657406996,0.285,0.14,9.38028384502468e-08,"10","RUFY3"
3.92542041039779e-12,1.09223795841211,0.27,0.127,9.46536623559218e-08,"10","COA3"
3.93204686820704e-12,1.17964634442277,0.274,0.131,9.48134461330764e-08,"10","PUM2"
5.10086608428109e-12,1.16672930967504,0.281,0.137,1.2299718389027e-07,"10","SBF2"
5.16994600351732e-12,0.935598778359057,0.343,0.179,1.24662907982813e-07,"10","U2SURP"
5.20889148388295e-12,0.975785168748242,0.325,0.166,1.2560200035087e-07,"10","RNASEH2B"
5.43788392528744e-12,1.0986846671069,0.285,0.139,1.31123695090456e-07,"10","BCAP29"
5.91674264512082e-12,0.609005077837662,0.657,0.444,1.42670415401798e-07,"10","RAB10"
6.10565313421012e-12,0.902104616624293,0.354,0.19,1.47225614025209e-07,"10","ST8SIA4"
6.27017601340200e-12,0.94599574537007,0.318,0.161,1.51192754211163e-07,"10","KDM5A"
6.49024207905274e-12,1.03855645426009,0.285,0.138,1.56499207252199e-07,"10","PRPF6"
7.04391457322049e-12,1.05535242606656,0.299,0.15,1.69849912104066e-07,"10","CD36"
8.04148595419465e-12,0.828339229890887,0.474,0.295,1.93904350813496e-07,"10","SSR1"
1.13817361012353e-11,0.851881196247301,0.445,0.267,2.74447802609088e-07,"10","ABHD12"
1.19775341863888e-11,1.00278401297483,0.288,0.141,2.88814281836394e-07,"10","NEMF"
1.29228952301211e-11,0.893469558696933,0.431,0.259,3.1160977268391e-07,"10","KMT2C"
1.47766186738897e-11,0.903307491724743,0.347,0.185,3.56308606083503e-07,"10","ANO6"
1.49642134865266e-11,1.08374439613459,0.31,0.161,3.60832079800617e-07,"10","PHIP"
1.57818329305493e-11,0.927840577669642,0.365,0.201,3.80547337454336e-07,"10","SH3BP2"
1.65485951614069e-11,0.893032184573164,0.453,0.284,3.99036275127004e-07,"10","CCDC47"
1.65863959176769e-11,0.953416793931877,0.328,0.174,3.99947764762942e-07,"10","LENG8"
1.68462676540033e-11,1.11249549625665,0.299,0.153,4.06214051940982e-07,"10","TRIM28"
1.80174628509512e-11,0.988487977793449,0.303,0.153,4.34455081724985e-07,"10","SEC63"
1.93464308425456e-11,0.908536309422655,0.405,0.236,4.66500486906301e-07,"10","NDUFB1"
1.9845733941314e-11,0.556986276342521,0.672,0.491,4.78540182526904e-07,"10","GLIPR1"
2.0756082921386e-11,0.985188242339192,0.314,0.163,5.00491427483381e-07,"10","USF2"
2.07874182217316e-11,1.02103893226768,0.332,0.179,5.01247015580613e-07,"10","EIF5B"
2.09437657781841e-11,0.660696053200932,0.646,0.479,5.05017024209354e-07,"10","M6PR"
2.42717475076301e-11,1.07114816600347,0.288,0.145,5.85264647651484e-07,"10","ITPA"
2.62943797780585e-11,0.946254924137065,0.339,0.182,6.34036379588324e-07,"10","P2RX4"
2.79276653145146e-11,1.2080763032082,0.252,0.121,6.7341979372889e-07,"10","CCS"
3.71268075246127e-11,1.03910514976155,0.266,0.129,8.95238709840985e-07,"10","LARP4"
3.94789528365334e-11,0.59521094446297,0.642,0.46,9.51955989747329e-07,"10","COMT"
4.57209134457539e-11,0.645010910455207,0.533,0.346,1.10246838591746e-06,"10","MNDA"
4.57991455448017e-11,0.593267674483693,0.42,0.24,1.1043547965218e-06,"10","DUSP6"
4.84014371388585e-11,0.821313257924532,0.442,0.268,1.1671038537293e-06,"10","FOXN3"
4.86446025173269e-11,0.908561428384967,0.318,0.166,1.1729673005003e-06,"10","UPF2"
4.95849319297624e-11,0.880967938970201,0.354,0.194,1.19564146362236e-06,"10","IRF9"
4.99690423015001e-11,1.00041542010661,0.303,0.157,1.20490351701607e-06,"10","AHCYL1"
5.55764911931401e-11,0.795160353357355,0.504,0.335,1.34011593214019e-06,"10","HP1BP3"
5.56032034366106e-11,0.774218978614692,0.438,0.264,1.34076004446699e-06,"10","CD46"
5.7630271697103e-11,1.05780794819243,0.277,0.139,1.38963874143224e-06,"10","MRPS5"
5.76886740618406e-11,0.957752057266859,0.365,0.21,1.39104699765316e-06,"10","RBBP4"
5.83858647431907e-11,0.946332999155962,0.285,0.142,1.40785835655256e-06,"10","NME4"
6.11608470532836e-11,1.05533176374366,0.27,0.134,1.47477150499583e-06,"10","CTDNEP1"
6.13891119389461e-11,0.662792230341773,0.595,0.424,1.48027565618381e-06,"10","KTN1"
6.38095292589981e-11,0.99896556912423,0.328,0.178,1.53863917902222e-06,"10","MESD"
7.0187045935497e-11,0.959455571088413,0.369,0.212,1.69242023864264e-06,"10","NXF1"
7.18020983634814e-11,1.08704520266298,0.31,0.166,1.73136399783863e-06,"10","XPO1"
8.00904982976238e-11,0.675533699126855,0.577,0.4,1.9312221854506e-06,"10","TMEM59"
8.129511597429e-11,1.13613360275132,0.263,0.13,1.96026913148805e-06,"10","CLCN7"
8.15168315145181e-11,1.15024297734403,0.259,0.128,1.96561535830958e-06,"10","DOCK11"
8.41420069039045e-11,0.990764763336834,0.263,0.128,2.02891621247385e-06,"10","RXRA"
9.14804667120491e-11,0.695500972225937,0.569,0.39,2.20586849382764e-06,"10","FNBP1"
9.5353056449233e-11,0.926538455878988,0.259,0.126,2.29924825016035e-06,"10","NUB1"
1.00938669507013e-10,0.869013428548064,0.398,0.238,2.43393413782261e-06,"10","TTC3"
1.01326226244844e-10,0.732256213102626,0.496,0.318,2.44327929344192e-06,"10","NENF"
1.02453778564448e-10,0.871076632390426,0.318,0.167,2.47046796252454e-06,"10","MAPKAPK2"
1.06530762338094e-10,0.630385013502613,0.555,0.375,2.56877627225847e-06,"10","IGFLR1"
1.07205001700649e-10,0.875853772652298,0.369,0.209,2.58503420600775e-06,"10","DEGS1"
1.18348707312386e-10,1.06220729686449,0.274,0.139,2.85374237942357e-06,"10","ARID4A"
1.18536908666222e-10,0.960980370287779,0.303,0.158,2.85828047866861e-06,"10","SNW1"
1.25386542455605e-10,0.997292392265875,0.288,0.149,3.02344569823199e-06,"10","KDM2A"
1.33093836748155e-10,0.876271134601831,0.376,0.217,3.20929168550826e-06,"10","MED13L"
1.65052850557713e-10,1.02348401196419,0.27,0.135,3.97991938549814e-06,"10","PDCD10"
1.67499913774668e-10,0.634376374370095,0.631,0.457,4.03892542084858e-06,"10","MOB1A"
1.75664237374239e-10,0.502145896275519,0.693,0.508,4.23579175580504e-06,"10","CNPY3"
1.80079145656792e-10,1.08039105082432,0.252,0.123,4.34224843922222e-06,"10","CBL"
1.9388673136588e-10,0.821511182914332,0.358,0.2,4.67519075342548e-06,"10","GLS"
1.98805470761041e-10,0.763825651790044,0.456,0.283,4.79379631646098e-06,"10","PA2G4"
2.0543705721173e-10,0.644929199295095,0.551,0.371,4.95370376054646e-06,"10","REX1BD"
2.05554160693906e-10,0.896306747212655,0.325,0.176,4.95652747681215e-06,"10","MCUR1"
2.41155279667778e-10,0.732676300604596,0.471,0.3,5.81497725862912e-06,"10","MYO1F"
2.51837525963665e-10,0.857779244992171,0.358,0.202,6.07255826356185e-06,"10","NDUFS2"
2.71525288532578e-10,0.741741739128295,0.434,0.26,6.54728928238605e-06,"10","PIK3R1"
2.73224209588829e-10,0.941549840338878,0.281,0.144,6.58825536581543e-06,"10","SEL1L"
3.09242703151613e-10,0.789141241775604,0.471,0.311,7.45676930109484e-06,"10","SKAP2"
3.92010434001596e-10,0.635979711618388,0.529,0.349,9.45254759508049e-06,"10","CALM3"
4.06235853267419e-10,0.854397891243796,0.332,0.183,9.79556512983728e-06,"10","ETNK1"
4.12982262779917e-10,0.783763519608134,0.387,0.224,9.95824130241215e-06,"10","ILK"
4.83187124113505e-10,0.844692681803539,0.31,0.165,1.1651091123749e-05,"10","MFSD12"
4.87627648578699e-10,1.1712326179427,0.285,0.153,1.17581654901782e-05,"10","POU2F2"
5.07955854443933e-10,0.989912861900277,0.318,0.177,1.22483395182066e-05,"10","TBC1D5"
5.19546247595196e-10,0.993195445889578,0.263,0.132,1.2527818668263e-05,"10","PPP3CA"
5.29888698229916e-10,0.930615678216505,0.314,0.172,1.2777206180418e-05,"10","USP8"
5.31846730410188e-10,0.589908177578908,0.584,0.394,1.28244202103809e-05,"10","CORO1B"
5.39913685131634e-10,0.607258536472236,0.595,0.427,1.30189386895791e-05,"10","AP2M1"
5.57184409685331e-10,1.06305084538658,0.259,0.131,1.34353876707424e-05,"10","PPM1M"
5.91212624493293e-10,1.01805582624598,0.259,0.13,1.42559100144068e-05,"10","NUP62"
5.98920601821165e-10,0.834634636422366,0.318,0.172,1.44417724717137e-05,"10","DCTN4"
6.27964218917343e-10,1.04887160901527,0.263,0.134,1.51421012107539e-05,"10","SMARCC2"
6.5957255983546e-10,0.671149604882037,0.646,0.509,1.59042731353125e-05,"10","UQCR10"
6.70015747621329e-10,0.734769241685949,0.383,0.222,1.61560897223931e-05,"10","AFF1"
7.05846515208248e-10,0.679060773782373,0.566,0.407,1.70200770212165e-05,"10","EIF4A2"
7.27637298823568e-10,0.833994718451844,0.307,0.164,1.75455181865327e-05,"10","HSD17B12"
7.86073148912597e-10,0.919156202360583,0.259,0.13,1.89545818397294e-05,"10","MS4A4E"
8.27566547647524e-10,1.26516386396902,0.292,0.158,1.99551121634247e-05,"10","SOX4"
8.52143123077682e-10,1.08172429495734,0.281,0.149,2.05477271267722e-05,"10","JAK2"
8.96513859488407e-10,1.05779059047888,0.274,0.144,2.1617638693844e-05,"10","AP3D1"
9.71715273963338e-10,0.662245057663851,0.482,0.313,2.3430970401078e-05,"10","MCTP1"
9.77750550948307e-10,1.02927345830863,0.252,0.127,2.35764990350165e-05,"10","LYL1"
1.02516689285013e-09,0.897666571528491,0.299,0.159,2.47198492872951e-05,"10","DRAM1"
1.0849502429352e-09,0.855286523881001,0.347,0.2,2.61614052078964e-05,"10","NDUFC1"
1.11126642634687e-09,0.787464608927522,0.336,0.187,2.6795967338502e-05,"10","HSD17B4"
1.15430466011226e-09,0.769621727757502,0.361,0.208,2.7833748269287e-05,"10","ADI1"
1.17843823392711e-09,0.814698413502967,0.387,0.232,2.84156811346843e-05,"10","GNAQ"
1.17910635238515e-09,1.06030218979168,0.263,0.136,2.84317914750631e-05,"10","SMARCE1"
1.24525365747391e-09,0.508317545401506,0.898,0.817,3.00268014426684e-05,"10","TUBA1B"
1.32543178360213e-09,0.674287776311459,0.5,0.332,3.19601365979982e-05,"10","PRDX3"
1.33006481486742e-09,0.646338084953862,0.507,0.334,3.20718528808982e-05,"10","UBXN4"
1.34753934768731e-09,0.952355123673483,0.274,0.143,3.24932162907842e-05,"10","MARCH2"
1.36775243697833e-09,0.571682246167508,0.697,0.588,3.29806145128584e-05,"10","COX6C"
1.4922488306207e-09,0.518442911084148,0.613,0.434,3.5982596052757e-05,"10","PRNP"
1.56068411174241e-09,0.797188967544363,0.343,0.194,3.76327759864447e-05,"10","MAX"
1.61783912643669e-09,0.894755628859937,0.281,0.148,3.9010954855768e-05,"10","TMEM51"
1.63365156545248e-09,0.595128424921299,0.504,0.328,3.93922401977556e-05,"10","SPINT2"
2.09444697756906e-09,0.662463675617279,0.398,0.239,5.05033999701229e-05,"10","IL6ST"
2.17171566981574e-09,0.929924235576435,0.299,0.164,5.2366579946267e-05,"10","NIPSNAP2"
2.19555242341858e-09,0.545055680117336,0.409,0.246,5.29413555858922e-05,"10","SLC37A2"
2.22631672351191e-09,1.00060868250818,0.252,0.129,5.36831751540427e-05,"10","BAZ2A"
2.31167356599766e-09,1.01293705520825,0.27,0.142,5.57413846969017e-05,"10","UHMK1"
2.37702757903846e-09,0.971811055524966,0.31,0.175,5.73172660133543e-05,"10","STAG2"
2.48029177267589e-09,0.932856499627599,0.263,0.136,5.98072755145336e-05,"10","THOC2"
2.54574687077865e-09,1.23989111490862,0.376,0.223,6.13855942950855e-05,"10","HIST1H4C"
2.83012716190838e-09,0.582979761821744,0.456,0.285,6.82428562550967e-05,"10","DDX39B"
3.13702797697564e-09,0.71251655468016,0.387,0.234,7.56431556088136e-05,"10","G3BP1"
3.35658819695485e-09,0.778612584771455,0.369,0.219,8.09374111931724e-05,"10","CLEC4A"
3.48670881547634e-09,0.637746334712631,0.5,0.333,8.40750096675811e-05,"10","FGD2"
3.5160330178793e-09,0.773836455681891,0.358,0.209,8.47821041601235e-05,"10","LEPROT"
3.70532861541419e-09,0.745329308172655,0.387,0.234,8.93465889034823e-05,"10","DHRS7"
3.72150975976066e-09,0.633724502738288,0.584,0.438,8.97367648371088e-05,"10","LAMTOR1"
3.84652267510095e-09,0.698689531823268,0.478,0.317,9.27512012647091e-05,"10","C4orf48"
3.88107709392266e-09,0.923583293809429,0.328,0.192,9.3584411965757e-05,"10","TRMT1"
3.97788890865326e-09,0.806434630607138,0.504,0.344,9.59188352543561e-05,"10","NUFIP2"
4.36650173729160e-09,0.760844375708007,0.394,0.241,0.000105289456391312,"10","MDH1"
4.52717213381207e-09,0.819427481720723,0.314,0.176,0.00010916370166261,"10","SLC12A7"
5.02618997809389e-09,0.906109105426142,0.296,0.164,0.000121196518941778,"10","LMBRD1"
5.14460733098395e-09,0.780539454244776,0.387,0.239,0.000124051916572016,"10","PRMT2"
5.17082684426599e-09,0.630543933183986,0.631,0.489,0.000124684147695786,"10","PAK2"
5.28857828210279e-09,0.977819789912257,0.259,0.136,0.000127523488116345,"10","FBXL5"
5.54328922610261e-09,0.898371407797442,0.299,0.168,0.000133665333109012,"10","PLXNC1"
5.89801338686709e-09,0.879798829247434,0.318,0.182,0.000142218796797526,"10","UBE2E1"
5.97677182671811e-09,0.900421198714,0.263,0.138,0.000144117899057654,"10","TMCO1"
6.92232001341392e-09,0.877971044564373,0.263,0.138,0.00016691790248345,"10","PSME4"
7.71786870941163e-09,0.630390291137092,0.434,0.277,0.000186100968190043,"10","SCPEP1"
7.90111439194918e-09,0.535237210856415,0.584,0.407,0.000190519571333071,"10","ITGB1"
9.98080379163198e-09,0.9164041921647,0.263,0.14,0.000240667121827622,"10","EPRS"
1.05176384627827e-08,0.983872259742977,0.336,0.202,0.000253611816253079,"10","RAD21"
1.09714037677603e-08,0.940472800318054,0.288,0.162,0.000264553459052004,"10","SETDB2"
1.14702145589964e-08,0.511955378958073,0.675,0.529,0.000276581283661081,"10","DYNLL1"
1.22257907198039e-08,0.888276889476611,0.318,0.186,0.000294800491626631,"10","FAM120A"
1.35187037691248e-08,0.517569191343682,0.569,0.397,0.000325976503984906,"10","PEBP1"
1.35560737700236e-08,0.899610468127399,0.255,0.135,0.00032687760681658,"10","TARDBP"
1.3634729392604e-08,1.12401246340838,0.303,0.176,0.00032877422984386,"10","TSEN34"
1.40811555971651e-08,0.698023593394298,0.369,0.222,0.000339538904914443,"10","ENG"
1.47585651632271e-08,0.565904288670386,0.518,0.351,0.000355873281780895,"10","SMS"
1.49310150357877e-08,0.743610462726969,0.401,0.253,0.00036003156555795,"10","ACER3"
1.56067391355126e-08,0.794455350787514,0.325,0.188,0.000376325300774616,"10","MRPS34"
1.58151665878432e-08,0.78522945177905,0.303,0.171,0.000381351111932663,"10","RALGDS"
1.59741375598283e-08,0.615233100237574,0.445,0.285,0.00038518437898014,"10","SEPTIN7"
1.59982992536776e-08,0.627579115555804,0.522,0.367,0.000385766989903927,"10","EID1"
1.77113712134148e-08,0.558642238608145,0.613,0.468,0.000427074294069071,"10","YWHAE"
1.77431898534488e-08,0.647871449013794,0.478,0.326,0.000427841536936212,"10","APH1A"
1.85422933058735e-08,0.868734004356125,0.27,0.147,0.000447110318484528,"10","ABHD2"
2.00322373827729e-08,0.762985442594982,0.318,0.183,0.000483037340010803,"10","CCDC85B"
2.02948123884582e-08,0.928772567086373,0.27,0.149,0.000489368811122892,"10","DELE1"
2.03930950103168e-08,0.799780804286427,0.321,0.185,0.00049173869998377,"10","EHD4"
2.04468067672863e-08,0.80120778196671,0.453,0.314,0.000493033851579574,"10","NDUFB7"
2.06697748290226e-08,0.79771094017113,0.354,0.216,0.000498410280452223,"10","SLC25A39"
2.1019547636869e-08,0.902964442135469,0.303,0.173,0.000506844352167823,"10","CDKN1B"
2.18360458843954e-08,0.862879954651186,0.27,0.147,0.000526532574410425,"10","USO1"
2.46517691339917e-08,0.689739319653436,0.438,0.286,0.000594428109127942,"10","EIF2S2"
2.52120435422789e-08,0.73709315807289,0.409,0.261,0.000607938005934971,"10","ARF3"
2.56721342086045e-08,0.747257536671323,0.325,0.189,0.00061903217217208,"10","ARHGAP30"
2.57415077175188e-08,0.538542373158661,0.606,0.452,0.000620704975592532,"10","ATP5F1C"
2.69616246374287e-08,0.778961996252662,0.321,0.188,0.000650125654882318,"10","GDI1"
2.82639735332299e-08,0.930809341555394,0.252,0.135,0.000681529193806773,"10","PSMB5"
2.84149929888332e-08,0.883187565406986,0.252,0.134,0.000685170725939736,"10","CWC15"
2.85656196919706e-08,0.91000737182802,0.274,0.152,0.000688802787632488,"10","CALU"
2.9130827920814e-08,0.875420251268866,0.27,0.148,0.000702431653654588,"10","CSNK2A1"
2.94484762092532e-08,0.969515528624262,0.259,0.142,0.000710091106833723,"10","YIPF4"
3.08741943063754e-08,0.694456978374106,0.303,0.172,0.000744469447309629,"10","ERICH1"
3.21685157583984e-08,0.708609322499975,0.398,0.253,0.00077567942048226,"10","DBNDD2"
3.42426977471644e-08,0.66820897946824,0.372,0.228,0.000825694170777375,"10","ISCU"
3.4793548382328e-08,0.591724023970141,0.434,0.279,0.000838976832143076,"10","LAT2"
3.62072755044682e-08,0.544356997479826,0.467,0.308,0.000873066034239242,"10","ZFYVE16"
3.6594725203055e-08,0.68960757871271,0.358,0.216,0.000882408608821265,"10","NECTIN2"
3.70704583473792e-08,0.566917840842514,0.5,0.344,0.000893879962130355,"10","LY6E"
3.84929371337149e-08,0.715619338651799,0.376,0.234,0.000928180193105268,"10","DYNLRB1"
4.03657793546625e-08,0.81456901336826,0.31,0.181,0.000973340037578976,"10","PLEKHA2"
4.34189795268843e-08,0.585878495155917,0.496,0.341,0.00104696185333176,"10","CNDP2"
4.5637217273565e-08,0.870723506690245,0.303,0.177,0.00110045022011747,"10","MX2"
4.75573398635098e-08,0.810649995878628,0.339,0.208,0.00114675013612881,"10","MRPL57"
5.09933625464287e-08,0.691068380125956,0.398,0.254,0.00122960295108204,"10","VKORC1"
5.14808365250148e-08,0.620602131062569,0.474,0.326,0.00124135741112768,"10","TCEA1"
5.19287400508791e-08,0.755477416319968,0.343,0.209,0.00125215770884685,"10","STX12"
5.29680759559957e-08,0.69695268276176,0.434,0.287,0.00127721921552692,"10","SH3GLB1"
5.67018852642537e-08,0.823606418628926,0.365,0.231,0.00136725255937695,"10","MRPL20"
5.6974559462243e-08,0.666952427046941,0.391,0.245,0.00137382755231306,"10","ATP6V1C1"
5.74150649168743e-08,0.548859772577834,0.467,0.311,0.00138444946034059,"10","DPYD"
6.01479398615018e-08,0.810884431323793,0.259,0.141,0.00145034727388039,"10","CIAO1"
6.62094346665654e-08,0.943190820657095,0.263,0.147,0.00159650809811489,"10","PUM1"
7.00365779782352e-08,0.813491313432386,0.299,0.174,0.00168879200478919,"10","WAPL"
7.3035714438449e-08,0.861341525496367,0.255,0.14,0.00176111018225432,"10","MARCH7"
7.85291525373929e-08,0.62305720119708,0.434,0.29,0.00189357345513415,"10","BRD4"
7.9239164574198e-08,1.1819705099991,0.372,0.244,0.00191069397537764,"10","CITED2"
8.02198744388683e-08,0.589869680781871,0.58,0.445,0.00193434183234443,"10","KRTCAP2"
8.07772520868685e-08,0.696932858578277,0.358,0.221,0.00194778187957066,"10","NDUFAF3"
8.94646338232403e-08,0.902922441668476,0.292,0.172,0.00215726071537979,"10","ZFP91"
9.08506560362062e-08,0.873427119419425,0.252,0.139,0.00219068186900104,"10","IRAK1"
9.24735574807466e-08,0.577100027735947,0.715,0.593,0.00222981489153324,"10","HMGN2"
1.05478772316939e-07,0.746876130647805,0.281,0.158,0.00254340963687836,"10","GAK"
1.11278421869981e-07,0.654657863498696,0.485,0.331,0.00268325658655085,"10","SNAP23"
1.24930797979019e-07,0.882826299570314,0.252,0.139,0.00301245633166809,"10","MAN2A1"
1.25379261548355e-07,0.638772845796427,0.412,0.269,0.00302327013371549,"10","PFKL"
1.29838903974693e-07,0.611976030277161,0.442,0.295,0.00313080549154177,"10","WIPF1"
1.37509625421852e-07,0.733660256850424,0.325,0.195,0.00331576959779713,"10","ACIN1"
1.43959281112632e-07,0.822850757297151,0.318,0.191,0.00347129014546889,"10","TRIP12"
1.46504385738509e-07,0.526016995118382,0.303,0.175,0.00353266025331266,"10","TREM2"
1.71950269160938e-07,0.555970711986242,0.496,0.351,0.0041462368402777,"10","TMEM50A"
1.89488711565661e-07,0.850750114228651,0.252,0.14,0.00456914130198277,"10","SCLT1"
2.00853632308805e-07,0.770355455538789,0.288,0.168,0.00484318363586221,"10","GSDMD"
2.03266162398058e-07,0.621442181075884,0.365,0.229,0.00490135697390438,"10","STOM"
2.35620386299368e-07,0.802249916696305,0.285,0.167,0.00568151437483667,"10","TBC1D22A"
2.44112230176725e-07,0.68362994788975,0.321,0.194,0.00588627820625138,"10","GCLC"
2.543563975042e-07,0.635964093612847,0.405,0.267,0.00613329581301878,"10","SDHD"
2.70781931241361e-07,0.602151769082305,0.471,0.331,0.00652936470802294,"10","RBX1"
2.82672661816931e-07,0.778051108055998,0.266,0.152,0.00681608589439165,"10","COPS6"
2.94318589836089e-07,0.895453425749424,0.277,0.162,0.00709690415671762,"10","MPV17"
3.05924959592133e-07,0.708499926751629,0.391,0.26,0.00737676855064511,"10","WBP2"
3.61922860736149e-07,0.764229901624258,0.296,0.176,0.00872704594093077,"10","METAP2"
3.66017408739859e-07,0.716757326881942,0.321,0.196,0.00882577777694422,"10","TM6SF1"
3.74937297540752e-07,0.553939355027103,0.577,0.435,0.00904086305560015,"10","UQCRQ"
4.14526514852059e-07,0.767094678412033,0.358,0.233,0.0099954778526277,"10","TPR"
4.17233424774881e-07,0.80681551720502,0.277,0.163,0.0100607495715967,"10","PRKCD"
4.34857140629806e-07,0.735627519404526,0.328,0.204,0.0104857102320065,"10","IFI27L2"
4.45920784367482e-07,0.650257174463571,0.394,0.26,0.0107524878734531,"10","TMEM179B"
4.54482724094072e-07,0.681211657591653,0.299,0.176,0.0109589419260804,"10","MMP9"
4.55721643924854e-07,0.582721192099042,0.412,0.271,0.01098881599996,"10","TMOD3"
4.57935522546184e-07,0.559681003497961,0.536,0.405,0.0110421992551561,"10","FAM49B"
4.86057313041588e-07,0.858104834130258,0.266,0.156,0.0117202999893718,"10","TMED7"
4.87639665622097e-07,0.73494104102346,0.296,0.177,0.0117584552571456,"10","BTF3L4"
4.92182007249236e-07,0.766534656418273,0.263,0.151,0.0118679847408008,"10","SNAP29"
4.92764866228776e-07,0.757466775899906,0.296,0.178,0.0118820392193745,"10","IKBIP"
4.93210518306886e-07,0.890377188349363,0.266,0.157,0.011892785227934,"10","CREBBP"
5.21097284201199e-07,0.877731533475438,0.266,0.156,0.0125652188139435,"10","BIRC6"
5.88052783278626e-07,0.753493653124588,0.339,0.217,0.0141797167631975,"10","DUSP23"
6.02740902342727e-07,0.597047698106968,0.361,0.229,0.0145338913781902,"10","ABI3"
6.06254843616601e-07,0.841692531508315,0.274,0.163,0.0146186230441271,"10","TNKS2"
6.59702376445916e-07,0.769683942655195,0.266,0.155,0.0159074034032404,"10","EMC10"
6.85021808866316e-07,0.678191924011322,0.31,0.189,0.0165179308771935,"10","USP9X"
7.2221159672453e-07,0.642855781886893,0.38,0.25,0.0174146882318186,"10","OCIAD1"
7.30532321740363e-07,0.708933081791178,0.354,0.23,0.0176153258741254,"10","TXNL4A"
7.60956082840259e-07,0.660783279309814,0.507,0.388,0.0183489340255272,"10","RBPJ"
7.9880286966518e-07,0.623765799861063,0.482,0.354,0.0192615335962365,"10","RNF181"
8.17967874917125e-07,0.754009645005277,0.274,0.163,0.0197236593678766,"10","SERINC5"
8.19469572221734e-07,0.676754976640647,0.307,0.187,0.0197598697949827,"10","ATG16L2"
8.57481434814464e-07,0.694456978374106,0.307,0.187,0.0206764498376812,"10","CORO7"
9.16023906447293e-07,0.800405390469623,0.31,0.195,0.0220880844561636,"10","DARS"
9.30125921889355e-07,0.747614914263278,0.285,0.171,0.022428126354518,"10","GLB1"
1.01086181739656e-06,0.651889906419779,0.321,0.199,0.0243749110028832,"10","ANXA7"
1.04619609054521e-06,0.592906887580084,0.394,0.263,0.0252269263313167,"10","PDCD6IP"
1.08242481103948e-06,0.703987616112228,0.281,0.168,0.026100509468595,"10","CREBRF"
1.30086785412255e-06,0.696807602178668,0.288,0.175,0.031367826566457,"10","PIAS1"
1.49967415687594e-06,0.687651800468992,0.314,0.195,0.0361616429447496,"10","DAP"
1.64015835674826e-06,0.84183372841103,0.259,0.155,0.0395491384562707,"10","MGMT"
1.7052483877673e-06,0.735368398868292,0.292,0.177,0.0411186543742329,"10","IGF2R"
1.70691667532339e-06,0.653304871707804,0.31,0.192,0.0411588817920729,"10","TMEM259"
1.98331963034735e-06,0.566824313083808,0.515,0.399,0.0478237862465657,"10","NDUFA2"
2.128158375115e-06,0.721424025974375,0.255,0.15,0.051316282899148,"10","GSK3B"
2.32404780521966e-06,0.798079609448263,0.292,0.184,0.0560397647272616,"10","RSF1"
2.57093685487207e-06,0.579522725302966,0.391,0.265,0.0619930003815301,"10","CIITA"
2.6805811441771e-06,0.530963761497068,0.686,0.591,0.0646368531295423,"10","ATP5MF"
3.11086462405123e-06,0.646165234451163,0.445,0.325,0.0750122786797474,"10","ROMO1"
3.35871005279733e-06,0.662414508969968,0.307,0.194,0.0809885755031019,"10","OGFR"
3.51025766837602e-06,0.591670605164412,0.409,0.284,0.0846428431575511,"10","PID1"
3.62817221598407e-06,0.529157062315598,0.387,0.26,0.0874861166440239,"10","SEPTIN9"
4.10179524290284e-06,0.575712047120259,0.299,0.187,0.0989065886921161,"10","SMARCA2"
4.17748500619665e-06,0.623001023452489,0.35,0.23,0.10073169595442,"10","MYCBP2"
4.95422367594675e-06,0.632606945989125,0.325,0.209,0.119461195498104,"10","VPS4B"
5.04187137830611e-06,0.611673934052498,0.35,0.233,0.121574644545095,"10","CD47"
5.24339717186987e-06,0.689182036333432,0.281,0.176,0.126434036005298,"10","PPFIA1"
5.30034266113187e-06,0.595803309521989,0.328,0.213,0.127807162587873,"10","ARHGAP45"
5.53400964750168e-06,0.574475557979581,0.394,0.27,0.133441574630208,"10","TMEM147"
5.93017824038256e-06,0.743869172499183,0.259,0.158,0.142994387910345,"10","BTK"
6.29911081677205e-06,0.677743733475243,0.296,0.187,0.151890459124824,"10","STUB1"
6.86639548676226e-06,0.519852455991923,0.42,0.295,0.165569394372298,"10","LTBR"
7.01163615502558e-06,0.532347969406826,0.431,0.305,0.169071582606132,"10","SWAP70"
7.02314267550775e-06,0.545261856143929,0.343,0.224,0.169349039334518,"10","P4HA1"
7.86906803436334e-06,0.758914828857858,0.274,0.172,0.189746837512603,"10","LASP1"
7.89117174829081e-06,0.630877603359746,0.318,0.207,0.190279824366536,"10","PRKCSH"
8.75648221357485e-06,0.581265037910532,0.35,0.235,0.21114505561593,"10","TPD52L2"
9.96918100692226e-06,0.648636756321777,0.321,0.211,0.240386861619916,"10","SLIRP"
1.03923758191146e-05,0.66322339291919,0.296,0.19,0.250591358126311,"10","COPZ1"
1.12005644713525e-05,0.59748587428069,0.365,0.25,0.270079211097722,"10","NDUFV1"
1.14954609317283e-05,0.61426880092152,0.263,0.161,0.277190049446764,"10","RBM5"
1.26877578699984e-05,0.666011754048137,0.296,0.19,0.305939905519272,"10","PPP3R1"
1.33805906636715e-05,0.614452871115801,0.38,0.264,0.322646182673111,"10","NORAD"
1.42620915014087e-05,0.659662646461143,0.255,0.157,0.343901812373469,"10","JDP2"
1.42994077143488e-05,0.637980213497825,0.266,0.165,0.344801618216092,"10","PLBD2"
1.47883348334313e-05,0.582241824682864,0.551,0.439,0.35659111783853,"10","BTG2"
1.47973296251094e-05,0.568798880114432,0.383,0.262,0.356808009250264,"10","MKNK2"
1.50468595332779e-05,0.648136542815119,0.285,0.181,0.362824923925929,"10","MIF4GD"
2.07785021301317e-05,0.693051527662965,0.325,0.224,0.501032021863865,"10","SEC31A"
2.12654157805716e-05,0.584274060623683,0.288,0.185,0.512772970716924,"10","DHX36"
2.33264957432882e-05,0.674710630201228,0.277,0.178,0.562471791857909,"10","DCAF7"
2.48656214078366e-05,0.769627180191835,0.263,0.169,0.599584729007164,"10","IST1"
2.64833518198915e-05,0.578059850803198,0.387,0.279,0.638593062433045,"10","CBX3"
2.79740243230117e-05,0.60104091120309,0.299,0.196,0.674537648500781,"10","NIN"
2.83218629988171e-05,0.63029723390701,0.27,0.172,0.682925082490477,"10","FAM204A"
3.04265873769226e-05,0.511549427252604,0.365,0.252,0.733676301419736,"10","MRPL41"
3.07012467116002e-05,0.570665842576059,0.339,0.232,0.740299161956817,"10","DUSP3"
3.29375555978727e-05,0.595008190609654,0.274,0.175,0.794223278131505,"10","CAMK1"
3.53818082562875e-05,0.658257329969338,0.274,0.176,0.853161542483861,"10","MAPK1"
3.57305873276329e-05,0.557944170833822,0.339,0.233,0.861571652231213,"10","ETFB"
3.70147395917198e-05,0.571401976494418,0.296,0.194,0.89253641577514,"10","ASH1L"
3.75408700694971e-05,0.509287020993856,0.372,0.26,0.905222999985783,"10","DOCK8"
4.60064389299876e-05,0.618004917936232,0.314,0.213,1,"10","LYPLA1"
5.28179041578381e-05,0.533590609104371,0.354,0.248,1,"10","WAC"
6.35068932745556e-05,0.575482685316526,0.281,0.184,1,"10","RSU1"
6.39214506864776e-05,0.718074647113186,0.496,0.398,1,"10","TRA2B"
6.48428491928816e-05,0.663737379133805,0.252,0.162,1,"10","NDUFS4"
6.91111845185784e-05,0.634432207301888,0.365,0.262,1,"10","BCAT1"
8.42578270915394e-05,0.556714578054226,0.365,0.265,1,"10","SMIM26"
8.66234902956421e-05,0.610909187127149,0.266,0.173,1,"10","ABR"
9.1922434811058e-05,0.660105473583329,0.259,0.169,1,"10","LONP2"
9.51456357269916e-05,0.546949265947183,0.266,0.173,1,"10","NT5C"
0.000105318746923806,0.511405448669826,0.307,0.207,1,"10","NRROS"
0.000105581233359069,0.550067069038931,0.325,0.226,1,"10","PCF11"
0.00010655478264479,0.64554737789316,0.274,0.183,1,"10","LSM8"
0.000108582387306547,0.549148537503064,0.412,0.313,1,"10","COPS9"
0.0001342603377505,0.606414453574642,0.263,0.173,1,"10","H2AFX"
0.000142267923995274,0.543026496582094,0.285,0.191,1,"10","DNAJB12"
0.000142872236833166,0.555493945317305,0.431,0.34,1,"10","BNIP2"
0.000149836976760954,0.576876049450024,0.277,0.187,1,"10","DAP3"
0.000151487506793831,0.561169493486474,0.252,0.164,1,"10","PHYKPL"
0.000157408407751829,0.633316683560202,0.255,0.169,1,"10","TXNDC12"
0.00016118487186933,0.711797271753175,0.259,0.173,1,"10","PRKDC"
0.000173230416868271,0.5294357362668,0.318,0.222,1,"10","NASP"
0.000173731159573171,0.518607142974688,0.314,0.217,1,"10","NUP214"
0.00017835787935287,0.585560458427049,0.255,0.169,1,"10","RAB6A"
0.000184047816332906,0.568297038756875,0.285,0.194,1,"10","FAM133B"
0.000197177862953934,0.57739976403698,0.259,0.172,1,"10","TBC1D1"
0.000209418335538841,0.536140110996853,0.255,0.168,1,"10","CGGBP1"
0.000211139904770203,0.552481345216651,0.259,0.172,1,"10","CTTNBP2NL"
0.000240815425177799,0.548153172445044,0.288,0.197,1,"10","RAB21"
0.000275195230597382,0.523632709283847,0.314,0.22,1,"10","CSK"
0.000282533685070154,0.569839772724135,0.471,0.384,1,"10","MZT2B"
0.00030335839037385,0.535851150104808,0.325,0.232,1,"10","DDX46"
0.000314318112131931,1.12892283084379,0.431,0.357,1,"10","KLF2"
0.000331473679574639,0.624718699516332,0.274,0.191,1,"10","ESD"
0.000360184851296379,0.590804626196781,0.288,0.2,1,"10","COX16"
0.000385387808113589,0.544438335091861,0.307,0.219,1,"10","FES"
0.000387395573572534,0.612242215085918,0.27,0.187,1,"10","MCRIP1"
0.000413604323207156,0.639989980833622,0.281,0.197,1,"10","DDX27"
0.000423220496873686,0.652331502701429,0.274,0.194,1,"10","ARIH1"
0.000505046299098942,0.540294161410619,0.277,0.192,1,"10","SUSD6"
0.000541554030673016,0.571842578151865,0.259,0.179,1,"10","COPB2"
0.000563192236766684,0.776069530558836,0.281,0.2,1,"10","ID3"
0.000600369759423814,0.587936654723064,0.27,0.189,1,"10","TIMM8B"
0.00073148887598489,0.509765266222881,0.299,0.214,1,"10","TRIM44"
0.000765801753471257,0.549165525475215,0.255,0.176,1,"10","ZFAND3"
0.000767089513298281,0.510745025201718,0.336,0.248,1,"10","MRPL51"
0.00077627681276639,0.547270901226832,0.325,0.242,1,"10","GADD45GIP1"
0.000776407480459541,0.546667893886438,0.266,0.186,1,"10","DCTN2"
0.000783141076099457,0.574875362621433,0.288,0.206,1,"10","ARMCX3"
0.000786066348183738,0.500055300871107,0.285,0.2,1,"10","CPEB4"
0.000815906186282074,0.607328551033353,0.266,0.19,1,"10","NCOR1"
0.00105330001397544,0.639618654017223,0.321,0.243,1,"10","MRPS6"
0.00163732314458404,0.521291681590748,0.296,0.219,1,"10","SCIMP"
0.00167400167966621,0.508833917436641,0.27,0.194,1,"10","NDUFA10"
0.00180220372196234,0.550990566883541,0.314,0.237,1,"10","PPP1R12A"
0.00195345739057173,0.514234011281598,0.266,0.192,1,"10","UBE2E2"
0.00296027893201122,0.571236785558085,0.252,0.184,1,"10","CHMP4A"
0.00366023863429777,0.510380385988128,0.274,0.204,1,"10","LSM3"
0.00375764168668281,1.10918564857313,0.259,0.197,1,"10","AL118516.1"
0.00380417077030759,0.596185868866845,0.266,0.199,1,"10","IFNAR2"
0.00432333879000671,0.57523180364632,0.263,0.193,1,"10","SUGT1"
0.00441958663875708,0.519936448367628,0.263,0.195,1,"10","LINC02256"
0.00460102847025724,0.787871747364227,0.27,0.205,1,"10","DDIT3"
0,4.95706731239369,0.869,0.087,0,"11","IDO1"
0,6.19833356929428,0.758,0.048,0,"11","LAMP3"
0,7.08342389728175,0.434,0.013,0,"11","CCL19"
1.81872713756929e-292,4.32179362026815,0.705,0.071,4.38549674682083e-288,"11","UBD"
4.56887336784863e-211,4.42722389716828,0.643,0.082,1.10169243518934e-206,"11","CXCL9"
1.27629378713641e-158,4.28805344661744,0.291,0.02,3.07752720892203e-154,"11","ACHE"
5.05624726743489e-144,3.71915218763662,0.549,0.086,1.21921290359658e-139,"11","GPR157"
6.84428567198901e-143,4.04922656719535,0.287,0.022,1.65036260408671e-138,"11","MREG"
4.70197038404931e-138,3.70396058334787,0.328,0.03,1.13378611870581e-133,"11","HAPLN3"
1.42874490956871e-127,3.79058479317594,0.434,0.059,3.44513260044302e-123,"11","POGLUT1"
2.90884166034768e-124,4.06423094285921,0.648,0.146,7.01408989559637e-120,"11","CCR7"
2.09432396716753e-122,2.58765186882359,0.93,0.361,5.05004338203107e-118,"11","PPA1"
4.01143968094456e-114,4.43804654573788,0.295,0.03,9.67278450266163e-110,"11","TBC1D4"
6.23077012727127e-110,3.58741848449126,0.566,0.12,1.50242560078892e-105,"11","NUB1"
8.41652961552894e-107,2.88158131776185,0.635,0.147,2.02947778619249e-102,"11","CD40"
4.45303132455116e-105,3.24846126754455,0.615,0.144,1.07375944328902e-100,"11","GBP1"
1.04111661820387e-103,3.78906571915086,0.611,0.148,2.51044450147499e-99,"11","FSCN1"
6.20787452962331e-98,4.8369328215957,0.693,0.222,1.49690478532807e-93,"11","BIRC3"
5.18190564841671e-94,2.52666913662243,0.619,0.153,1.24951290900272e-89,"11","RFTN1"
3.35850695055816e-89,3.67293019363481,0.406,0.073,8.0983678098809e-85,"11","KDM2B"
8.4242489585564e-88,2.81035276033858,0.713,0.224,2.0313391513767e-83,"11","DUSP4"
8.83763718124728e-88,3.04435525675584,0.365,0.057,2.13101945351416e-83,"11","TVP23A"
2.02014229438126e-86,3.92227841440829,0.459,0.095,4.87116911444152e-82,"11","LY75"
3.63064593506399e-85,3.01222318642845,0.557,0.142,8.7545765432198e-81,"11","DAPP1"
2.30850853564491e-84,2.66121582598682,0.611,0.167,5.56650663200056e-80,"11","CST7"
2.46027551954566e-84,2.61777118269509,0.811,0.327,5.93246236028046e-80,"11","WARS"
4.20037328097633e-83,3.20146024281868,0.365,0.06,1.01283600924182e-78,"11","IL15"
4.78558448301581e-83,2.88382270229518,0.508,0.116,1.1539479863896e-78,"11","GBP4"
5.86425482788469e-82,2.22605149558111,0.648,0.182,1.41404776664784e-77,"11","TAP1"
2.69400438514661e-78,1.73910907619459,0.947,0.645,6.49605277390403e-74,"11","SYNGR2"
2.00497131346647e-75,2.49778622922259,0.475,0.107,4.8345873281617e-71,"11","IL4I1"
2.31922401683085e-75,3.28475627911814,0.693,0.259,5.59234487178422e-71,"11","MARCKSL1"
2.18551250398509e-74,2.43881777530195,0.557,0.15,5.26992630085926e-70,"11","TNIP2"
6.81858283696334e-74,1.70029617442018,0.955,0.7,1.64416487947697e-69,"11","CTSH"
2.35510259901335e-73,1.82037583726645,0.943,0.588,5.67885889700088e-69,"11","GSN"
1.65018245161101e-72,2.18629073046653,0.557,0.148,3.97908494556962e-68,"11","TRAF1"
4.91008179552395e-72,2.2256694026713,0.791,0.37,1.18396802335469e-67,"11","GABARAPL2"
2.00271820931242e-70,2.93529540631496,0.48,0.118,4.82915441811504e-66,"11","PALM2-AKAP2"
1.08649066774099e-67,2.69661789476302,0.926,0.615,2.61985494712384e-63,"11","TXN"
1.1522583959825e-65,1.86792786832828,0.668,0.223,2.77844067023261e-61,"11","IL2RG"
2.28179953553293e-64,2.03398589212496,0.664,0.235,5.50210322003055e-60,"11","VOPP1"
3.87235127817179e-64,2.61407130202951,0.504,0.142,9.33740063705563e-60,"11","CERS6"
3.88116323908141e-64,1.93438144251114,0.914,0.589,9.35864891839702e-60,"11","LSP1"
1.96358655103878e-63,2.53395003056441,0.508,0.141,4.73479625051982e-59,"11","DUSP5"
5.60455514993328e-61,2.72607033309967,0.275,0.045,1.35142638330341e-56,"11","TRAFD1"
1.81733763847231e-60,3.48181226768504,0.57,0.201,4.38214624764827e-56,"11","EBI3"
5.14274567902752e-59,2.78476625303309,0.504,0.157,1.24007026558391e-54,"11","RAB9A"
6.65398158332036e-59,2.17846162775712,0.668,0.264,1.60447457918604e-54,"11","UVRAG"
1.18928679098825e-58,1.73628242563023,0.648,0.224,2.86772723910996e-54,"11","MVP"
1.47710407363231e-58,2.29163529473273,0.652,0.257,3.5617410527496e-54,"11","TBC1D8"
1.73129577474408e-56,1.69845001029645,0.82,0.437,4.17467350164041e-52,"11","CSF2RA"
4.90746554265699e-56,2.88399866510011,0.275,0.048,1.18333716630088e-51,"11","PSD3"
9.19148833884818e-56,2.62103416349107,0.443,0.12,2.21634358314646e-51,"11","FAM118A"
1.15327045742948e-55,1.65824330708373,0.824,0.41,2.7808810539997e-51,"11","PIM3"
1.33916985700651e-55,1.60190578602297,0.877,0.592,3.22914027619981e-51,"11","PSME2"
2.33119251183761e-55,2.15845705478135,0.533,0.169,5.62120450379402e-51,"11","TTYH2"
8.83475366295755e-55,1.48437764371079,0.758,0.318,2.13032415074895e-50,"11","RALA"
1.46994289218221e-54,3.75309258108749,0.48,0.159,3.54447329591897e-50,"11","IL7R"
1.36298685122117e-53,2.6713240615529,0.316,0.065,3.2865701943496e-49,"11","SLC41A2"
2.13847246002346e-53,2.77225297040368,0.324,0.069,5.15649864285456e-49,"11","CD80"
9.95638230276026e-53,1.94927256151956,0.693,0.311,2.40078246466458e-48,"11","GPR137B"
7.93338086568657e-51,2.21628601320526,0.541,0.186,1.912976128143e-46,"11","ST8SIA4"
2.29960649805085e-49,1.13821982621522,1,0.996,5.54504114875002e-45,"11","ACTB"
4.77435137542239e-49,3.05502928009893,0.373,0.1,1.1512393471556e-44,"11","KIF2A"
1.94024913632126e-48,2.06013023697596,0.664,0.307,4.67852274241146e-44,"11","STK4"
4.21344863743389e-48,2.09838421156252,0.525,0.178,1.01598886994443e-43,"11","CRYBG1"
4.56539771653162e-48,2.75367154466196,0.348,0.086,1.10085435138727e-43,"11","GBP5"
5.17606884697916e-47,1.80810989233565,0.512,0.167,1.24810548107208e-42,"11","TAP2"
2.39872107291805e-46,3.05934827457124,0.484,0.173,5.7840361231273e-42,"11","GRSF1"
5.71484852540916e-46,1.91477456892024,0.557,0.213,1.37802142493191e-41,"11","NECTIN2"
6.69856519945432e-46,1.96161417610796,0.508,0.171,1.61522502654442e-41,"11","TOR3A"
1.05305236668298e-45,1.8709390923726,0.77,0.425,2.53922517178266e-41,"11","RASSF4"
1.21398388498654e-45,1.4564096379773,0.725,0.326,2.92727934186805e-41,"11","C17orf49"
1.67283199537438e-44,2.14770990863846,0.529,0.195,4.03369979044625e-40,"11","TUBB6"
1.34664286891701e-43,1.49711005352402,0.75,0.398,3.24715994981958e-39,"11","IL13RA1"
1.58777310751354e-43,1.54652798869211,0.762,0.423,3.82859729414739e-39,"11","TNFSF13B"
1.78021605925862e-43,1.76582670124425,0.299,0.067,4.29263498369031e-39,"11","SLC7A11"
6.8204674923403e-43,1.35857599349789,0.922,0.727,1.64461932642802e-38,"11","LCP1"
9.86827940253651e-43,1.98453847356964,0.381,0.106,2.37953821233363e-38,"11","RHOF"
1.22071216683038e-42,1.98864903514554,0.488,0.165,2.9435032478781e-38,"11","SLAMF7"
2.38202405470922e-42,1.6835409933006,0.537,0.195,5.74377460312033e-38,"11","ANXA7"
5.23784612806933e-42,1.47331735857737,0.77,0.416,1.26300183686136e-37,"11","TAPBP"
1.58373654647219e-41,2.33259379880203,0.484,0.175,3.81886393450839e-37,"11","MGLL"
1.76135950476514e-41,1.51990140283336,0.77,0.417,4.24716617384018e-37,"11","LGALS2"
9.68183769829933e-41,1.54885061200052,0.775,0.48,2.33458152419092e-36,"11","ALDH2"
1.01754550863381e-40,2.23951619922194,0.41,0.13,2.4536074849687e-36,"11","IL32"
1.37544570294971e-40,1.70036844283035,0.549,0.212,3.31661222352264e-36,"11","SPPL2A"
2.59814915088722e-40,1.27451165163156,0.832,0.532,6.26491704753435e-36,"11","TUBB"
5.24836894351648e-40,1.23678557367933,0.865,0.552,1.26553920335013e-35,"11","PTPN1"
9.25243400515979e-40,1.61118179645261,0.787,0.477,2.23103941166418e-35,"11","LAP3"
1.40297335997859e-39,2.55384865123612,0.377,0.114,3.38298966291638e-35,"11","NIBAN1"
3.43329983303396e-39,1.25741286589892,0.861,0.579,8.2787158873948e-35,"11","CFLAR"
4.4897656423292e-39,1.43385336301773,0.725,0.368,1.08261718933484e-34,"11","MTHFD2"
4.72173660229672e-39,2.1351859462916,0.381,0.117,1.13855234691181e-34,"11","N4BP2L1"
2.60535487794005e-38,1.91915750328011,0.455,0.159,6.28229221717685e-34,"11","MAP4"
6.07891235901672e-38,1.63411367793264,0.939,0.753,1.4658081371297e-33,"11","CD83"
9.54417015939742e-38,1.16596569056239,0.93,0.723,2.3013857505355e-33,"11","REL"
1.55480050884539e-37,1.33331837872045,0.787,0.451,3.74909046697888e-33,"11","FAM49A"
9.0497399591747e-37,1.2315195614988,0.898,0.632,2.18216379635579e-32,"11","GPR183"
1.25803579349049e-36,2.11829364167478,0.447,0.163,3.03350170884361e-32,"11","C12orf45"
2.08183974564203e-36,2.5047726595387,0.307,0.084,5.01994017866663e-32,"11","NDE1"
2.14824493975825e-36,1.14122631697812,0.893,0.62,5.18006302323906e-32,"11","PDIA3"
3.12800848923302e-36,1.54956445978125,0.627,0.295,7.54256687008758e-32,"11","CLIC2"
5.72499526426231e-36,2.36317292642124,0.258,0.061,1.38046810807157e-31,"11","ARAP2"
1.03565088462902e-35,1.18202879135231,0.816,0.504,2.49726497810596e-31,"11","RAP1B"
3.67248036766201e-35,1.72145296339645,0.578,0.258,8.85545191054341e-31,"11","PARP14"
8.03227019184928e-35,1.64783570863053,0.689,0.388,1.93682131136062e-30,"11","FNBP1"
8.9069720323424e-35,1.26341351103078,0.828,0.581,2.14773816615872e-30,"11","CMTM6"
1.25820874664121e-34,1.87052809774868,0.766,0.531,3.03391875077594e-30,"11","JAK1"
1.56693858659248e-34,0.968560620437797,0.873,0.65,3.77835901385045e-30,"11","PSME1"
2.62541696042939e-34,0.851359452278221,1,0.999,6.33066791668338e-30,"11","EEF1A1"
3.09311240143148e-34,2.18511117162328,0.299,0.082,7.45842193357172e-30,"11","CEP68"
3.33979942347252e-34,2.05503753951176,0.414,0.145,8.05325834981929e-30,"11","PIKFYVE"
4.28669511968421e-34,0.79489093227943,0.996,0.988,1.03365079420945e-29,"11","TMSB10"
5.60381300506839e-34,0.597519050097741,1,0.999,1.35124742991214e-29,"11","B2M"
3.06041877055487e-33,1.81493698643925,0.357,0.111,7.37958778143897e-29,"11","PTGES2"
1.31508815815495e-32,1.63515696392772,0.475,0.188,3.17107207575903e-28,"11","UBE2E2"
2.82693567375766e-32,1.48249743795264,0.664,0.34,6.81658999013185e-28,"11","ISG20"
1.32857017666054e-31,1.64078118737449,0.393,0.133,3.20358126698155e-27,"11","CUL1"
3.89560475527659e-31,2.06215053192535,0.34,0.11,9.39347174639844e-27,"11","ARHGAP10"
8.19996328750568e-31,1.79296567905398,0.447,0.177,1.97725714751624e-26,"11","SERPINF1"
1.01573933033274e-30,1.39474536024274,0.594,0.283,2.44925224723134e-26,"11","UBE2F"
1.97969861078183e-30,2.26442945291356,0.307,0.093,4.77364726017822e-26,"11","SINHCAF"
2.13990770152142e-30,1.17008415427619,0.799,0.513,5.1599594406786e-26,"11","ARL6IP5"
2.92316389099121e-30,1.90619259010247,0.275,0.075,7.04862509034711e-26,"11","TRADD"
4.33287593723752e-30,2.07453275361618,0.332,0.107,1.04478637474608e-25,"11","SPIB"
1.3699438274283e-29,2.04106972883148,0.332,0.109,3.30334555107785e-25,"11","CD38"
2.34571938740426e-29,0.789371299224631,0.996,0.948,5.65623315884789e-25,"11","ACTG1"
2.49113729856213e-29,1.81181062937769,0.541,0.257,6.00687936802288e-25,"11","RAB8B"
2.569225153204e-29,1.98604385721763,0.27,0.076,6.19517261192079e-25,"11","MCOLN2"
3.77122221786612e-29,1.60442490979695,0.426,0.162,9.09354813394057e-25,"11","CD1E"
1.09872568293201e-28,2.46916850720543,0.262,0.074,2.64935723925394e-24,"11","IRF4"
1.78645362700897e-28,1.90056227422426,0.352,0.122,4.30767563080674e-24,"11","TMEM131"
2.23126730936645e-28,1.58123465346419,0.459,0.189,5.38025486307531e-24,"11","RDX"
2.42088603790192e-28,1.82084370801652,0.291,0.087,5.83748250319291e-24,"11","CHST7"
5.39781892493622e-28,1.10268853282115,0.725,0.417,1.30157607736987e-23,"11","NFKB1"
6.42560815266003e-28,0.940722334165074,0.877,0.788,1.54940689385091e-23,"11","GPX4"
8.04540490129886e-28,1.22964383639822,0.631,0.335,1.93998848385019e-23,"11","NDUFV2"
1.03498118372817e-27,1.24816957829145,0.615,0.306,2.49565012832373e-23,"11","CYTIP"
1.15645346793597e-27,1.4259878506934,0.525,0.242,2.78855624723401e-23,"11","LRRFIP2"
1.15829312684962e-27,0.955860706104169,0.947,0.83,2.79299221677248e-23,"11","GSTP1"
1.45979847571906e-27,1.23562498110602,0.598,0.3,3.52001206450137e-23,"11","PSMA2"
1.52254237967788e-27,1.49695937139536,0.582,0.29,3.67130644011728e-23,"11","RAB11FIP1"
1.00721231595831e-26,0.702184724345104,0.984,0.856,2.42869105747028e-22,"11","HLA-DQA1"
2.12424356189712e-26,1.4122568346828,0.496,0.227,5.12218850080252e-22,"11","RELB"
3.93480278109415e-26,1.37610813881024,0.537,0.262,9.48798994605233e-22,"11","CIITA"
4.45167595294092e-26,1.94468482745657,0.25,0.071,1.07343262253264e-21,"11","TOMM34"
4.6612061499706e-26,1.14434895799979,0.717,0.41,1.12395663894241e-21,"11","C15orf48"
5.0674350364644e-26,1.08276442494974,0.643,0.338,1.22191061034266e-21,"11","KYNU"
6.1687365985473e-26,1.27218807259828,0.631,0.363,1.48746745600771e-21,"11","UBE2L6"
8.55510645161519e-26,1.20602493475049,0.676,0.393,2.06289281867797e-21,"11","PSMB9"
1.00557968653268e-25,1.89699004683597,0.541,0.298,2.42475429813625e-21,"11","STAT1"
1.02051131875128e-25,0.811262527071686,0.922,0.733,2.46075894290496e-21,"11","ENO1"
1.48528665095056e-25,1.11533314523649,0.73,0.463,3.58147170143707e-21,"11","ATOX1"
1.81454238548666e-25,1.57027638562133,0.541,0.288,4.37540605412398e-21,"11","MALT1"
2.18991391185602e-25,2.27657219868082,0.311,0.112,5.28053941565842e-21,"11","MBNL2"
2.61926723537305e-25,0.624750932140533,0.996,0.969,6.31583908465504e-21,"11","PFN1"
3.31310321261816e-25,0.615511957951971,1,0.997,7.98888577658616e-21,"11","HLA-B"
7.36523005265711e-25,1.22678312526755,0.574,0.286,1.77597792259721e-20,"11","ATF5"
1.01506175100224e-24,1.90895164334285,0.32,0.113,2.4476184001917e-20,"11","LRRK1"
1.08089421272708e-24,0.968370240252884,0.791,0.564,2.60636021514882e-20,"11","ACTR3"
2.38279160570502e-24,1.00695397778596,0.697,0.419,5.74562539883652e-20,"11","POLR2E"
3.57568224651358e-24,1.58089973108217,0.725,0.476,8.6220426010182e-20,"11","TUBA1C"
6.25435750794326e-24,0.610786193256209,1,0.989,1.50811322589036e-19,"11","HLA-A"
6.86761081122356e-24,1.57087639712067,0.393,0.16,1.65598699491034e-19,"11","ANTXR2"
8.86610516600778e-24,1.78842116968703,0.361,0.141,2.13788393867946e-19,"11","FLT3"
1.61970630122054e-23,1.10189897845188,0.877,0.653,3.90559780413309e-19,"11","SERPINB1"
1.85350405089503e-23,1.11913474540854,0.746,0.47,4.46935431792318e-19,"11","NR4A3"
1.9592849430511e-23,1.07001130008459,0.627,0.338,4.72442378317913e-19,"11","CNDP2"
2.37893762394654e-23,0.873578200192815,0.852,0.61,5.7363322926223e-19,"11","FKBP5"
3.04125756378786e-23,0.730665792937258,0.996,0.996,7.33338436356167e-19,"11","MALAT1"
1.0517003091757e-22,1.78374860924151,0.27,0.09,2.53596495551538e-18,"11","SAMD9L"
1.72192687198672e-22,1.83166359055801,0.287,0.099,4.15208226642158e-18,"11","TRAF5"
1.87284734941921e-22,1.16955410538572,0.602,0.339,4.51599681365455e-18,"11","RIPK2"
2.56118734905225e-22,1.81728672401819,0.266,0.087,6.17579105476968e-18,"11","IFIH1"
2.9855305074261e-22,1.02158392635979,0.738,0.483,7.19900971255655e-18,"11","IFNGR2"
3.29129189772074e-22,1.74152281182751,0.59,0.372,7.93629215297401e-18,"11","PELI1"
3.82161478113734e-22,0.810483630520707,0.82,0.634,9.21505972175647e-18,"11","RNH1"
5.84273322014782e-22,1.03644384527006,0.656,0.404,1.40885826137424e-17,"11","PSMB10"
6.1870168391052e-22,0.553989525210025,0.996,0.991,1.49187537041344e-17,"11","HLA-DRA"
7.36341321966801e-22,0.678672721822881,0.939,0.79,1.77553982965855e-17,"11","CDKN1A"
8.00264053899235e-22,1.33099275923399,0.529,0.279,1.92967671316723e-17,"11","CYTH1"
1.00140661719988e-21,2.05406458326811,0.357,0.148,2.41469177605408e-17,"11","ANXA6"
1.82830936340964e-21,2.08401674122055,0.311,0.12,4.40860236798966e-17,"11","MOB1B"
2.01119339190516e-21,1.293436499156,0.582,0.336,4.84959062590092e-17,"11","FILIP1L"
2.44433447719471e-21,1.20120055511374,0.68,0.441,5.8940237248596e-17,"11","VDAC2"
4.92137745182415e-21,1.37510301655875,0.459,0.216,1.18669174495836e-16,"11","MED13L"
5.31901672223789e-21,1.92829939898286,0.295,0.11,1.28257450223322e-16,"11","CHD3"
7.78709735523705e-21,1.04545168975223,0.844,0.653,1.87770278526831e-16,"11","CXCR4"
4.8813044755286e-20,1.75282403604661,0.254,0.087,1.17702894818421e-15,"11","ANKRD22"
6.25400200737072e-20,1.15832816917519,0.615,0.37,1.5080275040373e-15,"11","TUBA1A"
7.98187986263975e-20,0.889158251759126,0.803,0.628,1.92467069127832e-15,"11","MT2A"
8.45126623311699e-20,0.874541022887904,0.721,0.471,2.0378538267915e-15,"11","EIF5A"
1.06225280053886e-19,0.753175705277989,0.861,0.672,2.56141017793936e-15,"11","PKM"
1.65004585469441e-19,1.45386523322157,0.398,0.185,3.97875556942463e-15,"11","SMCO4"
1.8103207440884e-19,1.08962329308336,0.549,0.3,4.36522641022036e-15,"11","PSMB8"
2.72027636559678e-19,1.89817424487009,0.287,0.111,6.55940240036352e-15,"11","F11R"
2.80691677525826e-19,1.62549498690409,0.369,0.163,6.76831842018025e-15,"11","PLAAT4"
2.90053077742782e-19,1.4751645021947,0.402,0.19,6.99404986361171e-15,"11","USP12"
3.49477405232372e-19,1.31398100794483,0.533,0.292,8.42694867236819e-15,"11","PLEKHO1"
3.80128230742357e-19,1.16047852087931,0.488,0.244,9.16603202789046e-15,"11","MIR181A1HG"
6.23351237923047e-19,1.29352079580745,0.75,0.564,1.50308684000384e-14,"11","CRIP1"
6.32923258312511e-19,0.863137709680651,0.713,0.466,1.52616785276896e-14,"11","ODF3B"
7.23141269873769e-19,1.48917580448768,0.336,0.139,1.74371054404662e-14,"11","GPR132"
7.30530523458562e-19,1.61657421881523,0.332,0.142,1.76152825121563e-14,"11","PIM1"
7.68707494725531e-19,1.72300945138383,0.316,0.129,1.85358438203167e-14,"11","LYST"
8.49475007439551e-19,1.03028669517911,0.537,0.29,2.04833908543899e-14,"11","HLA-F"
1.04557028067966e-18,0.819120580933333,0.742,0.495,2.52118361780286e-14,"11","VDAC1"
1.04975131997458e-18,0.882710075803399,0.811,0.567,2.53126535785471e-14,"11","RGS1"
1.52835980953045e-18,0.936827282759411,0.643,0.417,3.68533400872076e-14,"11","C4orf3"
1.73104030704363e-18,0.910076003879749,0.713,0.456,4.1740574923743e-14,"11","RNF144B"
2.09333954583508e-18,1.26293726420053,0.414,0.197,5.04766964687212e-14,"11","KPNA2"
4.57623121469453e-18,1.13655439946855,0.648,0.42,1.10346663279929e-13,"11","TNFAIP2"
4.92356424029495e-18,1.42313419051434,0.402,0.195,1.18721904526232e-13,"11","RASSF2"
5.95334915329435e-18,0.74765459585166,0.766,0.511,1.43553108133387e-13,"11","BASP1"
6.12478340971303e-18,1.53390410509503,0.266,0.099,1.4768690235841e-13,"11","SNX20"
6.16061155144203e-18,1.03188879977561,0.557,0.312,1.48550826339922e-13,"11","TES"
6.45478124220105e-18,0.747137756829503,0.758,0.506,1.55644140093194e-13,"11","ARPC4"
1.03400659716038e-17,0.722931578013309,0.799,0.541,2.49330010773282e-13,"11","SMAP2"
1.17388404413871e-17,1.71238809649965,0.258,0.096,2.83058659563168e-13,"11","SOCS1"
1.1913860303145e-17,1.40716186291228,0.283,0.108,2.87278913489736e-13,"11","LYSMD2"
1.33182929633006e-17,0.761347914649522,0.684,0.409,3.21143998224067e-13,"11","WDR1"
1.34765437761149e-17,1.72259256112815,0.406,0.202,3.24959900073458e-13,"11","EPSTI1"
1.69408239420806e-17,0.622926846656118,0.914,0.745,4.08494087715391e-13,"11","MGAT1"
2.02674589246898e-17,0.825493808508031,0.783,0.593,4.88709237051045e-13,"11","SUB1"
2.06401186215588e-17,0.689639019476562,0.852,0.674,4.97695180321648e-13,"11","TYMP"
2.37251914415091e-17,1.63496237485735,0.357,0.163,5.72085541229108e-13,"11","BCL2L11"
3.1540678084039e-17,1.1140789792396,0.43,0.209,7.60540370640432e-13,"11","MICAL1"
3.30116457376583e-17,0.747945028908929,0.713,0.466,7.96009813672155e-13,"11","PSMB1"
3.34707752060248e-17,1.68534490518052,0.357,0.167,8.07080802542875e-13,"11","PLXNC1"
3.62699576947427e-17,0.93114400589418,0.857,0.719,8.7457748989333e-13,"11","ZFAND5"
5.67535305772345e-17,1.58718217527297,0.27,0.103,1.36849788280885e-12,"11","ENPP2"
1.36675108339639e-16,1.01918296014134,0.57,0.34,3.29564688739371e-12,"11","GLIPR2"
1.64083354346037e-16,1.23614935942898,0.336,0.147,3.95654192334599e-12,"11","CYP2S1"
1.85730450405599e-16,1.11372020399651,0.455,0.235,4.47851835063021e-12,"11","TP53BP2"
1.89035444098951e-16,1.63156519018647,0.258,0.1,4.55821166355802e-12,"11","RCN1"
2.10177260290252e-16,0.924567964193887,0.59,0.345,5.06800427737885e-12,"11","MNDA"
2.32330223169129e-16,1.31897785262478,0.328,0.144,5.60217867127721e-12,"11","MCM5"
2.36250361790954e-16,1.30204486811399,0.34,0.151,5.69670497386527e-12,"11","FBXW5"
2.93457494341777e-16,1.40738022974069,0.279,0.112,7.07614056106328e-12,"11","NET1"
3.33122843790872e-16,0.712523606055607,0.881,0.744,8.03259113232929e-12,"11","PLEK"
4.6198873007457e-16,0.84899999518757,0.75,0.6,1.11399342482881e-11,"11","LDHA"
5.63513223131686e-16,0.525034065643486,0.943,0.836,1.35879943493743e-11,"11","TAGLN2"
5.75942980206399e-16,1.28142125113677,0.43,0.227,1.38877130817169e-11,"11","ISCU"
7.54592947697738e-16,0.92071024933705,0.66,0.431,1.81954997478356e-11,"11","GRASP"
1.03051264834043e-15,0.718906591280741,0.746,0.525,2.48487514894328e-11,"11","THEMIS2"
1.14812436118276e-15,0.718013140356332,0.652,0.399,2.76847227211998e-11,"11","PGAM1"
1.77523702855151e-15,0.830573505804824,0.98,0.947,4.28062904694626e-11,"11","PNRC1"
2.20720950653189e-15,0.763967769263472,0.68,0.471,5.32224428310034e-11,"11","PEA15"
2.77075070872292e-15,1.04322640903104,0.492,0.284,6.68111118394359e-11,"11","GBP2"
2.77476426354982e-15,1.55177013907587,0.352,0.17,6.69078906869768e-11,"11","DOCK10"
3.40635902705852e-15,1.45464044870407,0.287,0.123,8.21375352194622e-11,"11","ZC3H7A"
3.50381351990053e-15,1.39513515522617,0.324,0.148,8.44874554053616e-11,"11","MAP3K13"
5.72726640131692e-15,1.09619795824081,0.418,0.217,1.38101574734955e-10,"11","SRI"
8.80617891081549e-15,0.761156377888758,0.742,0.518,2.12343392076494e-10,"11","BHLHE40"
1.01107375025207e-14,1.01700202320973,0.48,0.268,2.43800213398282e-10,"11","PFKL"
1.06213277265659e-14,1.35474721553409,0.258,0.104,2.56112075470683e-10,"11","ATAD2B"
1.11702619340824e-14,0.711103307409747,0.807,0.603,2.69348526016528e-10,"11","NAP1L1"
1.32832690997589e-14,0.914069761379797,0.508,0.279,3.20299467802487e-10,"11","TRIM22"
1.55627294142365e-14,1.0766402230507,0.471,0.264,3.75264094365485e-10,"11","NRP2"
2.64049660076707e-14,1.21605835389158,0.348,0.166,6.36702945342962e-10,"11","SELPLG"
2.77523936265719e-14,0.867724808586891,0.59,0.369,6.69193467517528e-10,"11","BAZ1A"
3.77190011886128e-14,1.10170134552589,0.59,0.394,9.0951827566102e-10,"11","ETV3"
3.85148196889596e-14,0.696238784997499,0.816,0.628,9.28707847159882e-10,"11","NINJ1"
6.19502238762127e-14,1.00158532135801,0.475,0.268,1.49380574832712e-09,"11","KLHL6"
8.04776376693716e-14,1.04540370547046,0.447,0.243,1.94055727712156e-09,"11","ALCAM"
1.66974301851983e-13,1.06470805936955,0.467,0.271,4.02625134055686e-09,"11","APPL1"
1.75042271363283e-13,0.816231260849599,0.59,0.375,4.22079428938285e-09,"11","IGFLR1"
3.47361221837415e-13,0.907699321352625,0.402,0.211,8.3759211421656e-09,"11","ARL5B"
3.82244053643978e-13,0.668828743378644,0.639,0.406,9.21705086551725e-09,"11","HMGA1"
3.93151316166662e-13,1.10906851969454,0.426,0.24,9.48005768672673e-09,"11","IRAK2"
4.2757601622999e-13,0.923255402343535,0.447,0.25,1.03101404793538e-08,"11","RAB8A"
6.17438345610089e-13,0.98850270945403,0.352,0.176,1.48882908276961e-08,"11","FAM107B"
7.02885861492662e-13,1.16525595803961,0.266,0.115,1.69486867781726e-08,"11","CDC42SE2"
7.3036954395532e-13,1.12403158806756,0.324,0.156,1.76114008133946e-08,"11","ACO2"
8.74685683923387e-13,0.728028029687759,0.783,0.624,2.10912958964446e-08,"11","SEC61B"
8.82679436209534e-13,1.23890357200088,0.299,0.14,2.12840492453205e-08,"11","RUFY3"
1.20969077091028e-12,0.922334560233088,0.619,0.414,2.91692735589596e-08,"11","PFKFB3"
1.46768037151821e-12,1.45762967613955,0.262,0.117,3.53901767984187e-08,"11","P2RX7"
1.59829893499921e-12,0.887888444189152,0.484,0.29,3.8539782219636e-08,"11","PHPT1"
1.80555604244724e-12,0.737881600484184,0.668,0.444,4.35373728515303e-08,"11","BZW1"
1.93413535758018e-12,1.26275094674655,0.676,0.583,4.66378058773309e-08,"11","CALHM6"
1.9916494070765e-12,0.994524507325893,0.516,0.326,4.80246421528357e-08,"11","GPBP1"
2.10847511103549e-12,1.40143477631669,0.332,0.172,5.08416603523987e-08,"11","ERICH1"
2.49598836984747e-12,1.4352222573285,0.582,0.417,6.01857675621321e-08,"11","IRF1"
2.50664672137459e-12,1.02658768128709,0.398,0.218,6.04427723925054e-08,"11","SQOR"
3.02378271514154e-12,0.593636164171737,0.852,0.702,7.29124726102079e-08,"11","EIF4G2"
3.06230057001443e-12,1.2766940024219,0.295,0.141,7.3841253644758e-08,"11","WHAMM"
3.20184553481296e-12,1.22561858834163,0.283,0.132,7.72061013809449e-08,"11","BIRC2"
3.35796422657601e-12,1.28855881313137,0.27,0.125,8.09705913954272e-08,"11","SPECC1"
3.73731652841438e-12,1.06187216182844,0.311,0.149,9.01179134496559e-08,"11","JAK2"
4.81388436870175e-12,1.09907945902223,0.34,0.175,1.16077193782505e-07,"11","APMAP"
6.53122013500841e-12,1.06089403237354,0.311,0.15,1.57487311115458e-07,"11","NBN"
6.94839317273329e-12,0.820033905778699,0.455,0.259,1.67546604574118e-07,"11","TBCB"
1.01284856887497e-11,1.03731505758446,0.463,0.284,2.44228175412822e-07,"11","ANKRD10"
1.29471019882185e-11,0.610404534792199,0.803,0.684,3.12193470241914e-07,"11","GRINA"
1.37320225022316e-11,0.685208709734177,0.934,0.862,3.31120258596311e-07,"11","SQSTM1"
2.32419063213948e-11,1.02968777658991,0.287,0.136,5.60432087127794e-07,"11","UBE2Z"
2.43525031799347e-11,1.13725198716607,0.254,0.114,5.87211909177767e-07,"11","STAT5A"
2.5248874688374e-11,0.868985899739859,0.455,0.273,6.08826115360763e-07,"11","PMAIP1"
2.91412777047028e-11,1.19878610852036,0.5,0.352,7.02683629293499e-07,"11","TMEM176A"
5.26440357422421e-11,1.31682725092334,0.279,0.136,1.26940563385268e-06,"11","DENND1B"
6.36992957550693e-11,0.535293407416375,0.754,0.608,1.53598111854198e-06,"11","EDF1"
6.42531496433357e-11,0.697103390592196,0.713,0.54,1.54933619734975e-06,"11","GNA13"
7.07513871313588e-11,1.48938235129767,0.258,0.122,1.70602819789846e-06,"11","ZBTB10"
7.21608810797198e-11,1.02137219390392,0.738,0.647,1.74001532547528e-06,"11","ID2"
7.90894519505221e-11,0.788649491308357,0.811,0.69,1.90708395488294e-06,"11","ATF3"
8.23785250277045e-11,0.828435805796808,0.377,0.204,1.98639337399304e-06,"11","G3BP2"
1.21025286998568e-10,0.907210122037908,0.389,0.22,2.91828274539647e-06,"11","SNX8"
1.27120851059622e-10,0.640553973413722,0.549,0.344,3.06526508160068e-06,"11","SF3B2"
1.27608097541635e-10,0.779416944725776,0.471,0.285,3.07701405602145e-06,"11","MAP7D1"
1.30712897624537e-10,0.944021533242058,0.348,0.187,3.15188010042047e-06,"11","HSD17B4"
1.31342471438673e-10,0.944810284653997,0.443,0.268,3.16706101380071e-06,"11","ABHD12"
1.32880203199785e-10,1.04704534711365,0.283,0.138,3.20414033975642e-06,"11","GRK3"
1.39652127722153e-10,0.953186296022584,0.406,0.236,3.36743175576427e-06,"11","ASAP1"
1.40039327186136e-10,0.642641911655332,0.914,0.863,3.37676829643929e-06,"11","BTG1"
1.98047013109726e-10,0.81248116025001,0.516,0.344,4.77550762711482e-06,"11","CFP"
2.09621898452166e-10,1.09372890246729,0.533,0.399,5.05461283737707e-06,"11","VAMP5"
2.89973887456966e-10,0.822037093965887,0.418,0.243,6.99214034824982e-06,"11","ETV6"
3.24912436082793e-10,0.718653581019628,0.541,0.365,7.8346135712644e-06,"11","TNFRSF14"
3.63956985795669e-10,0.718661194474002,0.582,0.405,8.77609479849096e-06,"11","ATG3"
3.80401994039927e-10,1.14550923995793,0.254,0.122,9.17263328228475e-06,"11","SLC38A1"
3.80693709704489e-10,0.849014380707681,0.598,0.451,9.17966742210435e-06,"11","TMEM176B"
3.96935937540163e-10,1.09227735482231,0.254,0.12,9.57131626190596e-06,"11","CYB5A"
4.46550454381049e-10,1.0794786308694,0.467,0.309,1.07676711064902e-05,"11","G0S2"
4.47008528034829e-10,1.29903971940427,0.406,0.261,1.07787166365038e-05,"11","FOXP1"
4.76585186260001e-10,1.15233326043469,0.352,0.198,1.14918985962874e-05,"11","NUP98"
5.6986555964996e-10,1.19991807801028,0.393,0.237,1.37411682398395e-05,"11","CEP350"
5.7335070036114e-10,0.842913099805194,0.402,0.232,1.38252054378082e-05,"11","SNX17"
7.61883630359741e-10,0.963421390038156,0.324,0.174,1.83712999788644e-05,"11","ATP6V1A"
7.81366611592713e-10,0.851848589245606,0.406,0.239,1.88410931053351e-05,"11","KPNB1"
8.4869685142208e-10,1.03794182968346,0.25,0.119,2.04646271783406e-05,"11","ARHGAP31"
8.53639019965975e-10,0.902162292998117,0.381,0.22,2.05837976884396e-05,"11","TANK"
8.90030029084145e-10,1.19278736789891,0.311,0.171,2.1461294091306e-05,"11","MBD2"
9.94592267184765e-10,0.930950716422742,0.377,0.223,2.39826033386262e-05,"11","PSMA5"
1.01149899088757e-09,0.548200822822186,0.803,0.615,2.43902751672719e-05,"11","NFE2L2"
1.54513787667987e-09,1.0498881486292,0.336,0.187,3.72579096203816e-05,"11","SMARCA2"
1.62692784093537e-09,0.961742891176231,0.402,0.246,3.92301110284746e-05,"11","WASHC2C"
1.80233875188435e-09,0.904375115707852,0.385,0.229,4.34597943241873e-05,"11","PSMA4"
1.81982626937398e-09,0.776694964362029,0.541,0.374,4.38814708334147e-05,"11","ATP1B1"
2.37357004252061e-09,1.13891615629092,0.283,0.149,5.72338944352996e-05,"11","FOXN2"
2.53383167909529e-09,0.731520557923613,0.656,0.487,6.10982832780248e-05,"11","SERPINB9"
2.54031712692045e-09,0.650696266317336,0.574,0.389,6.12546668814327e-05,"11","TGIF1"
2.74809047131417e-09,0.615882651471756,0.902,0.846,6.62647055347985e-05,"11","KLF6"
2.96432813003752e-09,0.837970077279772,0.389,0.234,7.14788441995947e-05,"11","TXNL1"
3.14171350585347e-09,0.975779904983249,0.439,0.276,7.57561377666446e-05,"11","AVPI1"
3.28984144656596e-09,1.06154361155617,0.352,0.207,7.9327946801045e-05,"11","SIAH2"
3.77876435372718e-09,0.588915806868637,0.881,0.788,9.11173448614234e-05,"11","CTSZ"
3.97868312179526e-09,0.656197865917784,0.602,0.449,9.59379861158491e-05,"11","SLC31A2"
4.29535081444682e-09,1.10209829375963,0.377,0.231,0.000103573794188756,"11","SMARCA5"
5.3878805293773e-09,0.910959241235276,0.316,0.173,0.000129917963204875,"11","ADAM8"
5.98130525857687e-09,0.723079111461629,0.463,0.297,0.000144227213700064,"11","DBNL"
6.38853801970542e-09,0.617423094575151,0.643,0.476,0.000154046817269157,"11","TBCA"
6.94419139724292e-09,0.631645379263029,0.783,0.651,0.000167445287161719,"11","HINT1"
7.41570824715606e-09,0.818873356919959,0.357,0.205,0.000178814972963674,"11","ELOVL1"
7.6880735819325e-09,1.32679573418308,0.373,0.233,0.000185382518281139,"11","WASHC2A"
1.00776219342425e-08,0.749063343031794,0.443,0.28,0.00024300169770039,"11","RNF114"
1.09832780993227e-08,0.555042413972862,0.57,0.39,0.000264839784808969,"11","XRCC6"
1.1490193817809e-08,0.841153214942543,0.373,0.222,0.000277063043528829,"11","CHST11"
1.23005906482095e-08,0.883421951101219,0.385,0.234,0.000296604142300276,"11","G3BP1"
1.27424218375454e-08,0.83675045960699,0.344,0.199,0.000307258017768733,"11","PSMA3"
1.32257004163929e-08,0.869822022985865,0.381,0.232,0.000318911314140481,"11","ABI1"
1.32469069037338e-08,1.1298887094495,0.258,0.135,0.000319422666169734,"11","DENND4A"
1.47366758803961e-08,0.580197958141878,0.725,0.627,0.000355345465503992,"11","LGALS9"
1.65654578734961e-08,0.539642700745428,0.623,0.439,0.000399442885703611,"11","MAFF"
1.66338679695737e-08,0.677644450236607,0.336,0.19,0.000401092458350332,"11","TNFAIP8"
2.4952796498437e-08,1.00665150827659,0.48,0.33,0.000601686781966812,"11","YWHAQ"
2.84891486310283e-08,1.85350329092685,0.291,0.162,0.000686958840939985,"11","HLA-DQB2"
2.91563694578289e-08,0.948682006061943,0.254,0.131,0.000703047536736629,"11","IMPDH1"
2.98190246962661e-08,0.689078646147097,0.553,0.404,0.000719026142501064,"11","PAK1"
3.00573671981595e-08,1.01572000738998,0.336,0.199,0.000724773295249221,"11","WDR33"
3.07002812481959e-08,1.00776384066854,0.307,0.174,0.000740275881737748,"11","SERTAD2"
3.39120047162793e-08,0.926353004684313,0.316,0.181,0.000817720169723642,"11","SULF2"
3.81858093624577e-08,1.15897219915596,0.336,0.202,0.000920774421156942,"11","UGCG"
6.38356038378802e-08,0.935813835593865,0.48,0.344,0.0015392679153428,"11","LY6E"
6.52323132225332e-08,0.98132839284349,0.275,0.15,0.00157294676873494,"11","STARD7"
6.97963854053448e-08,0.857639149493757,0.693,0.581,0.00168300024127908,"11","ZFAS1"
7.20620633597337e-08,0.969504952890705,0.324,0.193,0.00173763253379326,"11","EDEM1"
1.09004177222517e-07,1.19032013560536,0.32,0.198,0.00262841772536655,"11","ITPRID2"
1.11105314249586e-07,0.598770149548182,0.557,0.403,0.00267908244250027,"11","BID"
1.20195128362924e-07,0.619703505037356,0.451,0.299,0.0028982651302152,"11","JARID2"
1.45124018918329e-07,0.751859423904179,0.352,0.213,0.00349937546817766,"11","ARHGAP45"
1.88662329115801e-07,0.623139936563146,0.537,0.379,0.00454921474196931,"11","CNN2"
2.56804383801429e-07,0.566275868856212,0.496,0.331,0.00619232410660387,"11","RBX1"
2.65602923343113e-07,0.822293652903279,0.348,0.214,0.00640448329057249,"11","WIPI2"
2.67402796790264e-07,1.12350703771059,0.275,0.157,0.00644788363900363,"11","NRARP"
3.1816170996454e-07,0.799930622323674,0.328,0.197,0.00767183331237494,"11","PRMT1"
3.20641728342192e-07,0.835332344020785,0.287,0.164,0.00773163399551527,"11","RASSF3"
3.44424637400648e-07,0.775105147364506,0.34,0.209,0.00830511128164183,"11","FMNL2"
4.02380152690806e-07,0.797819634438931,0.307,0.181,0.00970259262183341,"11","NECAP2"
4.26126781909464e-07,1.12244444607539,0.254,0.145,0.0102751950921829,"11","IFI35"
4.91096435298079e-07,0.835147761748157,0.283,0.163,0.0118418083443426,"11","FBXO7"
5.0724462871657e-07,0.50401619965548,0.689,0.525,0.0122311897322427,"11","IFNGR1"
5.08223572233529e-07,0.696332269789462,0.295,0.168,0.0122547949972671,"11","GSDMD"
5.73678216286468e-07,0.642763662611023,0.385,0.246,0.0138331028293156,"11","SLC25A33"
6.5273926101752e-07,0.745252008792524,0.336,0.206,0.0157395018009155,"11","RAB11A"
6.88275831274099e-07,0.676206282932649,0.299,0.174,0.0165963951195123,"11","CDKN1B"
6.93072451488173e-07,0.987697917719217,0.266,0.155,0.0167120560227343,"11","FYTTD1"
7.29294241282676e-07,0.732599638046767,0.295,0.171,0.0175854720400492,"11","SMIM14"
7.29923508143149e-07,0.805482564690975,0.34,0.211,0.0176006455518558,"11","PDLIM5"
8.05081771400097e-07,0.673389568552207,0.443,0.3,0.0194129367537705,"11","RASSF5"
8.14357115270763e-07,0.999530185981844,0.373,0.251,0.0196365931205239,"11","IL18BP"
8.52449035061012e-07,0.851556575270134,0.324,0.201,0.0205551035824262,"11","RP2"
9.10339212884529e-07,0.502362140948017,0.504,0.347,0.0219510094402846,"11","RALY"
9.33421319215678e-07,1.03659475742426,0.32,0.201,0.0225075882702476,"11","GLS"
1.33195807313886e-06,0.620659791733628,0.406,0.268,0.0321175050175973,"11","PSMD4"
1.35424009340277e-06,0.553450989819719,0.541,0.405,0.0326547913722209,"11","FAM49B"
1.49517281511518e-06,0.505840136495197,0.426,0.278,0.0360531020908724,"11","ACOT9"
1.58586677556759e-06,0.840433978499311,0.254,0.144,0.0382400055592612,"11","ZNF581"
1.85346951425645e-06,1.1415177023624,0.275,0.168,0.0446927103972658,"11","MRTFA"
1.86614274787992e-06,0.515284272118654,0.594,0.458,0.0449983000796286,"11","MOB1A"
2.14060420921054e-06,0.734861973190242,0.426,0.3,0.0516163892966939,"11","ITGA4"
2.16763654174746e-06,0.670177911978956,0.381,0.252,0.0522682199311564,"11","FUOM"
2.50215089773483e-06,0.641952538013949,0.344,0.216,0.06033436459708,"11","PSMB4"
2.79215843986987e-06,0.711368768511195,0.463,0.33,0.0673273164605821,"11","PGD"
2.85094867259598e-06,0.656289095856216,0.352,0.226,0.0687449253423068,"11","ILK"
2.99166119292515e-06,0.999936265040402,0.451,0.338,0.0721379263450041,"11","RPS27L"
3.01338955092903e-06,0.752503140021366,0.369,0.246,0.0726618622415517,"11","SMG1"
3.47893335210734e-06,0.723470597317404,0.344,0.222,0.0838875199193643,"11","GNB4"
4.58115309293205e-06,0.729874368133131,0.303,0.188,0.110465344529871,"11","TIMM17A"
4.61435122952431e-06,0.662037312124242,0.311,0.192,0.11126585119752,"11","PSMC4"
4.98943861274896e-06,0.569925705042986,0.373,0.24,0.120310333269216,"11","PRMT2"
5.51292668544337e-06,0.644557950361909,0.365,0.24,0.132933201166096,"11","PSMB2"
5.96489243551437e-06,0.636956209691034,0.373,0.247,0.143831451297558,"11","RNF145"
6.38772829253801e-06,0.86594967178715,0.291,0.18,0.154027292317969,"11","PCGF5"
6.50984268770385e-06,0.766150574865745,0.262,0.156,0.156971836728603,"11","ANKLE2"
6.62483929424792e-06,0.755412108516903,0.434,0.315,0.1597447499022,"11","HMGN3"
7.15080471159659e-06,0.619207843658807,0.475,0.346,0.172427354010729,"11","RAP2B"
7.27182082793099e-06,0.560295772538772,0.467,0.333,0.1753454156239,"11","RNF213"
7.73071994374595e-06,0.600826613695241,0.492,0.372,0.186410850003546,"11","DNAJC15"
7.78776364429154e-06,0.809386169123891,0.291,0.181,0.187786344754802,"11","SMNDC1"
8.65582928952666e-06,0.590809261542964,0.451,0.321,0.208718011658356,"11","PPP1R18"
8.75428111303341e-06,0.565871669027558,0.455,0.322,0.211091980478575,"11","HLA-DOA"
9.18511103002845e-06,0.652019457452027,0.32,0.202,0.221480582267076,"11","ARID4B"
9.83006826862758e-06,0.513307611939361,0.439,0.303,0.237032436161417,"11","PSMA1"
1.05315018229836e-05,0.546709411940663,0.463,0.331,0.253946103457604,"11","CDC42SE1"
1.46506049688427e-05,1.10087571786505,0.254,0.157,0.353270037613704,"11","REEP3"
1.49181290617205e-05,0.665416193006768,0.275,0.167,0.359720846065268,"11","PSMD1"
1.83270142366959e-05,0.509114206723926,0.373,0.248,0.441919294289448,"11","NFKB2"
1.84828411087338e-05,0.704304123066334,0.27,0.166,0.445676747654899,"11","TNIP1"
1.91186103664472e-05,0.546900306115621,0.43,0.304,0.461007051766142,"11","RHOC"
2.41436165302614e-05,0.556870943223033,0.492,0.383,0.582175025394193,"11","TWF2"
2.62139018128078e-05,0.884876368708154,0.287,0.188,0.632095814412234,"11","CD58"
3.03049700771519e-05,0.685014655656153,0.262,0.163,0.730743743470364,"11","SESN1"
3.35450242579932e-05,0.799110261448619,0.262,0.164,0.80887116993299,"11","BMP2K"
3.40494219517406e-05,0.596281229132303,0.328,0.216,0.821033711522321,"11","NFKBIE"
4.05858605122114e-05,0.501962182299785,0.475,0.35,0.978646854530954,"11","EIF4H"
4.12851478469802e-05,0.666053566571758,0.32,0.212,0.995508770034234,"11","DPYSL2"
4.24946602796386e-05,0.658544845836803,0.254,0.156,1,"11","DYNC1LI1"
4.40607068575055e-05,0.722129490977847,0.25,0.154,1,"11","ANKRD44"
4.61559349340033e-05,0.569440918036752,0.348,0.236,1,"11","PPP1R12A"
4.99716594764306e-05,0.550300999396069,0.369,0.253,1,"11","GSPT1"
5.41921288926153e-05,0.867712998599727,0.27,0.175,1,"11","PIAS1"
5.94463790653008e-05,0.599066299614066,0.377,0.268,1,"11","NABP1"
6.05109652011109e-05,0.732895632835809,0.619,0.573,1,"11","H2AFZ"
7.04836343991685e-05,0.619237103985565,0.32,0.214,1,"11","CPNE1"
7.29602175796832e-05,0.988361101703509,0.25,0.157,1,"11","CYP51A1"
8.99503251419835e-05,0.523300787562443,0.377,0.264,1,"11","SND1"
0.000110683984086086,0.611721605577248,0.639,0.536,1,"11","CD55"
0.00011255731876738,0.576786228474671,0.311,0.208,1,"11","CYLD"
0.000146238630216085,0.616752432722407,0.328,0.224,1,"11","AFF1"
0.000148635622918648,0.599346233583142,0.5,0.403,1,"11","OSTF1"
0.000210240028985404,0.640586514884417,0.303,0.21,1,"11","ZNFX1"
0.000240498716600764,0.881435858400059,0.377,0.294,1,"11","ZC3HAV1"
0.000271935491468926,0.514103358811602,0.328,0.228,1,"11","SHKBP1"
0.000274850751689132,0.559164956357325,0.393,0.292,1,"11","MAPK1IP1L"
0.000288507398629083,0.630224104624442,0.307,0.209,1,"11","TOB1"
0.000303920781427006,0.528550042821823,0.307,0.211,1,"11","ADAR"
0.000337050284191361,0.640942272111734,0.398,0.307,1,"11","SLAMF8"
0.000347372621725636,0.823978454030045,0.25,0.17,1,"11","TBC1D9"
0.000447953296126319,0.55073200487198,0.266,0.178,1,"11","PSMD11"
0.000453402599296993,0.684934463608058,0.398,0.307,1,"11","PTGER4"
0.000499213388185344,0.535790416803745,0.34,0.246,1,"11","CAPRIN1"
0.000554111550833513,0.513246849312649,0.496,0.403,1,"11","MYH9"
0.000563182670240398,0.538861550117978,0.266,0.179,1,"11","DCAF7"
0.000614219400053325,0.664168101209659,0.254,0.172,1,"11","CTTNBP2NL"
0.000645285271254584,0.556418265089398,0.541,0.447,1,"11","RAB10"
0.000672379756247524,0.743672148230161,0.373,0.285,1,"11","SERPING1"
0.000737152315186723,0.651720215557729,0.266,0.183,1,"11","TNFRSF10B"
0.000752931955444145,0.508919529427169,0.414,0.322,1,"11","ENSA"
0.000830418410919617,0.510625385784135,0.336,0.243,1,"11","MDH1"
0.000997125704210608,0.560425717030574,0.262,0.181,1,"11","LINC-PINT"
0.00100359041938293,0.59151119964838,0.266,0.185,1,"11","RSU1"
0.00102503373065547,0.518404042720518,0.299,0.211,1,"11","TOB2"
0.00116240540596131,0.519062061698895,0.291,0.207,1,"11","PSMD2"
0.00121191994415817,1.20513383588045,0.344,0.279,1,"11","FBP1"
0.00125105726351131,0.571676049101889,0.307,0.224,1,"11","CLINT1"
0.00130630058948632,0.58125574534277,0.266,0.186,1,"11","DCTN2"
0.00256224626566781,0.616422798847158,0.459,0.374,1,"11","DAPK1"
0.00274683654204715,0.525732278174344,0.266,0.19,1,"11","EHBP1L1"
0.00285300860623593,0.582059239519081,0.303,0.227,1,"11","LINC01578"
0.00298515620618594,0.529188792089389,0.275,0.2,1,"11","PKIB"
0.00299364923993266,0.545206294962362,0.451,0.361,1,"11","RRBP1"
0.00299647297018354,0.524697717326217,0.25,0.177,1,"11","FAM162A"
0.00308362651156522,0.622364749129522,0.361,0.288,1,"11","IFI6"
0.00310862327500939,0.664584676194512,0.279,0.204,1,"11","KLHL24"
0.0031244761206088,0.515360835597277,0.59,0.487,1,"11","MXD1"
0.00333395417599643,1.12930157529072,0.365,0.28,1,"11","ISG15"
0.0045243434826092,0.529255344738041,0.287,0.215,1,"11","SLC6A6"
0.00482918233818392,0.568225316475802,0.254,0.187,1,"11","MOB3A"
0.00492547605796674,0.640656087620471,0.258,0.187,1,"11","EHD4"
0.0070082274288651,0.561475423827352,0.336,0.267,1,"11","PTBP3"
0.00925482100765853,0.525885276216895,0.299,0.234,1,"11","RPS19BP1"
0.00959041888110795,0.561983583018622,0.484,0.425,1,"11","TMEM123"
